area_ha,perimeter_m,shape_idx,par,size_class
3.7506756756745743,1400.0720720719546,2.0393450102437662,373.28529394110996,Micro (<10 ha)
3.250585585584631,800.054054053966,1.2517961041867516,246.12613111987113,Micro (<10 ha)
2.5004504504497165,700.0360360359773,1.2488386711470403,279.96397045583245,Micro (<10 ha)
2.5004504504497165,1000.054054053966,1.7840598364221631,399.9495586381654,Micro (<10 ha)
2.750495495494688,900.054054053966,1.5309400741867853,327.2334223154536,Micro (<10 ha)
3.250585585588124,1100.090090090409,1.7212443109950142,338.42828042054805,Micro (<10 ha)
3.500630630630767,1100.090090090409,1.6586325201320362,314.2548318193135,Micro (<10 ha)
5.250945945946732,1700.1801801803522,2.0930097106133236,323.78550411335726,Micro (<10 ha)
8.251486486495706,2300.1981981988065,2.2588855669896604,278.76167548274924,Micro (<10 ha)
4.25076576576801,1300.1081081083976,1.7788566334554132,305.85268155172025,Micro (<10 ha)
7.7513963964011054,2100.126126126852,2.1278963633025563,270.93519912127306,Micro (<10 ha)
3.250585585589288,1200.090090090409,1.8777082521300408,369.1919681828185,Micro (<10 ha)
6.001081081088632,1600.1261261263862,1.8426147227923224,266.6396445082048,Micro (<10 ha)
7.0012612612638625,2100.162162162829,2.2390291905162285,299.9691175335042,Micro (<10 ha)
14.25256756756804,3400.1621621623635,2.5406693232705457,238.56488636472002,Small (10-50 ha)
4.000720720725367,900.0720720724203,1.2694138623047682,224.97748153468436,Micro (<10 ha)
5.000900900907582,1300.090090090409,1.6400020526525612,259.9711763643354,Micro (<10 ha)
10.501891891895793,2000.1801801803522,1.7411268621669682,190.45903355031408,Small (10-50 ha)
2.5004504504497165,800.054054053966,1.4272671552285743,319.9639704558324,Micro (<10 ha)
4.250765765771503,1500.0720720724203,2.0524548223520918,352.89455000119517,Micro (<10 ha)
18.253288288295735,3000.234234234318,1.9809780971984927,164.36678076016094,Small (10-50 ha)
13.502432432450586,3600.252252252307,2.7638978775693723,266.63730925990563,Small (10-50 ha)
5.75103603603784,1300.090090090409,1.5293097996232792,226.06189249095755,Micro (<10 ha)
3.7506756756769026,1300.090090090409,1.893711253141945,346.62823515279695,Micro (<10 ha)
18.253288288298062,3900.34234234225,2.575296509716425,213.67888792085245,Small (10-50 ha)
12.002162162169116,2300.180180180352,1.8729542960872139,191.6471506634474,Small (10-50 ha)
9.501711711713579,2400.1981981988065,2.196550784379835,252.60692715396482,Micro (<10 ha)
17.503153153154997,4800.324324324727,3.236737669016064,274.25483181922874,Small (10-50 ha)
3.750675675678067,1100.1081081083976,1.6024174938925746,293.30931363707265,Micro (<10 ha)
7.0012612612638625,1800.1261261263862,1.9191541565804968,257.1145482151924,Micro (<10 ha)
3.2505855855869594,900.1081081083976,1.408344620425601,276.90644790263684,Micro (<10 ha)
4.0007207207218745,1500.1621621623635,2.115749064372265,374.9729778417725,Micro (<10 ha)
5.751036036039004,1500.1261261263862,1.7646143162249783,260.8445011865358,Micro (<10 ha)
4.500810810812982,1100.1081081083976,1.4628003465765467,244.42442803093184,Micro (<10 ha)
2.5004504504497165,1000.0900900899433,1.7841241233916427,399.9639704558324,Micro (<10 ha)
2.5004504504497165,800.0900900899433,1.427331442198054,319.97838227349945,Micro (<10 ha)
2.750495495494688,900.1081081079319,1.5310320170173475,327.2530747940904,Micro (<10 ha)
3.7506756756745743,1100.108108107932,1.6024174938926425,293.30931363722163,Micro (<10 ha)
14.752657657657982,2600.198198198341,1.9097054554110389,176.25286633345007,Small (10-50 ha)
8.501531531532528,2200.180180180352,2.128652313657479,258.7980967923008,Micro (<10 ha)
3.0005405405396597,700.054054053966,1.1400578609727978,233.3093136372216,Micro (<10 ha)
16.502972972972785,3900.3063063062727,2.7083992757250948,236.33961666748618,Small (10-50 ha)
7.001261261259206,2100.1801801798865,2.239048399922263,299.9716910724398,Micro (<10 ha)
3.0005405405396597,900.1081081079319,1.4658515559352716,299.9819852279162,Micro (<10 ha)
2.5004504504497165,800.0720720719546,1.4272992987133142,319.97117636466595,Micro (<10 ha)
2.5004504504497165,1000.0900900899433,1.7841241233916427,399.9639704558324,Micro (<10 ha)
2.750495495494688,1100.1261261259206,1.8712511382622512,399.9737966951509,Micro (<10 ha)
3.0005405405396597,1200.0900900899433,1.9543807126886847,399.9579655318045,Micro (<10 ha)
21.5038738738792,4400.378378378693,2.676866655907326,204.63189117398244,Small (10-50 ha)
5.500990990989376,1400.1441441439092,1.6840204051841876,254.5258020668177,Micro (<10 ha)
10.00180180180003,2800.252252252307,2.4977737727485696,279.9747793190967,Small (10-50 ha)
13.502432432430796,3100.3063063062727,2.3800915656563877,229.61094764375989,Small (10-50 ha)
3.0005405405396597,1100.0900900899433,1.79152787948662,366.6306371224991,Micro (<10 ha)
3.0005405405396597,1100.108108107932,1.7915572223394014,366.636642046527,Micro (<10 ha)
3.250585585584631,1100.0720720719546,1.721216119294151,338.42273741397344,Micro (<10 ha)
10.251846846845002,3000.2702702702954,2.6433483011559047,292.65656374818224,Small (10-50 ha)
3.250585585584631,1100.108108107932,1.72127250269627,338.4338234275634,Micro (<10 ha)
19.503513513507787,3700.306306305807,2.363612706681997,189.72511305427304,Small (10-50 ha)
3.250585585584631,1100.1261261259206,1.7213006943973297,338.4393664343584,Micro (<10 ha)
8.001441441439091,1800.1981981978752,1.795276206598877,224.98423707442672,Micro (<10 ha)
6.251126126124291,2000.1621621618979,2.2567380140228113,319.96829400113256,Micro (<10 ha)
3.250585585584631,1200.108108107932,1.8777364438317168,369.1975111899992,Micro (<10 ha)
2.5004504504497165,900.1081081079319,1.6057599262795883,359.97838227349945,Micro (<10 ha)
4.750855855854461,1900.1441441439092,2.4592104106589012,399.9582815804376,Micro (<10 ha)
39.25707207207335,8000.738738738932,3.602186582760888,203.803756022612,Small (10-50 ha)
3.500630630629603,1100.108108107932,1.6586596863344998,314.2599788970232,Micro (<10 ha)
2.5004504504497165,1000.0900900899433,1.7841241233916427,399.9639704558324,Micro (<10 ha)
3.250585585584631,1000.054054053966,1.564723986457645,307.65350664474266,Micro (<10 ha)
4.500810810809489,1500.108108107932,1.9946754725920117,333.29730378916577,Micro (<10 ha)
8.251486486484064,2500.162162161898,2.455258085006567,302.9953652905042,Micro (<10 ha)
4.500810810809489,1200.108108107932,1.595769128080374,266.64264697055495,Micro (<10 ha)
3.7506756756745743,1500.0900900899433,2.185031257436456,399.95196060777664,Micro (<10 ha)
3.7506756756745743,1200.1441441439092,1.7481299861307216,319.98078424311063,Micro (<10 ha)
18.003243243240284,4000.3783783782274,2.659627192636913,222.20320662946426,Small (10-50 ha)
22.003963963963326,4700.414414414205,2.8267067429454533,213.61671115769144,Small (10-50 ha)
39.007027027029544,10000.864864865318,4.517115562319721,256.3862367141006,Small (10-50 ha)
36.75662162161782,6500.61261261208,3.024694804322438,176.85555216502402,Small (10-50 ha)
4.000720720719546,900.0720720719546,1.2694138623050348,224.9774815348953,Micro (<10 ha)
2.5004504504497165,700.0720720719546,1.2489029581165199,279.97838227349945,Micro (<10 ha)
4.500810810809489,1400.108108107932,1.8617066910881326,311.0790848496288,Micro (<10 ha)
24.504414414417695,3900.2702702702954,2.2226322230294397,159.16602634566482,Small (10-50 ha)
5.000900900899433,1300.108108107932,1.6400247815293403,259.9747793190827,Micro (<10 ha)
2.750495495494688,800.0720720719546,1.3608764849796144,290.8828876042418,Micro (<10 ha)
3.250585585584631,1200.0900900899433,1.8777082521306572,369.1919681832042,Micro (<10 ha)
10.751936936933781,3000.3243243237957,2.581189659994481,279.04965792883667,Small (10-50 ha)
3.0005405405396597,1200.1801801798865,1.9545274269525916,399.98799015194413,Micro (<10 ha)
45.25815315314685,10200.810810810886,4.277414596562979,225.39167199980216,Small (10-50 ha)
9.25166666666395,2100.1801801798865,1.947787772455081,227.0056040548193,Micro (<10 ha)
6.001081081079319,1700.108108107932,1.9577483169556564,283.30030625117973,Micro (<10 ha)
3.500630630629603,1200.108108107932,1.809432112617878,342.8262603907135,Micro (<10 ha)
2.5004504504497165,800.0360360359773,1.4272350117438346,319.9567645469989,Micro (<10 ha)
4.750855855854461,1300.108108107932,1.6826299227322874,273.65766244113973,Micro (<10 ha)
5.751036036034347,1300.108108107932,1.5293309944093803,226.06502549485455,Micro (<10 ha)
3.250585585584631,1000.0900900899433,1.564780369859764,307.66459265833265,Micro (<10 ha)
3.250585585584631,1300.108108107932,2.0342003849671633,399.961198952435,Micro (<10 ha)
11.001981981978751,2200.198198197875,1.87120516684697,199.98198522791623,Small (10-50 ha)
12.25220720720361,3000.27027026983,2.4179553678723793,244.8759002790811,Small (10-50 ha)
13.75247747747344,4100.342342341784,3.119067078588356,298.15299454648414,Small (10-50 ha)
31.505675675666424,7800.486486485694,3.920327579193844,247.5898808451977,Small (10-50 ha)
9.751756756757386,2300.198198198341,2.0778725076076574,235.87526387021913,Micro (<10 ha)
4.000720720723039,900.1081081083976,1.269464685616994,224.98648892085714,Micro (<10 ha)
17.253108108104207,4000.3783783782274,2.716830020538959,231.86421561336834,Small (10-50 ha)
2.500450450455537,700.036036036443,1.2488386711464172,279.96397045536696,Micro (<10 ha)
5.250945945951389,1300.090090090409,1.6004781228196183,247.59159653753645,Micro (<10 ha)
3.000540540543152,1100.036036036443,1.7914398509279914,366.6126223501438,Micro (<10 ha)
2.5004504504520444,1000.0900900904089,1.7841241233916427,399.9639704556463,Micro (<10 ha)
16.502972972976277,3600.2522522527725,2.5000396960264597,218.15779848565518,Small (10-50 ha)
4.000720720725367,1000.0720720724203,1.4104485529359236,249.97297784162703,Micro (<10 ha)
9.501711711715906,2500.2162162163295,2.2880826654106188,263.1332429433199,Micro (<10 ha)
15.00270270270179,3900.3243243242614,2.840606247280874,259.97477931905325,Small (10-50 ha)
13.252387387389318,2900.234234234318,2.2474036474949686,218.84617084119634,Small (10-50 ha)
3.7506756756769026,1300.090090090409,1.893711253141945,346.62823515279695,Micro (<10 ha)
3.750675675679231,900.0900900904089,1.3110712445525163,239.98078424293686,Micro (<10 ha)
4.000720720719546,1400.0900900899433,1.974612727117253,349.95946676281153,Micro (<10 ha)
2.750495495494688,1100.0720720719546,1.8711591954316888,399.954144216514,Micro (<10 ha)
2.750495495494688,1000.0900900899433,1.7010956062245182,363.60360950530224,Micro (<10 ha)
5.75103603603784,1600.1441441443749,1.8822665745260958,278.2358055344041,Micro (<10 ha)
3.250585585584631,900.0720720719546,1.408288237023258,276.8953618891019,Micro (<10 ha)
3.0005405405396597,800.054054053966,1.3029106941748627,266.636642046527,Micro (<10 ha)
7.501351351352642,2200.1621621623635,2.2661048782981315,293.3021077283136,Micro (<10 ha)
3.500630630633095,1200.1441441443749,1.8094864450234567,342.83655454598096,Micro (<10 ha)
2.5004504504497165,900.054054053966,1.6056634958253688,359.9567645469989,Micro (<10 ha)
57.260315315320625,13600.97297297325,5.070352788083587,237.5287823351221,Medium (50-200 ha)
14.752657657667296,3200.270270270761,2.3504260552747747,216.92838975406625,Small (10-50 ha)
8.751576576578664,2200.180180180352,2.0980226259362738,251.4038654553474,Micro (<10 ha)
8.00144144144142,2100.1981981988065,2.0944559649832293,262.4774815349353,Micro (<10 ha)
2.5004504504497165,700.054054053966,1.24887081463178,279.97117636466595,Micro (<10 ha)
5.7510360360355115,1900.1621621623635,2.2351809598569963,330.40345257030316,Micro (<10 ha)
12.752297297297046,3500.324324324727,2.7650891590094187,274.4857842254548,Small (10-50 ha)
20.25364864866249,5100.396396396682,3.1970347904988348,251.82605291879108,Small (10-50 ha)
3.250585585584631,1100.0900900899433,1.7212443109952107,338.42828042076843,Micro (<10 ha)
7.751396396396449,2600.252252252307,2.634635721352108,335.4559771270554,Micro (<10 ha)
132.52387387389084,19901.74774774909,4.876848047178397,150.17481126976043,Medium (50-200 ha)
11.752117117115995,2800.270270270761,2.3042890826407967,238.27794110325848,Small (10-50 ha)
3.0005405405396597,1200.0900900899433,1.9543807126886847,399.9579655318045,Micro (<10 ha)
6.001081081081647,2000.2342342343181,2.3033565847448787,333.3123160991839,Micro (<10 ha)
3.500630630629603,1100.108108107932,1.6586596863344998,314.2599788970232,Micro (<10 ha)
78.76418918919283,13501.171171172056,4.291430742646167,171.4125582978075,Medium (50-200 ha)
2.750495495494688,800.0900900899433,1.360907132589802,290.88943843045405,Micro (<10 ha)
3.500630630629603,1400.1261261259206,2.1110041313875243,399.96397045583245,Micro (<10 ha)
6.501171171169262,1400.0900900899433,1.5490136657476214,215.35967185403786,Micro (<10 ha)
4.500810810809489,1500.0900900899433,1.994651514253041,333.2933005064805,Micro (<10 ha)
5.250945945944404,1500.108108107932,1.8467106450489974,285.6834032478564,Micro (<10 ha)
106.51918918921263,15901.477477477398,4.346289197443734,149.28274988303954,Medium (50-200 ha)
113.2704054054094,17101.261261260603,4.532783564169254,150.97731132905352,Medium (50-200 ha)
4.500810810809489,1500.1261261259206,1.9946994309309822,333.30130707185106,Micro (<10 ha)
4.750855855854461,1100.0720720719546,1.423738667643717,231.55239928324497,Micro (<10 ha)
8.501531531529036,2600.252252251841,2.515718041054426,305.85692032176405,Micro (<10 ha)
3.7506756756745743,1500.1621621618979,2.185136237618013,399.97117636466595,Micro (<10 ha)
4.500810810809489,1500.1441441439092,1.994723389269953,333.30531035453635,Micro (<10 ha)
4.500810810809489,1300.108108107932,1.7287379095842532,288.8608659100919,Micro (<10 ha)
3.250585585584631,1000.0900900899433,1.564780369859764,307.66459265833265,Micro (<10 ha)
3.250585585584631,900.054054053966,1.4082600453221983,276.8898188823069,Micro (<10 ha)
2.750495495494688,1000.1081081079319,1.7011262538347056,363.6101603315145,Micro (<10 ha)
2.5004504504497165,800.0720720719546,1.4272992987133142,319.97117636466595,Micro (<10 ha)
25.004504504500655,5300.504504504148,2.9902200519291195,211.98198522790523,Small (10-50 ha)
5.250945945944404,1500.1441441439092,1.8467550072725498,285.690266018174,Micro (<10 ha)
7.5013513513491485,1800.1441441439092,1.8540976191845986,239.97598030388832,Micro (<10 ha)
13.002342342338524,2400.198198197875,1.877722347981187,184.59736984330084,Small (10-50 ha)
48.25869369369466,9000.756756755989,3.654991002591362,186.5105759779818,Small (10-50 ha)
52.2594144144142,11600.936936936341,4.52695173761325,221.9875034370184,Medium (50-200 ha)
3.0005405405396597,900.0720720719546,1.465792870229709,299.9699753798604,Micro (<10 ha)
2.750495495494688,900.0720720719546,1.5309707217969726,327.23997314166587,Micro (<10 ha)
8.751576576574006,2700.2342342338525,2.574858445587605,308.54260493609456,Micro (<10 ha)
4.750855855854461,1600.1801801798865,2.070990124699918,336.8193497615784,Micro (<10 ha)
16.252927927923157,3200.306306305807,2.239343984904759,196.9064479026919,Small (10-50 ha)
16.002882882878183,2400.216216215864,1.6925687575106654,149.98648892093718,Small (10-50 ha)
5.000900900899433,1300.108108107932,1.6400247815293403,259.9747793190827,Micro (<10 ha)
3.500630630629603,1100.0900900899433,1.65863252013161,314.25483181928496,Micro (<10 ha)
2.750495495497016,900.0720720724203,1.5309707217971167,327.23997314155815,Micro (<10 ha)
25.50459459458827,6100.558558558114,3.4076537186133957,239.1944924250068,Small (10-50 ha)
6.251126126125455,2100.1621621623635,2.3695657665281225,335.96541163761106,Micro (<10 ha)
3.000540540544316,1000.1081081083976,1.628704389136831,333.3093136368596,Micro (<10 ha)
4.250765765769175,1200.090090090409,1.6420082331515975,282.32326978695636,Micro (<10 ha)
11.001981981979917,2300.180180180352,1.9562369614508477,209.06961890573936,Small (10-50 ha)
2.500450450453209,900.0540540544316,1.605663495825078,359.9567645466824,Micro (<10 ha)
12.252207207207102,2900.252252252307,2.337349595136886,236.71263497292918,Small (10-50 ha)
3.000540540541988,900.0900900904089,1.46582221308268,299.97598030381073,Micro (<10 ha)
8.251486486485227,2300.234234234318,2.2589209558026204,278.76604270052167,Micro (<10 ha)
70.01261261261068,13801.297297297046,4.652933408800239,197.12587178629516,Medium (50-200 ha)
17.753198198211614,4700.360360360239,3.146936084088104,264.76132964221256,Small (10-50 ha)
11.252027027033037,2100.198198198341,1.7662003488719,186.6506535358124,Small (10-50 ha)
14.75265765766264,2800.2882882887498,2.0566608439976704,189.8158523887565,Small (10-50 ha)
6.251126126127783,2000.1621621628292,2.256738014023232,319.9682940011028,Micro (<10 ha)
4.000720720723039,1100.0900900908746,1.5515086552241155,274.9729778418671,Micro (<10 ha)
11.50207207206986,3300.3603603602387,2.7451645882942755,286.9361572141776,Small (10-50 ha)
3.000540540541988,800.0720720724203,1.302940037027897,266.6426469705032,Micro (<10 ha)
4.750855855859117,1200.090090090409,1.5531842951878436,252.60503086204275,Micro (<10 ha)
38.2568918918923,7300.666666666511,3.329681905593017,190.83271812297238,Small (10-50 ha)
59.260675675680396,11200.936936937273,4.104555388986344,189.01129305776635,Medium (50-200 ha)
3.000540540543152,1100.1081081083976,1.791557222339117,366.6366420462555,Micro (<10 ha)
2.750495495494688,800.0720720719546,1.3608764849796144,290.8828876042418,Micro (<10 ha)
3.750675675678067,1400.1081081088632,2.0393975003349514,373.29490181945533,Micro (<10 ha)
3.7506756756769026,1200.1081081083976,1.7480774960400787,319.9711763645915,Micro (<10 ha)
4.25076576576801,1200.1081081083976,1.6420328860792373,282.32750855693575,Micro (<10 ha)
7.7513963964011054,2300.1621621623635,2.330577501503736,296.74165073409296,Micro (<10 ha)
23.254189189190512,3500.34234234225,2.0476465255355856,150.52523714606014,Small (10-50 ha)
4.250765765764518,1200.0720720719546,1.6419835802244447,282.3190310172541,Micro (<10 ha)
8.001441441447241,2400.198198198341,2.3936357233655787,299.97072599511654,Micro (<10 ha)
6.75121621621889,2200.234234234318,2.388762525020738,325.90190622965844,Micro (<10 ha)
88.01585585586028,13301.225225225091,3.999505120046337,151.12305727058913,Medium (50-200 ha)
2.5004504504497165,800.0720720719546,1.4272992987133142,319.97117636466595,Micro (<10 ha)
6.751216216215398,2100.2162162163295,2.2801744076514674,311.08709141501475,Micro (<10 ha)
3.250585585584631,1300.0900900899433,2.034172193266104,399.95565594563993,Micro (<10 ha)
25.25454954955145,3600.2882882892154,2.020982404418991,142.5599882993423,Small (10-50 ha)
4.000720720719546,1400.0720720719546,1.974587315461325,349.9549630697906,Micro (<10 ha)
3.7506756756745743,1400.1261261259206,2.0394237453799335,373.29970575877695,Micro (<10 ha)
2.5004504504497165,1000.0720720719546,1.7840919799069028,399.9567645469989,Micro (<10 ha)
12.75229729729588,2600.288288288284,2.0541036458478747,203.9074393944434,Small (10-50 ha)
4.000720720719546,1400.1621621618979,1.9747143737409658,349.97748153489533,Micro (<10 ha)
9.001621621618979,2000.1801801798865,1.8806319527896282,222.2022058087958,Micro (<10 ha)
5.500990990989376,1500.1261261259206,1.8042735223455013,272.7010694224236,Micro (<10 ha)
4.250765765764518,1300.0900900899433,1.7788319805280919,305.84844278195993,Micro (<10 ha)
12.752297297297046,3100.3063063062727,2.449094016118011,243.11747397572108,Small (10-50 ha)
17.503153153149178,5000.414414414205,3.37165337221352,285.6864914945069,Small (10-50 ha)
5.250945945944404,1600.1621621618979,1.969882358942882,304.7378850657931,Micro (<10 ha)
3.250585585584631,800.0720720719546,1.2518242958878112,246.13167412666613,Micro (<10 ha)
4.250765765764518,1200.054054053966,1.6419589272970299,282.314792247352,Micro (<10 ha)
10.251846846847329,2000.2342342343181,1.7622798243773654,195.109648448312,Small (10-50 ha)
13.252387387388152,3900.34234234225,3.0223916065778105,294.31243053263546,Small (10-50 ha)
3.500630630629603,800.054054053966,1.2062609088756957,228.54569318273747,Micro (<10 ha)
2.750495495494688,900.0720720719546,1.5309707217969726,327.23997314166587,Micro (<10 ha)
9.25166666666395,2600.2882882878184,2.411607242361153,281.0616056518013,Micro (<10 ha)
6.751216216214234,1800.1621621618979,1.954410055541466,266.64264697055495,Micro (<10 ha)
2.5004504504497165,800.0720720719546,1.4272992987133142,319.97117636466595,Micro (<10 ha)
2.750495495494688,800.0720720719546,1.3608764849796144,290.8828876042418,Micro (<10 ha)
3.500630630629603,1300.108108107932,1.9602045389012566,371.39254188440384,Micro (<10 ha)
5.000900900899433,1000.1081081079319,1.2615889950047656,199.98558818233298,Micro (<10 ha)
3.7506756756745743,1400.108108107932,2.0393975003345446,373.29490181955464,Micro (<10 ha)
2.5004504504497165,900.0720720719546,1.6056956393101085,359.9639704558324,Micro (<10 ha)
3.7506756756745743,1300.108108107932,1.893737498187244,346.6330390921103,Micro (<10 ha)
5.000900900899433,1600.108108107932,2.018460568053915,319.9639704558324,Micro (<10 ha)
2.750495495494688,800.0900900899433,1.360907132589802,290.88943843045405,Micro (<10 ha)
5.751036036034347,1000.0720720719546,1.1763954142926405,173.89424545521695,Micro (<10 ha)
2.750495495494688,900.0720720719546,1.5309707217969726,327.23997314166587,Micro (<10 ha)
19.253468468462817,3400.27027026983,2.186019427357204,176.60559580937183,Small (10-50 ha)
4.000720720719546,1500.0720720719546,2.115622006092583,374.95045937676963,Micro (<10 ha)
24.254369369362248,4900.450450449716,2.8069590490257457,202.04402661731916,Small (10-50 ha)
3.250585585584631,800.0720720719546,1.2518242958878112,246.13167412666613,Micro (<10 ha)
336.3105855855915,40203.1531531536,6.184219783178947,119.54174170031244,Large (200-500 ha)
19.003423423419008,3700.3603603602387,2.394545895223923,194.72072362499026,Small (10-50 ha)
35.006306306304175,8800.792792793363,4.1960796147037795,251.40592428651794,Small (10-50 ha)
5.751036036036676,1200.1081081088632,1.4116999308953995,208.67685415094655,Micro (<10 ha)
3.5006306306319313,1000.1081081088632,1.507887260052024,285.69369740340886,Micro (<10 ha)
3.000540540541988,900.0720720724203,1.4657928702298986,299.9699753797828,Micro (<10 ha)
11.252027027024887,3100.3243243242614,2.6072748314596934,275.534738485605,Small (10-50 ha)
2.5004504504520444,1000.0900900904089,1.7841241233916427,399.9639704556463,Micro (<10 ha)
2.5004504504520444,900.0900900904089,1.6057277827949314,359.971176364517,Micro (<10 ha)
4.750855855861446,1200.1081081083976,1.5532076145222375,252.60882344551553,Micro (<10 ha)
4.750855855866103,1300.0540540544316,1.682559964726505,273.6462846897774,Micro (<10 ha)
2.500450450455537,800.0540540544316,1.4272671552277438,319.96397045527385,Micro (<10 ha)
4.250765765770338,1000.0900900904089,1.368360738399096,235.2729237973359,Micro (<10 ha)
5.75103603603784,1500.1441441443749,1.7646355110113414,260.84763419042923,Micro (<10 ha)
13.752477477482753,2000.1981981983408,1.5215198707254791,145.4427539672987,Small (10-50 ha)
319.8076126126178,41003.585585585795,6.468037137924628,128.21328814099664,Large (200-500 ha)
11.502072072073352,3300.234234234318,2.7450596794546014,286.92519170064816,Small (10-50 ha)
5.250945945949061,1600.1441441443749,1.969860177830806,304.73445368045265,Micro (<10 ha)
3.000540540541988,1100.090090090409,1.7915278794866831,366.6306371223698,Micro (<10 ha)
11.75211711712298,3000.2522522527725,2.468850447554836,255.29461818257136,Small (10-50 ha)
13.002342342347838,3600.3783783791587,2.8166469532992484,276.90229064750474,Small (10-50 ha)
6.001081081092125,2200.126126126386,2.5335407789467794,366.6216297357525,Micro (<10 ha)
3.000540540544316,900.0900900904089,1.465822213082111,299.97598030357796,Micro (<10 ha)
2.7504954954958523,900.0900900904089,1.5310013694076279,327.2465239679089,Micro (<10 ha)
4.250765765766846,1400.1441441443749,1.9157296866866815,329.3863320863991,Micro (<10 ha)
3.0005405405408236,1000.0900900904089,1.6286750462849975,333.30330871321956,Micro (<10 ha)
6.501171171173919,1900.1801801803522,2.102296907402581,292.28274877697703,Micro (<10 ha)
2.750495495494688,1100.0900900899433,1.8711898430418763,399.96069504272634,Micro (<10 ha)
2.5004504504508804,1000.1081081083976,1.7841562668767978,399.97117636466595,Micro (<10 ha)
5.000900900899433,1800.1261261259206,2.270773821279662,359.96036750141565,Micro (<10 ha)
3.7506756756745743,1200.0900900899433,1.748051250994554,319.96637242544364,Micro (<10 ha)
7.0012612612638625,1700.1981981983408,1.812618789164736,242.8417016238332,Micro (<10 ha)
17.003063063070876,2900.270270270761,1.9841292339108674,170.57339959938673,Small (10-50 ha)
3.2505855855857955,1400.1981981983408,2.1908052846082438,430.7526017488347,Micro (<10 ha)
3.0005405405396597,900.1081081079319,1.4658515559352716,299.9819852279162,Micro (<10 ha)
4.000720720719546,1200.108108107932,1.6925687575106654,299.97297784187435,Micro (<10 ha)
6.751216216217727,2000.1621621623635,2.171547166477496,296.26693888985324,Micro (<10 ha)
2.750495495494688,1200.0900900899433,2.0412840798592344,436.3177805801504,Micro (<10 ha)
5.250945945944404,1500.1441441439092,1.8467550072725498,285.690266018174,Micro (<10 ha)
7.001261261259206,2500.216216215864,2.6655356388985303,357.1094011375587,Micro (<10 ha)
35.25635135135264,7300.75675675692,3.46852048902007,207.0763558032451,Small (10-50 ha)
3.7506756756745743,1400.0900900899433,2.039371255289155,373.29009788033227,Micro (<10 ha)
47.5085585585644,10600.972972972784,4.338652512111913,223.1381733020763,Small (10-50 ha)
4.500810810809489,1300.108108107932,1.7287379095842532,288.8608659100919,Micro (<10 ha)
3.500630630629603,1500.1621621618979,2.2618308900766824,428.54054610499924,Micro (<10 ha)
2.5004504504497165,900.054054053966,1.6056634958253688,359.9567645469989,Micro (<10 ha)
2.5004504504497165,900.054054053966,1.6056634958253688,359.9567645469989,Micro (<10 ha)
4.500810810809489,1300.108108107932,1.7287379095842532,288.8608659100919,Micro (<10 ha)
10.501891891889972,2700.2702702702954,2.3505447905477435,257.1222688319201,Small (10-50 ha)
5.500990990989376,1800.1441441439092,2.1651195583614053,327.23997314166587,Micro (<10 ha)
6.001081081079319,1300.108108107932,1.4971309461851694,216.64564943256892,Micro (<10 ha)
3.250585585584631,900.0720720719546,1.408288237023258,276.8953618891019,Micro (<10 ha)
6.751216216214234,1500.1621621618979,1.6287043891373365,222.20620909148107,Micro (<10 ha)
10.501891891892301,3300.3063063067384,2.8728671647833925,314.2582632044279,Small (10-50 ha)
3.7506756756745743,900.0720720719546,1.3110449995072628,239.97598030388832,Micro (<10 ha)
4.750855855854461,1200.108108107932,1.5532076145227767,252.60882344578891,Micro (<10 ha)
17.503153153151505,5200.396396396216,3.5064961808388952,297.11197467639516,Small (10-50 ha)
3.7506756756745743,1200.108108107932,1.7480774960399432,319.97117636466595,Micro (<10 ha)
3.250585585584631,1100.1261261259206,1.7213006943973297,338.4393664343584,Micro (<10 ha)
9.751756756753894,2600.216216215864,2.348892279692864,266.6407993016233,Micro (<10 ha)
10.751936936933781,2200.198198197875,1.8928383152067363,204.63272907042588,Small (10-50 ha)
2.5004504504497165,1100.1441441439092,1.9626168944426565,439.97838227349945,Micro (<10 ha)
72.76310810810304,12901.117117117159,4.2664510266577285,177.3029967047335,Medium (50-200 ha)
6.501171171169262,1900.1801801798865,2.102296907402819,292.28274877711476,Micro (<10 ha)
5.000900900899433,1500.1261261259206,1.8923380347550873,299.97117636466595,Micro (<10 ha)
4.250765765764518,1400.108108107932,1.9156803808317389,329.3778545466658,Micro (<10 ha)
49.75896396395983,9600.918918919284,3.8394781938422624,192.94852935188084,Small (10-50 ha)
5.250945945944404,1600.1441441439092,1.9698601778311058,304.73445368063426,Micro (<10 ha)
3.250585585584631,1300.1441441439092,2.0342567683692825,399.972284966025,Micro (<10 ha)
4.000720720719546,1600.1261261259206,2.2567329316916256,399.95946676281153,Micro (<10 ha)
3.0005405405396597,800.0720720719546,1.302940037027644,266.64264697055495,Micro (<10 ha)
5.250945945944404,1600.1801801798865,1.9699045400546582,304.74131645095184,Micro (<10 ha)
169.0304504504532,30402.66666666791,6.596662596458623,179.86502778432603,Medium (50-200 ha)
7.751396396394121,2900.216216215864,2.9385661472918865,374.1540321128485,Micro (<10 ha)
3.0005405405396597,800.054054053966,1.3029106941748627,266.636642046527,Micro (<10 ha)
3.0005405405396597,900.054054053966,1.4657635273769276,299.96397045583245,Micro (<10 ha)
4.000720720719546,1400.108108107932,1.9746381387731813,349.9639704558325,Micro (<10 ha)
8.751576576574006,2200.162162161898,2.098005444521086,251.4018066243327,Micro (<10 ha)
3.250585585584631,800.054054053966,1.2517961041867516,246.12613111987113,Micro (<10 ha)
7.751396396394121,1900.108108107932,1.9252334813733807,245.1310719952143,Micro (<10 ha)
10.251846846843836,2300.162162161898,2.026527344546973,224.3656383600807,Small (10-50 ha)
3.500630630629603,1300.108108107932,1.9602045389012566,371.39254188440384,Micro (<10 ha)
7.001261261259206,1700.1441441439092,1.8125611609459953,242.83398100732086,Micro (<10 ha)
3.7506756756757387,1300.1261261263862,1.8937637432330172,346.6378430313492,Micro (<10 ha)
4.250765765765681,1100.1261261263862,1.5052337916308889,258.8065743321951,Micro (<10 ha)
7.001261261262698,1600.1441441443749,1.7059489559051408,228.55084026042817,Micro (<10 ha)
3.7506756756757387,1000.0900900904089,1.4567312467004048,266.64264697059633,Micro (<10 ha)
2.750495495497016,800.0720720724203,1.3608764849798305,290.88288760416486,Micro (<10 ha)
2.5004504504508804,1000.0540540544316,1.7840598364225784,399.94955863816546,Micro (<10 ha)
11.001981981988065,2400.234234234784,2.0413300512744437,218.16380340963437,Small (10-50 ha)
6.751216216222383,2100.234234234318,2.2801939695521423,311.0897602698164,Micro (<10 ha)
6.251126126130112,2100.1621621623635,2.3695657665272396,335.9654116373608,Micro (<10 ha)
2.500450450453209,800.0720720724203,1.4272992987131479,319.97117636440527,Micro (<10 ha)
5.500990990995197,1700.126126126852,2.0448230989341485,309.05815495968994,Micro (<10 ha)
2.5004504504543728,1100.0900900908746,1.9625204639882707,439.9567645465521,Micro (<10 ha)
15.252747747745598,4000.252252252307,2.8894048833483,262.26436825742144,Small (10-50 ha)
3.500630630633095,1300.1801801803522,1.960313203712539,371.41313019511927,Micro (<10 ha)
2.75049549549818,1100.1081081083976,1.8712204906516678,399.96724586860006,Micro (<10 ha)
6.001081081088632,1400.090090090409,1.6122645403468954,233.3063111749232,Micro (<10 ha)
5.250945945945569,2100.234234234318,2.5854969361830538,399.97254891872944,Micro (<10 ha)
4.25076576576801,1100.090090090409,1.5051844857756465,258.7980967922492,Micro (<10 ha)
5.250945945950225,1200.090090090409,1.4773729522613077,228.54740887515223,Micro (<10 ha)
7.00126126126619,1700.1441441443749,1.8125611609455878,242.8339810071451,Micro (<10 ha)
2.5004504504497165,800.054054053966,1.4272671552285743,319.9639704558324,Micro (<10 ha)
8.501531531532528,2600.2702702702954,2.515735473306511,305.85903970664424,Micro (<10 ha)
3.500630630633095,1200.126126126852,1.8094592788212691,342.83140746837574,Micro (<10 ha)
3.7506756756745743,1400.0720720719546,2.0393450102437662,373.28529394110996,Micro (<10 ha)
20.00360360360355,4600.360360360704,2.90156831878221,229.97658079627072,Small (10-50 ha)
6.75121621621889,1700.1441441443749,1.8458219381714376,251.82783215563543,Micro (<10 ha)
5.500990990989376,1300.108108107932,1.5637022746239018,236.34070847189338,Micro (<10 ha)
439.3291441441743,47104.32432432426,6.339585148803972,107.21875603332629,Large (200-500 ha)
2.5004504504497165,800.0720720719546,1.4272992987133142,319.97117636466595,Micro (<10 ha)
24.754459459458012,4600.324324324261,2.608295516860573,185.83820551034498,Small (10-50 ha)
12.25220720720943,3100.2702702702954,2.4985466196614508,253.03769499148186,Small (10-50 ha)
2.750495495494688,1100.108108107932,1.8712204906520638,399.9672458689386,Micro (<10 ha)
4.750855855855625,1400.1441441443749,1.8120988696117282,294.71408660370946,Micro (<10 ha)
4.500810810809489,1800.108108107932,2.3935818171036494,399.9519606077766,Micro (<10 ha)
58.0104504504567,8100.684684684966,3.000293056330716,139.64181663445765,Medium (50-200 ha)
25.254549549550283,7400.720720720477,4.154313532403983,293.0450494157503,Small (10-50 ha)
22.00396396397031,5300.468468469102,3.187563614527859,240.88698187054774,Small (10-50 ha)
74.76346846845932,13901.135135135148,4.535243531651607,185.93486123506509,Medium (50-200 ha)
2.5004504504497165,1000.0720720719546,1.7840919799069028,399.9567645469989,Micro (<10 ha)
3.0005405405396597,1200.1261261259206,1.9544393983942476,399.96997537986033,Micro (<10 ha)
3.0005405405396597,900.0900900899433,1.4658222130824903,299.97598030388826,Micro (<10 ha)
2.750495495494688,1000.054054053966,1.7010343110041433,363.5905078528777,Micro (<10 ha)
3.7506756756745743,1200.108108107932,1.7480774960399432,319.97117636466595,Micro (<10 ha)
6.001081081079319,1400.108108107932,1.6122852888777912,233.3093136372216,Micro (<10 ha)
3.500630630629603,1300.108108107932,1.9602045389012566,371.39254188440384,Micro (<10 ha)
8.251486486484064,2100.1801801798865,2.062459965756136,254.52143484934285,Micro (<10 ha)
8.751576576574006,2000.1441441439092,1.9072745529436597,228.54672259828513,Micro (<10 ha)
62.51126126126619,13201.08108108025,4.710049113571704,211.17924698249573,Medium (50-200 ha)
23.004144144144377,6400.576576576568,3.7645331490522156,278.2358055344481,Small (10-50 ha)
5.250945945944404,1400.1261261259206,1.7236276556022176,266.64264697055495,Micro (<10 ha)
108.26950450450764,22201.783783784602,6.01907648872719,205.060361967947,Medium (50-200 ha)
6.251126126124291,1600.108108107932,1.805366016028558,255.97117636466595,Micro (<10 ha)
120.77175675675622,16401.369369368535,4.210100717247485,135.80467660499613,Medium (50-200 ha)
3.500630630629603,1000.0720720719546,1.5078329276453422,285.6834032478564,Micro (<10 ha)
4.250765765764518,1400.108108107932,1.9156803808317389,329.3778545466658,Micro (<10 ha)
10.50189189189463,2800.3243243242614,2.4376403446919332,266.64950974076913,Small (10-50 ha)
8.001441441439091,2300.27027026983,2.293981012255336,287.48198522791625,Micro (<10 ha)
2.750495495494688,900.0900900899433,1.53100136940716,327.24652396787815,Micro (<10 ha)
3.0005405405396597,1000.0900900899433,1.6286750462845552,333.3033087131937,Micro (<10 ha)
4.500810810809489,1300.1261261259206,1.728761867923224,288.8648691927772,Micro (<10 ha)
229.54135135134672,36803.11711711623,6.8525025316333625,160.33327720887928,Large (200-500 ha)
12.752297297297046,3200.2702702702954,2.5280607767486423,250.95637246071882,Small (10-50 ha)
6.501171171169262,1600.1441441439092,1.7703468969526928,246.13167412666613,Micro (<10 ha)
4.750855855854461,1700.1981981978752,2.200435752244203,357.8719813405258,Micro (<10 ha)
4.000720720719546,1100.1441441439092,1.5515848901912637,274.9864889209372,Micro (<10 ha)
17.00306306305807,2900.27027026983,1.9841292339109775,170.5733995994604,Small (10-50 ha)
2.5004504504497165,800.0720720719546,1.4272992987133142,319.97117636466595,Micro (<10 ha)
6.251126126124291,1900.1621621618979,2.143910261517805,303.97117636466595,Micro (<10 ha)
14.502612612616504,3600.34234234225,2.666955337877626,248.25474130158747,Small (10-50 ha)
4.250765765764518,1100.0900900899433,1.5051844857756278,258.7980967923523,Micro (<10 ha)
2.5004504504497165,1000.0720720719546,1.7840919799069028,399.9567645469989,Micro (<10 ha)
6.251126126124291,1600.1441441439092,1.8054066746780433,255.97694109173275,Micro (<10 ha)
2.5004504504497165,1100.0720720719546,1.9624883205036974,439.9495586381654,Micro (<10 ha)
9.25166666666395,1900.1261261259206,1.7622499581314515,205.3820348902697,Micro (<10 ha)
3.0005405405396597,1200.054054053966,1.954322026983122,399.94595568374865,Micro (<10 ha)
3.250585585584631,1100.1441441439092,1.7213288860983893,338.44490944115347,Micro (<10 ha)
6.001081081079319,1300.1261261259206,1.4971516947153505,216.64865189458288,Micro (<10 ha)
7.5013513513491485,1600.1261261259206,1.6480847106030245,213.31171560683282,Micro (<10 ha)
5.751036036034347,1300.108108107932,1.5293309944093803,226.06502549485455,Micro (<10 ha)
5.250945945946732,1700.1801801803522,2.0930097106133236,323.78550411335726,Micro (<10 ha)
30.75554054053966,6800.630630631,3.4592549658317355,221.11887845596198,Small (10-50 ha)
9.25166666666977,2300.180180180352,2.133275454972467,248.6233305904789,Micro (<10 ha)
99.76797297297976,20601.927927928045,5.818450678147813,206.4984114041054,Medium (50-200 ha)
2.7504954954993446,900.0720720724203,1.530970721796469,327.23997314128115,Micro (<10 ha)
5.250945945949061,1100.090090090409,1.3542677817029702,209.5032212127595,Micro (<10 ha)
4.250765765769175,1400.1081081083976,1.9156803808313267,329.37785454641454,Micro (<10 ha)
22.003963963965653,4400.36036036117,2.646262053804955,199.98034752135257,Small (10-50 ha)
16.75301801801892,3100.270270270761,2.1367223655570062,185.05741872516498,Small (10-50 ha)
2.7504954954993446,800.0720720724203,1.3608764849792547,290.8828876039186,Micro (<10 ha)
3.5006306306342596,1000.0900900904089,1.5078600938479307,285.6885503253476,Micro (<10 ha)
4.500810810817638,1600.1261261263862,2.1276682124335546,355.51952601084776,Micro (<10 ha)
8.251486486489885,2500.216216217261,2.455311168225048,303.001916116672,Micro (<10 ha)
43.50783783784602,9100.720720720943,3.892127911238931,209.1742815315113,Small (10-50 ha)
4.000720720723039,1300.1081081083976,1.8336034481417798,324.9684741486861,Micro (<10 ha)
2.5004504504497165,900.054054053966,1.6056634958253688,359.9567645469989,Micro (<10 ha)
2.750495495494688,1000.0720720719546,1.7010649586143307,363.59705867908997,Micro (<10 ha)
25.754639639642555,6100.576576577034,3.391081379208127,236.8729154022713,Small (10-50 ha)
31.00558558558696,6700.720720720943,3.3946626051998736,216.11334197267325,Small (10-50 ha)
3.250585585584631,1000.0720720719546,1.5647521781587044,307.65904965153766,Micro (<10 ha)
5.500990990994032,1700.1621621623635,2.0448664411997863,309.064705785883,Micro (<10 ha)
7.7513963964011054,1800.1621621623635,1.8239659373623671,232.23714413549544,Micro (<10 ha)
12.752297297302867,3700.288288288284,2.923051147018205,290.1664070418827,Small (10-50 ha)
2.5004504504497165,800.0720720719546,1.4272992987133142,319.97117636466595,Micro (<10 ha)
5.250945945950225,1300.1261261263862,1.6005224850433477,247.59845930790897,Micro (<10 ha)
2.5004504504497165,900.0720720719546,1.6056956393101085,359.9639704558324,Micro (<10 ha)
6.751216216217727,2000.2162162163295,2.1716058521830592,296.2749454552238,Micro (<10 ha)
4.500810810809489,1100.1261261259206,1.4628243049154657,244.4284313137033,Micro (<10 ha)
6.751216216217727,2100.216216216795,2.2801744076515797,311.08709141497644,Micro (<10 ha)
3.7506756756745743,1000.0720720719546,1.4567050016545635,266.63784303133264,Micro (<10 ha)
151.02720720721408,27302.630630630534,6.267177079904927,180.7795504896708,Medium (50-200 ha)
7.001261261262698,1900.1981981983408,2.025843199246685,271.4079831175497,Micro (<10 ha)
3.7506756756745743,1200.0900900899433,1.748051250994554,319.96637242544364,Micro (<10 ha)
10.50189189189463,3200.1801801812835,2.785708872980564,304.72415952512193,Small (10-50 ha)
15.75283783783787,3100.288288288284,2.2035238045128147,196.80823989957412,Small (10-50 ha)
5.000900900899433,1700.108108107932,2.1446058302287736,339.96036750141565,Micro (<10 ha)
5.250945945944404,1500.1441441439092,1.8467550072725498,285.690266018174,Micro (<10 ha)
5.500990990989376,1500.108108107932,1.8042518512125107,272.6977940093175,Micro (<10 ha)
3.250585585584631,1300.0900900899433,2.034172193266104,399.95565594563993,Micro (<10 ha)
4.000720720719546,1300.0900900899433,1.8335780364859953,324.96397045583245,Micro (<10 ha)
4.750855855854461,1400.1261261259206,1.8120755502765729,294.7102940200871,Micro (<10 ha)
4.500810810809489,1600.1441441439092,2.127692170773832,355.5235292940733,Micro (<10 ha)
3.7506756756745743,1100.1261261259206,1.6024437389380317,293.314117576444,Micro (<10 ha)
2.5004504504497165,1100.0900900899433,1.962520463988437,439.9567645469989,Micro (<10 ha)
8.501531531529036,2400.162162161898,2.3221328805994923,282.3211504022051,Micro (<10 ha)
32.5058558558533,7600.6846846845,3.760685205074991,233.8250904203112,Small (10-50 ha)
3.250585585584631,1300.0900900899433,2.034172193266104,399.95565594563993,Micro (<10 ha)
2.750495495494688,900.0720720719546,1.5309707217969726,327.23997314166587,Micro (<10 ha)
3.7506756756745743,1200.108108107932,1.7480774960399432,319.97117636466595,Micro (<10 ha)
6.251126126124291,1800.1621621618979,2.0310825090127986,287.97405872819934,Micro (<10 ha)
3.500630630629603,1200.0900900899433,1.8094049464149884,342.8211133129753,Micro (<10 ha)
167.28013513512096,28902.594594595022,6.303905786939205,172.77959855334214,Medium (50-200 ha)
12.002162162158639,2900.198198197875,2.3615274671202378,241.63964450854098,Small (10-50 ha)
3.7506756756745743,1200.108108107932,1.7480774960399432,319.97117636466595,Micro (<10 ha)
5.000900900899433,1500.1441441439092,1.892360763631118,299.9747793190827,Micro (<10 ha)
4.250765765764518,1500.1261261259206,2.052528781135386,352.9072663113717,Micro (<10 ha)
6.751216216214234,2000.1981981978752,2.171586290281261,296.27227660018457,Micro (<10 ha)
4.750855855854461,1700.1621621618979,2.200389113574654,357.8643961733326,Micro (<10 ha)
2.750495495494688,900.0900900899433,1.53100136940716,327.24652396787815,Micro (<10 ha)
2.750495495494688,1100.0900900899433,1.8711898430418763,399.96069504272634,Micro (<10 ha)
5.250945945944404,1300.1441441439092,1.6005446661554377,247.60189069325355,Micro (<10 ha)
21.253828828827245,3600.34234234225,2.2030293178624087,169.39735288820012,Small (10-50 ha)
6.751216216214234,2300.198198197875,2.4972919566853906,340.70871447925845,Micro (<10 ha)
24.254369369362248,5200.432432431728,2.978787567114692,214.4121891291404,Small (10-50 ha)
3.250585585584631,1200.1261261259206,1.8777646355327764,369.2030541967942,Micro (<10 ha)
2.750495495494688,1100.0720720719546,1.8711591954316888,399.954144216514,Micro (<10 ha)
4.250765765764518,1800.1441441439092,2.4630246761914973,423.4870240656852,Micro (<10 ha)
3.250585585584631,1000.0900900899433,1.564780369859764,307.66459265833265,Micro (<10 ha)
39.25707207206404,8900.576576576568,4.007322144859496,226.72543077685003,Small (10-50 ha)
6.751216216214234,2000.1801801798865,2.171566728379407,296.2696077450611,Micro (<10 ha)
22.754099099100568,5200.486486486625,3.0754538723814266,228.55163211854833,Small (10-50 ha)
3.0005405405396597,1300.1261261259206,2.1172922315963123,433.29730378916577,Micro (<10 ha)
6.251126126124291,1500.108108107932,1.6925382635235517,239.97405872819937,Micro (<10 ha)
5.751036036034347,2200.162162161898,2.588074150401046,382.5679666022454,Micro (<10 ha)
3.500630630629603,1400.108108107932,2.110976965184635,399.9588233780942,Micro (<10 ha)
4.500810810809489,1200.0720720719546,1.5957212114024328,266.63464040518437,Micro (<10 ha)
2.750495495494688,1000.1081081079319,1.7011262538347056,363.6101603315145,Micro (<10 ha)
16.002882882878183,3000.27027026983,2.1157109468883317,187.48311115117147,Small (10-50 ha)
7.001261261259206,1900.1441441439092,2.0257855710278467,271.4002625010112,Micro (<10 ha)
9.001621621618979,2300.2342342338525,2.1627521573640007,255.53553914212912,Micro (<10 ha)
16.002882882878183,4400.288288287818,3.102966487135102,274.96847414885343,Small (10-50 ha)
23.00414414414787,5800.558558559045,3.411629361114821,252.1527652674997,Small (10-50 ha)
2.5004504504497165,900.0360360359773,1.605631352340629,359.9495586381654,Micro (<10 ha)
2.7504954954958523,1000.0900900904089,1.70109560622495,363.6036095053176,Micro (<10 ha)
37.00666666666628,10000.972972972319,4.637643249194448,270.2478735265472,Small (10-50 ha)
2.500450450453209,900.0720720728859,1.6056956393106485,359.9639704557021,Micro (<10 ha)
3.7506756756769026,1200.090090090409,1.7480512509946895,319.9663724253692,Micro (<10 ha)
11.502072072073352,2900.3063063062727,2.4124087366048412,252.1551150203727,Small (10-50 ha)
2.5004504504520444,800.0900900904089,1.4273314421982202,319.97838227338775,Micro (<10 ha)
30.005405405402417,7400.648648648523,3.811229529734445,246.64384795534374,Small (10-50 ha)
12.002162162160966,3600.3063063062727,2.9316004118859036,299.97147661084796,Small (10-50 ha)
3.2505855855869594,1100.1081081088632,1.7212725026971107,338.43382342760754,Micro (<10 ha)
3.5006306306354236,1100.0900900908746,1.6586325201316352,314.2548318190285,Micro (<10 ha)
8.501531531531363,2700.2702702702954,2.6124844729037586,317.62162620408486,Micro (<10 ha)
18.753378378376365,4200.41441441467,2.7361975520406294,223.98174503096305,Small (10-50 ha)
2.7504954954993446,900.0900900904089,1.5310013694066562,327.24652396749343,Micro (<10 ha)
4.250765765772667,1500.1261261263862,2.052528781134056,352.9072663108047,Micro (<10 ha)
4.000720720725367,1000.0900900904089,1.4104739645918518,249.97748153464798,Micro (<10 ha)
2.7504954954958523,1100.1261261263862,1.8712511382626469,399.97379669515084,Micro (<10 ha)
6.5011711711704265,1800.1441441443749,1.9916203245291237,276.89536188912393,Micro (<10 ha)
3.0005405405408236,1000.0720720724203,1.6286457034322162,333.2973037891917,Micro (<10 ha)
4.0007207207218745,1300.090090090409,1.8335780364861183,324.9639704557597,Micro (<10 ha)
5.751036036041333,1400.1081081083976,1.6469620579237179,243.45319683862525,Micro (<10 ha)
6.251126126127783,2100.1981981988065,2.369606425177692,335.97117636462724,Micro (<10 ha)
5.000900900899433,1200.0900900899433,1.5138567904784517,239.9747793190827,Micro (<10 ha)
3.7506756756745743,1300.0900900899433,1.8937112531418547,346.62823515288795,Micro (<10 ha)
6.501171171173919,2100.162162162829,2.323550400436119,323.0436650360649,Micro (<10 ha)
3.250585585584631,1100.108108107932,1.72127250269627,338.4338234275634,Micro (<10 ha)
24.75445945946616,6600.6126126125455,3.742420549563475,266.64337484002124,Small (10-50 ha)
11.752117117120651,3000.270270270761,2.468865274238984,255.2961513547142,Small (10-50 ha)
7.501351351351477,1900.1801801803522,1.9571319105499123,253.31171560681625,Micro (<10 ha)
2.5004504504497165,900.0720720719546,1.6056956393101085,359.9639704558324,Micro (<10 ha)
29.755360360367924,7900.684684685897,4.0858008115716,265.5213914064728,Small (10-50 ha)
6.751216216216562,1500.1261261263862,1.6286652653338527,222.2008713812264,Micro (<10 ha)
4.750855855854461,1400.108108107932,1.8120522309417983,294.7065014364905,Micro (<10 ha)
5.250945945944404,2100.162162161898,2.585408211735662,399.9588233780942,Micro (<10 ha)
4.500810810809489,1400.108108107932,1.8617066910881326,311.0790848496288,Micro (<10 ha)
6.751216216214234,2000.1621621618979,2.1715471664775525,296.26693888993753,Micro (<10 ha)
2.5004504504497165,900.054054053966,1.6056634958253688,359.9567645469989,Micro (<10 ha)
4.000720720719546,1600.108108107932,2.256707520035697,399.9549630697906,Micro (<10 ha)
4.500810810809489,1700.1261261259206,2.2606369939387405,377.73774495092493,Micro (<10 ha)
6.751216216215398,2100.1621621623635,2.2801157219459047,311.0790848496442,Micro (<10 ha)
13.752477477476932,2400.180180180352,1.8257799855814654,174.5271122320497,Small (10-50 ha)
4.250765765764518,1000.1081081079319,1.3683853913268107,235.27716256745055,Micro (<10 ha)
2.750495495494688,1000.0900900899433,1.7010956062245182,363.60360950530224,Micro (<10 ha)
8.751576576574006,2900.2342342338525,2.7655721557497293,331.39563013104686,Micro (<10 ha)
6.001081081079319,1700.1621621618979,1.9578105625461997,283.30931363722163,Micro (<10 ha)
3.500630630629603,900.0900900899433,1.3570876675648533,257.12226883190425,Micro (<10 ha)
2.750495495494688,900.1081081079319,1.5310320170173475,327.2530747940904,Micro (<10 ha)
5.000900900899433,1500.108108107932,1.892315305879057,299.9675734102492,Micro (<10 ha)
11.00198198198108,3200.2522522527725,2.721722322349546,290.87961219115874,Small (10-50 ha)
5.751036036034347,1600.1801801798865,1.8823089640984885,278.24207154217345,Micro (<10 ha)
7.251306306304177,1800.1801801798865,1.8858316421872978,248.25598369976962,Micro (<10 ha)
3.0005405405396597,900.0900900899433,1.4658222130824903,299.97598030388826,Micro (<10 ha)
2.5004504504497165,900.054054053966,1.6056634958253688,359.9567645469989,Micro (<10 ha)
2.750495495494688,1000.0720720719546,1.7010649586143307,363.59705867908997,Micro (<10 ha)
6.501171171169262,2000.1801801798865,2.212933621190866,307.66459265833265,Micro (<10 ha)
5.751036036034347,1200.0900900899433,1.4116787361084056,208.67372114702846,Micro (<10 ha)
8.251486486484064,1900.1981981978752,1.8660697533339163,230.28556143313088,Micro (<10 ha)
37.00666666666046,7600.792792792432,3.5246336010791235,205.38982506198093,Small (10-50 ha)
2.750495495494688,800.0720720719546,1.3608764849796144,290.8828876042418,Micro (<10 ha)
7.5013513513491485,2300.198198197875,2.3691391696633173,306.63784303133264,Micro (<10 ha)
3.250585585584631,1400.1261261259206,2.1906925178036696,430.7304297216657,Micro (<10 ha)
2.750495495494688,800.054054053966,1.3608458373694272,290.8763367780295,Micro (<10 ha)
15.752837837833212,3900.2882882878184,2.772122231397746,247.59274033283006,Small (10-50 ha)
7.751396396394121,2500.27027026983,2.5333316647962647,322.5574002940854,Micro (<10 ha)
2.5004504504497165,800.0720720719546,1.4272992987133142,319.97117636466595,Micro (<10 ha)
3.250585585584631,900.0720720719546,1.408288237023258,276.8953618891019,Micro (<10 ha)
29.005225225219036,4800.468468468636,2.5144358978153956,165.503575000507,Small (10-50 ha)
11.252027027023724,2900.306306305807,2.4390659959756054,257.7585620208884,Small (10-50 ha)
8.251486486484064,1600.1621621618979,1.571422504279616,193.92410867823196,Micro (<10 ha)
5.000900900899433,1500.108108107932,1.892315305879057,299.9675734102492,Micro (<10 ha)
78.51414414413622,15401.351351351943,4.90320381277198,196.16021443318735,Medium (50-200 ha)
3.0005405405396597,1000.0720720719546,1.6286457034317738,333.29730378916577,Micro (<10 ha)
8.501531531529036,2400.162162161898,2.3221328805994923,282.3211504022051,Micro (<10 ha)
7.001261261259206,2500.2342342338525,2.6655548483048124,357.1119746764278,Micro (<10 ha)
2.750495495494688,800.0720720719546,1.3608764849796144,290.8828876042418,Micro (<10 ha)
30.005405405400086,7800.738738738,4.017270275390266,259.97778178108194,Small (10-50 ha)
13.252387387383497,2700.252252251841,2.0924367726011504,203.75591003493668,Small (10-50 ha)
3.250585585584631,1000.0720720719546,1.5647521781587044,307.65904965153766,Micro (<10 ha)
3.500630630629603,1200.108108107932,1.809432112617878,342.8262603907135,Micro (<10 ha)
3.0005405405396597,1100.108108107932,1.7915572223394014,366.636642046527,Micro (<10 ha)
29.75536036036443,5600.522522522602,2.8962830920341873,188.21894457654653,Small (10-50 ha)
2.5004504504497165,900.0720720719546,1.6056956393101085,359.9639704558324,Micro (<10 ha)
4.750855855854461,1400.1261261259206,1.8120755502765729,294.7102940200871,Micro (<10 ha)
23.004144144142046,6200.432432432659,3.64681730639289,269.535453854804,Small (10-50 ha)
43.00774774774211,11200.97297297325,4.818118392289126,260.44081728416705,Small (10-50 ha)
5.50099099099054,1900.1621621623635,2.285416017789019,345.4217913234956,Micro (<10 ha)
3.2505855855857955,1000.0720720724203,1.5647521781591527,307.6590496515707,Micro (<10 ha)
26.004684684687525,5200.486486487556,2.8768236748200726,199.98267810375665,Small (10-50 ha)
6.001081081083976,1600.1621621628292,1.8426562198539354,266.6456494325172,Micro (<10 ha)
6.751216216221219,2000.1621621623635,2.171547166476935,296.2669388897,Micro (<10 ha)
3.250585585588124,1000.0900900904089,1.5647803698596516,307.66459265814535,Micro (<10 ha)
5.250945945950225,1500.1261261263862,1.8467328261603233,285.6868346327872,Micro (<10 ha)
2.7504954954958523,1100.1441441443749,1.8712817858728343,399.9803475213631,Micro (<10 ha)
14.752657657656819,3500.3603603602387,2.5708260549970823,237.2698154859919,Small (10-50 ha)
6.001081081083976,1700.1441441443749,1.9577898140157952,283.3063111750654,Micro (<10 ha)
5.250945945951389,1600.1621621623635,1.9698823589421455,304.7378850654764,Micro (<10 ha)
3.000540540543152,1000.1081081083976,1.6287043891371469,333.30931363698886,Micro (<10 ha)
3.0005405405396597,800.054054053966,1.3029106941748627,266.636642046527,Micro (<10 ha)
4.750855855857953,1100.1261261263862,1.4238086256481197,231.5637770339625,Micro (<10 ha)
7.75139639640809,2600.234234234318,2.6346174650775778,335.45365263983115,Micro (<10 ha)
3.250585585591616,1300.090090090409,2.0341721932646464,399.95565594492376,Micro (<10 ha)
3.500630630630767,1400.1261261263862,2.111004131387875,399.96397045583245,Micro (<10 ha)
4.25076576576801,1400.1261261263862,1.915705033759004,329.38209331640684,Micro (<10 ha)
3.250585585584631,900.0720720719546,1.408288237023258,276.8953618891019,Micro (<10 ha)
2.5004504504497165,1000.0720720719546,1.7840919799069028,399.9567645469989,Micro (<10 ha)
4.750855855857953,1600.1621621623635,2.070966805364985,336.81555717783226,Micro (<10 ha)
6.001081081079319,2000.1621621618979,2.303273590624065,333.30030625117973,Micro (<10 ha)
2.5004504504497165,800.0720720719546,1.4272992987133142,319.97117636466595,Micro (<10 ha)
4.000720720719546,1500.108108107932,2.1156728294044393,374.95946676281153,Micro (<10 ha)
4.00072072072071,1500.1441441443749,2.1157236527166443,374.9684741488607,Micro (<10 ha)
9.501711711712414,2900.2702702702954,2.6541937002772693,305.23660980949757,Micro (<10 ha)
2.750495495494688,1200.1261261259206,2.0413453750796093,436.33088223257494,Micro (<10 ha)
2.5004504504508804,1000.1081081083976,1.7841562668767978,399.97117636466595,Micro (<10 ha)
46.758423423421334,9400.774774773978,3.878187356811438,201.0498662379006,Small (10-50 ha)
4.750855855854461,1200.108108107932,1.5532076145227767,252.60882344578891,Micro (<10 ha)
8.251486486491048,2500.234234234318,2.4553288626299516,303.00409972525387,Micro (<10 ha)
4.000720720719546,1100.0900900899433,1.5515086552234791,274.97297784187435,Micro (<10 ha)
2.5004504504497165,1100.108108107932,1.962552607473177,439.9639704558324,Micro (<10 ha)
3.250585585584631,1200.1261261259206,1.8777646355327764,369.2030541967942,Micro (<10 ha)
4.750855855854461,1400.108108107932,1.8120522309417983,294.7065014364905,Micro (<10 ha)
5.000900900899433,1200.108108107932,1.513879519354482,239.97838227349945,Micro (<10 ha)
2.5004504504497165,800.0720720719546,1.4272992987133142,319.97117636466595,Micro (<10 ha)
5.000900900899433,1500.0900900899433,1.8922925770030263,299.96397045583245,Micro (<10 ha)
10.7519369369396,2500.234234234318,2.1509603813989617,232.53803002177742,Small (10-50 ha)
3.500630630629603,1100.0720720719546,1.6586053539287204,314.24968474154673,Micro (<10 ha)
5.250945945944404,1900.1621621618979,2.33919787061855,361.87044805317373,Micro (<10 ha)
6.251126126124291,1300.1261261259206,1.4669030878382814,207.9827058187996,Micro (<10 ha)
11.502072072068694,2900.27027026983,2.412378762650869,252.15198201659368,Small (10-50 ha)
4.000720720719546,1200.108108107932,1.6925687575106654,299.97297784187435,Micro (<10 ha)
5.751036036034347,1700.1261261259206,1.9998764432547258,295.62084387463693,Micro (<10 ha)
7.001261261261534,2000.1981981983408,2.1324554042877613,285.6911238644352,Micro (<10 ha)
3.500630630629603,1400.108108107932,2.110976965184635,399.9588233780942,Micro (<10 ha)
6.751216216215398,2400.2162162163295,2.605880074055569,355.52352929408096,Micro (<10 ha)
279.05027027027324,28602.79279279383,4.8301685318576935,102.50050202456599,Large (200-500 ha)
7.751396396394121,1500.1621621618979,1.5199989988777587,193.53444017645126,Micro (<10 ha)
4.500810810809489,1100.108108107932,1.462800346576495,244.42442803101804,Micro (<10 ha)
2.5004504504497165,800.0900900899433,1.427331442198054,319.97838227349945,Micro (<10 ha)
11.252027027026053,3000.288288288284,2.523147684841621,266.64424828361524,Small (10-50 ha)
3.500630630629603,1200.108108107932,1.809432112617878,342.8262603907135,Micro (<10 ha)
10.251846846843836,2900.27027026983,2.5552446283849273,282.9022237259344,Small (10-50 ha)
3.0005405405396597,900.054054053966,1.4657635273769276,299.96397045583245,Micro (<10 ha)
14.502612612608354,4000.3423423417844,2.9632555320582705,275.8359786059476,Small (10-50 ha)
6.001081081079319,1900.1621621618979,2.1881192479314433,316.636642046527,Micro (<10 ha)
5.000900900899433,1600.108108107932,2.018460568053915,319.9639704558324,Micro (<10 ha)
44.25797297297046,9900.828828827944,4.198274785426457,223.7072365441284,Small (10-50 ha)
3.0005405405396597,900.0720720719546,1.465792870229709,299.9699753798604,Micro (<10 ha)
11.001981981978751,2500.2342342338525,2.126377169683195,227.25307479409042,Small (10-50 ha)
4.500810810809489,1300.1441441439092,1.7287858262621947,288.86887247546247,Micro (<10 ha)
13.75247747747344,3400.306306305807,2.586560479986081,247.2504544636055,Small (10-50 ha)
5.500990990989376,1700.1801801798865,2.044888112333082,309.0679811991661,Micro (<10 ha)
2.5004504504497165,900.054054053966,1.6056634958253688,359.9567645469989,Micro (<10 ha)
3.250585585584631,1300.108108107932,2.0342003849671633,399.961198952435,Micro (<10 ha)
4.750855855854461,1500.1441441439092,1.941521177820858,315.7629255990345,Micro (<10 ha)
7.251306306304177,2100.198198197875,2.200124332349071,289.6303244522982,Micro (<10 ha)
5.000900900899433,1400.1441441439092,1.7662155014562597,279.97838227349945,Micro (<10 ha)
3.7506756756745743,1300.1261261259206,1.893763743232633,346.63784303133264,Micro (<10 ha)
8.501531531529036,2400.1801801798865,2.3221503128516434,282.3232697871561,Micro (<10 ha)
13.75247747747344,4000.3783783777617,3.043026035423335,290.8841977694842,Small (10-50 ha)
3.7506756756745743,1200.1261261259206,1.7481037410853324,319.9759803038883,Micro (<10 ha)
18.253288288282928,4900.486486485694,3.2356661638541206,268.47143424735106,Small (10-50 ha)
2.750495495494688,1000.0720720719546,1.7010649586143307,363.59705867908997,Micro (<10 ha)
4.000720720719546,1100.0900900899433,1.5515086552234791,274.97297784187435,Micro (<10 ha)
7.2513063063076695,2400.252252252307,2.514454773119056,331.0096347970306,Micro (<10 ha)
3.000540540541988,1300.1081081083976,2.117262888743468,433.2912988649568,Micro (<10 ha)
2.500450450456701,1100.090090090409,1.9625204639865266,439.95676454595616,Micro (<10 ha)
15.25274774775142,3500.34234234225,2.5283171209160744,229.48929597673805,Small (10-50 ha)
19.003423423420173,5200.486486486625,3.3652948244671332,273.6605068788526,Small (10-50 ha)
3.500630630633095,1300.1081081088632,1.9602045389016827,371.3925418842994,Micro (<10 ha)
5.500990990992868,1700.1621621623635,2.0448664412000026,309.06470578594843,Micro (<10 ha)
3.000540540541988,1100.0720720724203,1.7914985366339018,366.6246321983419,Micro (<10 ha)
10.501891891902778,3100.270270270761,2.69873879415081,295.21064415652074,Small (10-50 ha)
7.751396396399941,2600.2522522527725,2.6346357213519864,335.45597712696434,Micro (<10 ha)
3.5006306306319313,1000.0540540544316,1.5078057614426528,285.67825617006116,Micro (<10 ha)
18.503333333331394,5200.468468468171,3.4104567721843484,281.0557630229895,Small (10-50 ha)
5.250945945947897,1500.1621621623635,1.8467771883842852,285.6936974032315,Micro (<10 ha)
2.5004504504497165,700.054054053966,1.24887081463178,279.97117636466595,Micro (<10 ha)
4.250765765765681,1400.1081081083976,1.915680380832114,329.3778545466852,Micro (<10 ha)
4.50081081081531,1300.1261261263862,1.7287618679227252,288.86486919250706,Micro (<10 ha)
10.001801801804685,2500.2522522527725,2.23017926185329,249.9801837506555,Small (10-50 ha)
17.503153153154997,3900.288288288284,2.6298660610813527,222.83346629948474,Small (10-50 ha)
4.500810810811817,1400.126126126852,1.86173064942786,311.08308813236016,Micro (<10 ha)
2.750495495497016,1100.090090090409,1.8711898430418763,399.96069504255706,Micro (<10 ha)
109.76977477477165,15901.369369369466,4.281423684870509,144.8610913340789,Medium (50-200 ha)
4.750855855857953,1800.1621621623635,2.329811421783911,378.91323516850287,Micro (<10 ha)
3.7506756756757387,1200.1261261263862,1.7481037410857392,319.9759803039131,Micro (<10 ha)
2.750495495494688,1000.054054053966,1.7010343110041433,363.5905078528777,Micro (<10 ha)
2.750495495494688,800.054054053966,1.3608458373694272,290.8763367780295,Micro (<10 ha)
2.5004504504497165,900.0720720719546,1.6056956393101085,359.9639704558324,Micro (<10 ha)
8.251486486488721,2000.1621621628292,1.964238317936399,242.40022272810677,Micro (<10 ha)
4.500810810809489,1200.1261261259206,1.5957930864193448,266.64665025324024,Micro (<10 ha)
6.5011711711704265,2300.198198198341,2.544863697098287,353.8128958053921,Micro (<10 ha)
8.501531531531363,2600.234234234318,2.5157006088023808,305.8548009367841,Micro (<10 ha)
5.751036036034347,1600.1261261259206,1.8822453797399354,278.2326725306515,Micro (<10 ha)
1938.5992342342213,252519.78378378274,16.1788056626895,130.2588896789347,Core (>500 ha)
4.000720720719546,1200.108108107932,1.6925687575106654,299.97297784187435,Micro (<10 ha)
3.7506756756745743,1200.108108107932,1.7480774960399432,319.97117636466595,Micro (<10 ha)
52.00936936936574,11800.97297297325,4.61606685146019,226.9009048958819,Medium (50-200 ha)
13.75247747748159,3200.288288288284,2.4344098635159446,232.7063100832894,Small (10-50 ha)
2.5004504504497165,800.054054053966,1.4272671552285743,319.9639704558324,Micro (<10 ha)
4.500810810809489,1000.1081081079319,1.3298315650726158,222.2062090914811,Micro (<10 ha)
3.7506756756745743,1400.1261261259206,2.0394237453799335,373.29970575877695,Micro (<10 ha)
3.250585585584631,1300.1441441439092,2.0342567683692825,399.972284966025,Micro (<10 ha)
12.252207207204775,3700.3063063062727,2.9821231722901342,302.01140445375006,Small (10-50 ha)
4.000720720719546,1300.0900900899433,1.8335780364859953,324.96397045583245,Micro (<10 ha)
359.31472972972347,44903.38738738699,6.682464521718097,124.9695146679996,Large (200-500 ha)
136.2745495495526,21601.98198198201,5.220129654790389,158.51809492958205,Medium (50-200 ha)
2.750495495494688,1100.108108107932,1.8712204906520638,399.9672458689386,Micro (<10 ha)
7.751396396394121,2000.1801801798865,2.0266288192919077,258.0412712618274,Micro (<10 ha)
4.500810810809489,1800.1801801798865,2.393677650459532,399.96797373851774,Micro (<10 ha)
3.0005405405396597,1200.0900900899433,1.9543807126886847,399.9579655318045,Micro (<10 ha)
4.250765765764518,1200.0900900899433,1.6420082331518597,282.3232697871561,Micro (<10 ha)
4.250765765764518,1500.0900900899433,2.0524794752805557,352.8987887715676,Micro (<10 ha)
9.751756756753894,3100.2342342338525,2.800581048844159,317.9154599079479,Micro (<10 ha)
13.502432432428469,2400.144144143909,1.8425801419095806,177.75642693678958,Small (10-50 ha)
5.500990990989376,1700.1261261259206,2.0448230989341103,309.0581549598477,Micro (<10 ha)
3.250585585584631,1300.1261261259206,2.034228576668223,399.96674195923,Micro (<10 ha)
6.751216216214234,2500.252252251841,2.71448775332704,370.3410129640116,Micro (<10 ha)
3.7506756756745743,1500.1441441439092,2.1851099925726234,399.96637242544364,Micro (<10 ha)
4.250765765764518,1100.0900900899433,1.5051844857756278,258.7980967923523,Micro (<10 ha)
37.756801801793046,8500.720720720012,3.902592595147773,225.14408835115685,Small (10-50 ha)
3.250585585584631,1000.0720720719546,1.5647521781587044,307.65904965153766,Micro (<10 ha)
4.750855855854461,1200.0900900899433,1.5531842951880022,252.60503086219234,Micro (<10 ha)
2.750495495494688,1100.1261261259206,1.8712511382622512,399.9737966951509,Micro (<10 ha)
3.7506756756745743,1100.108108107932,1.6024174938926425,293.30931363722163,Micro (<10 ha)
2.5004504504497165,900.0900900899433,1.6057277827948484,359.97117636466595,Micro (<10 ha)
7.751396396396449,1600.1621621623635,1.6213213117063066,206.43534149618046,Micro (<10 ha)
6.001081081083976,1500.090090090409,1.7274188830400978,249.96997537974397,Micro (<10 ha)
2.5004504504508804,900.1261261263862,1.605792069764785,359.9855881823516,Micro (<10 ha)
72.76310810810537,13801.117117117625,4.564084626068927,189.67190209375158,Medium (50-200 ha)
3.000540540541988,1100.090090090409,1.7915278794866831,366.6306371223698,Micro (<10 ha)
4.750855855857953,1800.1621621623635,2.329811421783911,378.91323516850287,Micro (<10 ha)
2.5004504504543728,900.0540540544316,1.605663495824704,359.9567645465148,Micro (<10 ha)
2.500450450453209,1000.0720720724203,1.7840919799064874,399.9567645466265,Micro (<10 ha)
69.2624774774781,12301.045045045204,4.169539244506665,177.60041934747574,Medium (50-200 ha)
5.500990990994032,1400.1621621623635,1.6840420763170256,254.52907747979302,Micro (<10 ha)
3.2505855855869594,1400.1441441443749,2.190720709504673,430.73597272829545,Micro (<10 ha)
3.500630630637752,1300.090090090409,1.9601773726967873,371.38739480593415,Micro (<10 ha)
6.001081081087468,1700.1441441448405,1.957789814015762,283.30631117497813,Micro (<10 ha)
19.003423423423666,5200.414414414205,3.3652481857969736,273.65671429518125,Small (10-50 ha)
3.2505855855869594,900.0900900904089,1.4083164287245413,276.9009048958418,Micro (<10 ha)
3.7506756756769026,1300.1261261263862,1.8937637432327235,346.63784303124163,Micro (<10 ha)
7.50135135135497,2600.216216217261,2.6781492535112945,346.63303909202756,Micro (<10 ha)
15.752837837839033,4500.396396396682,3.198647889186649,285.6879784280217,Small (10-50 ha)
5.000900900904089,1900.1801801808178,2.396987270082671,379.9675734100817,Micro (<10 ha)
4.750855855857953,1500.126126126852,1.9414978584865754,315.7591330154018,Micro (<10 ha)
4.500810810814146,1600.1261261263862,2.12766821243438,355.5195260111236,Micro (<10 ha)
5.5009909909917045,1500.1441441443749,1.8042951934786702,272.70434483549894,Micro (<10 ha)
3.250585585584631,1100.0900900899433,1.7212443109952107,338.42828042076843,Micro (<10 ha)
5.500990990992868,2200.2162162163295,2.6463053960703062,399.96724586876934,Micro (<10 ha)
2.5004504504497165,900.054054053966,1.6056634958253688,359.9567645469989,Micro (<10 ha)
6.251126126125455,2400.2702702702954,2.708170999991565,383.97405872820235,Micro (<10 ha)
31.755720720713725,8000.720720720012,4.00509841229724,251.9458081611505,Small (10-50 ha)
3.250585585584631,1000.1081081079319,1.5648085615608236,307.67013566512765,Micro (<10 ha)
9.001621621622471,2800.2702702702954,2.632901675009359,311.0850897735878,Micro (<10 ha)
3.0005405405396597,1100.0720720719546,1.7914985366338385,366.62463219847115,Micro (<10 ha)
14.002522522524233,3300.198198198341,2.4878944477914695,235.68597678666077,Small (10-50 ha)
6.251126126127783,1800.1801801803522,2.031102838337499,287.9769410916464,Micro (<10 ha)
13.50243243243778,2700.198198198341,2.0729303243548287,199.97864915890838,Small (10-50 ha)
5.000900900899433,1800.1621621618979,2.270819279031723,359.9675734102492,Micro (<10 ha)
3.0005405405396597,1000.0900900899433,1.6286750462845552,333.3033087131937,Micro (<10 ha)
2.750495495494688,900.0900900899433,1.53100136940716,327.24652396787815,Micro (<10 ha)
3.500630630629603,1200.0900900899433,1.8094049464149884,342.8211133129753,Micro (<10 ha)
3.500630630630767,1200.1621621623635,1.809513611226948,342.8417016239472,Micro (<10 ha)
4.000720720719546,1300.0720720719546,1.833552624830067,324.95946676281153,Micro (<10 ha)
3.0005405405396597,1100.0720720719546,1.7914985366338385,366.62463219847115,Micro (<10 ha)
3.500630630629603,1400.1441441439092,2.111031297590414,399.9691175335707,Micro (<10 ha)
5.500990990989376,1200.0900900899433,1.4434058151966067,218.1588902900752,Micro (<10 ha)
61.01099099099054,10700.90090090083,3.8646606975695366,175.39300258999276,Medium (50-200 ha)
9.001621621623634,2200.198198198341,2.068695148068494,244.4224263896007,Micro (<10 ha)
5.000900900899433,1600.1621621618979,2.0185287546820065,319.9747793190827,Micro (<10 ha)
4.250765765764518,1100.0900900899433,1.5051844857756278,258.7980967923523,Micro (<10 ha)
7.001261261261534,2100.234234234318,2.239106028141234,299.9794116890139,Micro (<10 ha)
3.7506756756745743,1300.0900900899433,1.8937112531418547,346.62823515288795,Micro (<10 ha)
9.25166666666395,2700.252252251841,2.504317662415963,291.86657383382817,Micro (<10 ha)
6.751216216214234,1800.1621621618979,1.954410055541466,266.64264697055495,Micro (<10 ha)
6.251126126124291,2000.1801801798865,2.256758343347554,319.97117636466595,Micro (<10 ha)
4.250765765764518,1700.1801801798865,2.3262502346700953,399.9703286106855,Micro (<10 ha)
3.7506756756745743,1100.108108107932,1.6024174938926425,293.30931363722163,Micro (<10 ha)
17.00306306305807,4800.324324323796,3.2839918133763044,282.3211504022051,Small (10-50 ha)
4.500810810809489,1300.1261261259206,1.728761867923224,288.8648691927772,Micro (<10 ha)
15.002702702699462,3300.3243243242614,2.4036262408392095,219.98198522793018,Small (10-50 ha)
150.52711711711484,30502.774774773978,7.013374725700527,202.6397326871135,Medium (50-200 ha)
3.250585585584631,900.1081081079319,1.408344620425377,276.9064479026919,Micro (<10 ha)
3.500630630629603,800.0900900899433,1.206315241281475,228.5559873382139,Micro (<10 ha)
2.750495495494688,900.0720720719546,1.5309707217969726,327.23997314166587,Micro (<10 ha)
7.5013513513491485,1800.1441441439092,1.8540976191845986,239.97598030388832,Micro (<10 ha)
4.750855855854461,1600.1261261259206,2.0709201666955943,336.80797201078866,Micro (<10 ha)
6.001081081079319,1700.1801801798865,1.9578313110763808,283.3123160992356,Micro (<10 ha)
10.501891891888809,2800.2342342338525,2.437561922619447,266.64093127797554,Small (10-50 ha)
2.5004504504497165,1100.1261261259206,1.9625847509579168,439.97117636466595,Micro (<10 ha)
4.250765765764518,1600.1441441439092,2.189377181439033,376.43667807607756,Micro (<10 ha)
10.001801801798866,3000.2882882878184,2.676202256829834,299.9747793190827,Small (10-50 ha)
2.750495495494688,1000.0900900899433,1.7010956062245182,363.60360950530224,Micro (<10 ha)
20.503693693694657,4000.450450450182,2.492228803338879,195.10876967891934,Small (10-50 ha)
2.750495495494688,1100.054054053966,1.8711285478215014,399.94759339030173,Micro (<10 ha)
6.001081081079319,1900.1981981978752,2.1881607449918055,316.64264697055495,Micro (<10 ha)
4.500810810809489,1300.108108107932,1.7287379095842532,288.8608659100919,Micro (<10 ha)
4.250765765764518,1100.1261261259206,1.5052337916304577,258.80657433215646,Micro (<10 ha)
4.000720720719546,1500.108108107932,2.1156728294044393,374.95946676281153,Micro (<10 ha)
8.501531531529036,2100.1801801798865,2.031903314060377,247.0355102949504,Micro (<10 ha)
3.2505855855857955,1300.1081081083976,2.0342003849675274,399.9611989524349,Micro (<10 ha)
3.500630630630767,1200.1261261263862,1.8094592788211687,342.8314074684708,Micro (<10 ha)
2.5004504504543728,800.0720720724203,1.4272992987128157,319.97117636425634,Micro (<10 ha)
40.757342342344344,9600.91891891975,4.242334817993127,235.56292847252192,Small (10-50 ha)
4.500810810810654,1400.1441441443749,1.8617546077664524,311.08709141502237,Micro (<10 ha)
3.500630630633095,1000.0900900904089,1.5078600938481814,285.68855032544263,Micro (<10 ha)
7.251306306313491,2200.198198198341,2.3048822706339482,303.42094310409914,Micro (<10 ha)
2.5004504504508804,1000.0900900904089,1.7841241233920582,399.96397045583245,Micro (<10 ha)
3.7506756756815594,1000.0720720724203,1.4567050016538852,266.6378430309602,Micro (<10 ha)
42.50765765765798,9800.810810810886,4.240562678449395,230.56576981360013,Small (10-50 ha)
7.001261261265026,1500.1081081083976,1.599298332051411,214.26255243578066,Micro (<10 ha)
9.001621621627129,2200.180180180818,2.0686782069645777,244.4204247482149,Micro (<10 ha)
4.250765765769175,1600.1081081083976,2.189327875583641,376.42820053597063,Micro (<10 ha)
9.001621621622471,2400.234234234784,2.256775284451944,266.6446486118976,Micro (<10 ha)
9.50171171171125,2700.2702702702954,2.4711629167339333,284.1877708141893,Micro (<10 ha)
5.250945945947897,1400.1441441443749,1.7236498367139939,266.6460783556251,Micro (<10 ha)
3.500630630630767,1400.1261261263862,2.111004131387875,399.96397045583245,Micro (<10 ha)
2.750495495494688,900.054054053966,1.5309400741867853,327.2334223154536,Micro (<10 ha)
7.751396396397613,2600.252252252307,2.6346357213519105,335.455977127005,Micro (<10 ha)
2.5004504504497165,1000.0720720719546,1.7840919799069028,399.9567645469989,Micro (<10 ha)
5.000900900901761,2000.2342342343181,2.523200718885562,399.9747793189896,Micro (<10 ha)
78.01405405406258,10400.990990990773,3.3218756007430525,133.32201636109104,Medium (50-200 ha)
3.2505855855869594,1000.1081081083976,1.5648085615609915,307.67013566505057,Micro (<10 ha)
12.502252252254403,3400.34234234225,2.712836267743141,271.9783822734101,Small (10-50 ha)
2.5004504504497165,800.0720720719546,1.4272992987133142,319.97117636466595,Micro (<10 ha)
43.757882882889824,8900.810810811352,3.7957402687699724,203.41045371488346,Small (10-50 ha)
6.2511261261289475,1800.1621621623635,2.0310825090125673,287.97405872805933,Micro (<10 ha)
13.752477477475768,3200.234234234784,2.4343687454329777,232.70237958769437,Small (10-50 ha)
2.750495495494688,1100.108108107932,1.8712204906520638,399.9672458689386,Micro (<10 ha)
5.5009909909917045,1500.1981981983408,1.804360206877642,272.7141710748174,Micro (<10 ha)
45.25815315315849,8700.720720720943,3.6483952601083973,192.24648189414097,Small (10-50 ha)
4.0007207207218745,1300.1441441443749,1.8336542714539028,324.9774815348225,Micro (<10 ha)
8.001441441439091,2300.216216215864,2.2939271059926516,287.47522968838484,Micro (<10 ha)
3.7506756756745743,1100.0900900899433,1.6023912488472534,293.3045096979993,Micro (<10 ha)
3.500630630629603,1500.1441441439092,2.2618037238737925,428.535399027261,Micro (<10 ha)
11.752117117118324,4200.41441441467,3.4564410373024206,357.4176782408234,Small (10-50 ha)
5.500990990989376,1400.1441441439092,1.6840204051841876,254.5258020668177,Micro (<10 ha)
10.001801801802358,2600.2162162163295,2.319345288666776,259.9747793190385,Small (10-50 ha)
3.7506756756745743,1100.108108107932,1.6024174938926425,293.30931363722163,Micro (<10 ha)
3.0005405405396597,900.0720720719546,1.465792870229709,299.9699753798604,Micro (<10 ha)
2.750495495494688,800.1081081079319,1.3609377801999893,290.8959892566663,Micro (<10 ha)
13.502432432434288,4200.378378378693,3.2246120748159646,311.08308813224903,Small (10-50 ha)
10.50189189189463,3100.288288288284,2.698754478566003,295.21235984928484,Small (10-50 ha)
4.250765765764518,1400.1261261259206,1.915705033759154,329.3820933165679,Micro (<10 ha)
11.752117117121816,3800.2702702702954,3.1271700406330227,323.36899236084287,Small (10-50 ha)
62.26121621620841,13901.09909909824,4.969759898349997,223.27059996427403,Medium (50-200 ha)
2.5004504504497165,800.0900900899433,1.427331442198054,319.97838227349945,Micro (<10 ha)
5.250945945944404,1800.1621621618979,2.216092700059994,342.8262603907135,Micro (<10 ha)
3.0005405405396597,1100.0900900899433,1.79152787948662,366.6306371224991,Micro (<10 ha)
8.001441441439091,2000.2342342338525,1.9947653163631516,249.98423707442672,Micro (<10 ha)
2.5004504504497165,900.0900900899433,1.6057277827948484,359.97117636466595,Micro (<10 ha)
34.2561711711646,6300.486486486625,3.0366849871450854,183.92267060453352,Small (10-50 ha)
3.7506756756745743,1300.0900900899433,1.8937112531418547,346.62823515288795,Micro (<10 ha)
2.750495495494688,800.0720720719546,1.3608764849796144,290.8828876042418,Micro (<10 ha)
8.001441441439091,1600.1441441439092,1.595769128080374,199.98198522791625,Micro (<10 ha)
83.01495495495037,16001.45945945941,4.9542337692454215,192.75393774703488,Medium (50-200 ha)
8.251486486485227,2800.288288288284,2.749993806091089,339.36773608909886,Micro (<10 ha)
2.750495495494688,1000.0900900899433,1.7010956062245182,363.60360950530224,Micro (<10 ha)
4.500810810809489,1600.1261261259206,2.1276682124348616,355.519526011388,Micro (<10 ha)
8.751576576574006,2400.2342342338525,2.288787880344418,274.26306714366615,Micro (<10 ha)
3.250585585584631,900.0720720719546,1.408288237023258,276.8953618891019,Micro (<10 ha)
2.5004504504497165,1000.0900900899433,1.7841241233916427,399.9639704558324,Micro (<10 ha)
12.002162162158639,3100.2882882878184,2.5244536574542558,258.3108148682286,Small (10-50 ha)
25.254549549544464,3500.288288288284,1.964848499503605,138.60030571606143,Small (10-50 ha)
19.753558558557415,5300.540540540125,3.3642832738089794,268.33345115145767,Small (10-50 ha)
2.5004504504497165,800.0720720719546,1.4272992987133142,319.97117636466595,Micro (<10 ha)
39.00702702702838,10000.81081081042,4.517091147590074,256.38485096238566,Small (10-50 ha)
9.501711711708921,2300.216216215864,2.105051881867513,242.08440394811353,Micro (<10 ha)
10.251846846843836,3200.3423423417844,2.819619144839513,312.17227394760107,Small (10-50 ha)
17.753198198192987,4200.288288287818,2.812133063129545,236.59333047469417,Small (10-50 ha)
2.750495495494688,900.054054053966,1.5309400741867853,327.2334223154536,Micro (<10 ha)
4.250765765764518,1200.1621621618979,1.6421068448615197,282.3402248667644,Micro (<10 ha)
5.000900900899433,1700.108108107932,2.1446058302287736,339.96036750141565,Micro (<10 ha)
12.25220720720361,2500.2342342338525,2.0149700670334383,204.06398552938734,Small (10-50 ha)
34.756261261251055,7400.66666666558,3.541191271012066,212.93045909159426,Small (10-50 ha)
2.5004504504497165,900.0900900899433,1.6057277827948484,359.97117636466595,Micro (<10 ha)
14.502612612608354,3100.306306305807,2.296553401441586,213.77570987522947,Small (10-50 ha)
3.250585585584631,900.0720720719546,1.408288237023258,276.8953618891019,Micro (<10 ha)
2.750495495494688,1200.1621621618979,2.0414066702999842,436.34398388499955,Micro (<10 ha)
4.000720720719546,1200.1261261259206,1.6925941691665936,299.97748153489533,Micro (<10 ha)
22.75409909909591,6700.666666666046,3.9626275928388277,294.4817387620626,Small (10-50 ha)
3.7506756756745743,1200.0900900899433,1.748051250994554,319.96637242544364,Micro (<10 ha)
4.500810810811817,1400.1261261263862,1.8617306494272408,311.0830881322567,Micro (<10 ha)
2.500450450453209,900.0720720724203,1.6056956393098176,359.9639704555159,Micro (<10 ha)
3.7506756756757387,1300.1081081083976,1.893737498187628,346.63303909212686,Micro (<10 ha)
2.750495495497016,800.0900900904089,1.360907132590018,290.88943843037714,Micro (<10 ha)
8.251486486487556,2400.234234234318,2.357124909216387,290.8850712129125,Micro (<10 ha)
18.503333333332556,4500.324324325193,2.9513036492732,243.21695141372987,Small (10-50 ha)
3.500630630633095,1400.1081081083976,2.1109769651842836,399.95882337782825,Micro (<10 ha)
4.500810810814146,1400.1081081083976,1.8617066910877886,311.07908484941044,Micro (<10 ha)
5.000900900906418,1200.0540540544316,1.5138113327259208,239.96757341000713,Micro (<10 ha)
2.7504954954993446,700.0540540544316,1.1907516005518533,254.5192512403438,Micro (<10 ha)
3.250585585589288,1000.0540540544316,1.5647239864572526,307.65350664444514,Micro (<10 ha)
4.0007207207218745,1200.1261261263862,1.6925941691667576,299.97748153483707,Micro (<10 ha)
40.25725225224974,8200.720720720943,3.6460701953802053,203.70791005147782,Small (10-50 ha)
9.751756756760878,3100.2522522527725,2.800597325330193,317.91730757674736,Micro (<10 ha)
7.2513063063158185,2600.2162162163295,2.723932899080884,358.58590250856815,Micro (<10 ha)
9.001621621625963,2100.126126126852,1.9746042565653867,233.30531035445878,Micro (<10 ha)
4.250765765766846,1400.1441441443749,1.9157296866866815,329.3863320863991,Micro (<10 ha)
8.751576576578664,2400.2522522527725,2.2888050617599993,274.26512597472185,Micro (<10 ha)
14.752657657667296,3900.3783783782274,2.8646177328000904,264.38479553215353,Small (10-50 ha)
24.25436936937156,5600.450450450648,3.207916339418775,230.90480585831688,Small (10-50 ha)
9.001621621627129,2300.1981981988065,2.162718275155993,255.53153585931597,Micro (<10 ha)
2.5004504504497165,1000.0720720719546,1.7840919799069028,399.9567645469989,Micro (<10 ha)
9.751756756760878,2400.162162162829,2.168174453168302,246.12613111979033,Micro (<10 ha)
4.750855855859117,1600.1801801808178,2.070990124700108,336.8193497614443,Micro (<10 ha)
549.0989189189526,114410.19819819927,13.773189144616307,208.35990430184458,Core (>500 ha)
3.250585585584631,1100.108108107932,1.72127250269627,338.4338234275634,Micro (<10 ha)
4.250765765769175,1300.1261261263862,1.7788812863825847,305.85692032153855,Micro (<10 ha)
3.7506756756769026,1200.1081081083976,1.7480774960400787,319.9711763645915,Micro (<10 ha)
10.001801801803522,3200.288288288284,2.8545985974263792,319.9711763645635,Small (10-50 ha)
8.751576576576335,2000.1261261263862,1.9072573715285484,228.54466376718221,Micro (<10 ha)
127.52297297297395,23202.126126124058,5.796003469588435,181.9446769880538,Medium (50-200 ha)
2.5004504504497165,1100.054054053966,1.9624561770189575,439.9423527293319,Micro (<10 ha)
3.7506756756745743,1100.108108107932,1.6024174938926425,293.30931363722163,Micro (<10 ha)
2.750495495494688,900.0900900899433,1.53100136940716,327.24652396787815,Micro (<10 ha)
8.001441441439091,2300.162162161898,2.2938731997299677,287.46847414885343,Micro (<10 ha)
59.010630630624945,13101.17117117159,4.811052110411708,222.0137461871562,Medium (50-200 ha)
6.751216216221219,2200.126126126386,2.3886451536092004,325.8858930988049,Micro (<10 ha)
7.751396396399941,2800.234234235715,2.837262090736941,361.2554552798069,Micro (<10 ha)
4.000720720724202,1400.1261261263862,1.9746635504286172,349.96847414856245,Micro (<10 ha)
2.5004504504497165,1000.0720720719546,1.7840919799069028,399.9567645469989,Micro (<10 ha)
2.5004504504497165,1100.1261261259206,1.9625847509579168,439.97117636466595,Micro (<10 ha)
5.250945945944404,2000.1801801798865,2.4623252222888823,380.9180671007928,Micro (<10 ha)
4.000720720719546,1400.108108107932,1.9746381387731813,349.9639704558325,Micro (<10 ha)
4.000720720719546,1200.0900900899433,1.6925433458547372,299.96847414885343,Micro (<10 ha)
12.252207207212923,3400.3243243251927,2.740363937868359,277.52749090983446,Small (10-50 ha)
8.251486486488721,1800.1621621623635,1.7678304111077858,218.16216570311462,Micro (<10 ha)
3.500630630629603,1400.1441441439092,2.111031297590414,399.9691175335707,Micro (<10 ha)
65.51180180181981,14401.261261262465,5.0192152990147125,219.82697567726524,Medium (50-200 ha)
2.750495495494688,1100.1261261259206,1.8712511382622512,399.9737966951509,Micro (<10 ha)
3.7506756756745743,1000.0900900899433,1.4567312466999527,266.64264697055495,Micro (<10 ha)
7.5013513513491485,2400.216216215864,2.472154902978888,319.97117636466595,Micro (<10 ha)
13.75247747747344,3600.252252251841,2.7386562723440693,261.78935818284776,Small (10-50 ha)
7.751396396394121,2200.198198197875,2.2292917012210984,283.8453983880101,Micro (<10 ha)
23.00414414414088,6600.5585585585795,3.8821536151741904,286.92910795552166,Small (10-50 ha)
3.0005405405396597,1200.1261261259206,1.9544393983942476,399.96997537986033,Micro (<10 ha)
3.500630630629603,1400.0900900899433,2.110949798981745,399.953676300356,Micro (<10 ha)
10.751936936933781,3200.27027026983,2.7532038666086396,297.6459301278675,Small (10-50 ha)
2.750495495494688,1100.108108107932,1.8712204906520638,399.9672458689386,Micro (<10 ha)
3.250585585584631,1200.1261261259206,1.8777646355327764,369.2030541967942,Micro (<10 ha)
3.500630630629603,1200.1801801798865,1.8095407774294368,342.84684870166643,Micro (<10 ha)
39.257072072068695,5000.360360360239,2.25132098262956,127.37476577928444,Small (10-50 ha)
79.5143243243231,15701.333333333489,4.967168756778774,197.46546885427682,Medium (50-200 ha)
4.250765765764518,1000.0900900899433,1.3683607383993956,235.2729237975485,Micro (<10 ha)
37.25671171170543,7700.6126126125455,3.558918835682137,206.69061382014408,Small (10-50 ha)
4.750855855854461,1900.1981981978752,2.459280368663225,399.9696593312273,Micro (<10 ha)
5.000900900899433,1300.1261261259206,1.640047510405371,259.97838227349945,Micro (<10 ha)
4.250765765764518,1300.1441441439092,1.7789059393103368,305.86115909166614,Micro (<10 ha)
3.7506756756745743,1000.1081081079319,1.4567574917453419,266.6474509097773,Micro (<10 ha)
2.750495495494688,1000.0900900899433,1.7010956062245182,363.60360950530224,Micro (<10 ha)
3.0005405405396597,1200.1261261259206,1.9544393983942476,399.96997537986033,Micro (<10 ha)
4.750855855854461,1800.1441441439092,2.3297881024493905,378.9094425850868,Micro (<10 ha)
2.5004504504497165,900.0900900899433,1.6057277827948484,359.97117636466595,Micro (<10 ha)
29.505315315315965,5900.540540540125,3.0643384918484884,199.98229056298894,Small (10-50 ha)
5.000900900899433,1300.0900900899433,1.64000205265331,259.97117636466595,Micro (<10 ha)
6.501171171169262,1900.1261261259206,2.1022371037738417,292.27443426692224,Micro (<10 ha)
10.251846846843836,2700.198198197875,2.378973784701059,263.3865135265034,Small (10-50 ha)
3.0005405405396597,1100.108108107932,1.7915572223394014,366.636642046527,Micro (<10 ha)
2.750495495494688,900.0900900899433,1.53100136940716,327.24652396787815,Micro (<10 ha)
3.250585585584631,800.0900900899433,1.2518524875888708,246.13721713346115,Micro (<10 ha)
8.251486486484064,2100.162162161898,2.062442271350144,254.51925124060543,Micro (<10 ha)
5.751036036034347,2000.1801801798865,2.3528332181576497,347.7947569181152,Micro (<10 ha)
2.750495495494688,900.0720720719546,1.5309707217969726,327.23997314166587,Micro (<10 ha)
3.0005405405396597,1000.0720720719546,1.6286457034317738,333.29730378916577,Micro (<10 ha)
4.250765765764518,1600.1441441439092,2.189377181439033,376.43667807607756,Micro (<10 ha)
39.75716216215747,7400.774774775375,3.3110410647429083,186.1494727563765,Small (10-50 ha)
38.5069369369396,9100.756756756455,4.137167343200543,236.34070847183182,Small (10-50 ha)
5.500990990989376,1700.0720720719546,2.0447580855351384,309.04832872052924,Micro (<10 ha)
7.5013513513491485,2100.162162161898,2.163107703032176,279.97117636466595,Micro (<10 ha)
2.5004504504497165,1000.054054053966,1.7840598364221631,399.9495586381654,Micro (<10 ha)
4.000720720719546,1300.1441441439092,1.8336542714537798,324.97748153489533,Micro (<10 ha)
22.254009009002473,4500.360360359773,2.691152005788045,202.2269496942879,Small (10-50 ha)
3.7506756756757387,1300.1081081083976,1.893737498187628,346.63303909212686,Micro (<10 ha)
4.250765765766846,1000.1081081083976,1.3683853913270732,235.27716256743125,Micro (<10 ha)
4.250765765771503,1600.1441441443749,2.1893771814378713,376.4366780755686,Micro (<10 ha)
3.0005405405408236,1000.1081081083976,1.6287043891377788,333.3093136372475,Micro (<10 ha)
14.252567567566876,3500.3603603607044,2.6155394254211957,245.5950721697415,Small (10-50 ha)
294.3030180180224,64705.85585585656,10.639991868708949,219.8613398245686,Large (200-500 ha)
9.001621621631784,2700.1981981988065,2.5388107835051876,299.9679737381945,Micro (<10 ha)
3.0005405405454804,1200.090090090409,1.9543807126875474,399.95796553118385,Micro (<10 ha)
14.002522522521904,3900.3423423427157,2.940320391453665,278.5456931827345,Small (10-50 ha)
45.50819819819648,9400.82882882934,3.93112082815893,206.57440199866892,Small (10-50 ha)
23.00414414413972,5600.540540540125,3.293987700207001,243.45789634459655,Small (10-50 ha)
4.500810810814146,1100.0720720724203,1.462752429898416,244.41642146549805,Micro (<10 ha)
12.00216216216446,2900.2522522527725,2.3615714813995954,241.64414820152234,Small (10-50 ha)
5.250945945952553,1800.1441441448405,2.216070518947645,342.82282900520005,Micro (<10 ha)
4.500810810812982,1300.1261261263862,1.7287618679231727,288.8648691926565,Micro (<10 ha)
6.751216216220055,1800.090090090409,1.954331807933712,266.63197154989996,Micro (<10 ha)
5.000900900904089,1400.1261261263862,1.7661927725799944,279.9747793189151,Micro (<10 ha)
2.5004504504497165,800.054054053966,1.4272671552285743,319.9639704558324,Micro (<10 ha)
3.000540540541988,1100.1081081083976,1.7915572223394645,366.6366420463977,Micro (<10 ha)
18.0032432432496,4900.378378378693,3.257986709403798,272.19419924330094,Small (10-50 ha)
29.755360360363266,7200.5945945950225,3.72375261291248,241.99319071890127,Small (10-50 ha)
3.250585585588124,1200.1081081088632,1.8777364438321649,369.197511189889,Micro (<10 ha)
12.502252252256731,4400.432432432659,3.5107208317831864,351.971176364511,Small (10-50 ha)
13.752477477485082,3100.270270270761,2.3583277022671645,225.43358281054304,Small (10-50 ha)
23.75427927928162,4300.396396397147,2.4890443109864018,181.03670272782955,Small (10-50 ha)
6.251126126125455,2300.2162162163295,2.595282259512342,367.9682940011385,Micro (<10 ha)
9.0016216216248,2500.180180180352,2.3507475882268323,277.74775315751026,Micro (<10 ha)
3.250585585584631,900.054054053966,1.4082600453221983,276.8898188823069,Micro (<10 ha)
3.0005405405396597,1200.1261261259206,1.9544393983942476,399.96997537986033,Micro (<10 ha)
20.25364864865318,4700.450450450648,2.9463403338075245,232.07919382778553,Small (10-50 ha)
5.751036036041333,2000.1441441443749,2.3527908285844,347.78849091009243,Micro (<10 ha)
11.502072072074515,2700.2522522527725,2.246008330295051,234.7622441706501,Small (10-50 ha)
9.501711711717071,2500.234234234784,2.2880991546706566,263.13513923513494,Micro (<10 ha)
3.250585585584631,1200.1261261259206,1.8777646355327764,369.2030541967942,Micro (<10 ha)
3.500630630629603,1200.108108107932,1.809432112617878,342.8262603907135,Micro (<10 ha)
2.750495495494688,900.0360360359773,1.530909426576598,327.2268714892413,Micro (<10 ha)
3.7506756756745743,1100.054054053966,1.602338758756475,293.29490181955464,Micro (<10 ha)
2.5004504504497165,1000.0900900899433,1.7841241233916427,399.9639704558324,Micro (<10 ha)
7.501351351352642,2100.216216216795,2.1631633771813332,279.97838227349325,Micro (<10 ha)
2.750495495494688,1100.108108107932,1.8712204906520638,399.9672458689386,Micro (<10 ha)
2.750495495494688,800.0720720719546,1.3608764849796144,290.8828876042418,Micro (<10 ha)
2.750495495494688,1000.0900900899433,1.7010956062245182,363.60360950530224,Micro (<10 ha)
6.751216216214234,1700.1441441439092,1.8458219381715686,251.82783215574014,Micro (<10 ha)
4.250765765764518,1100.0720720719546,1.5051598328482128,258.79385802245025,Micro (<10 ha)
4.000720720719546,1300.1261261259206,1.8336288597978516,324.97297784187435,Micro (<10 ha)
5.751036036034347,1500.1261261259206,1.764614316225145,260.8445011866661,Micro (<10 ha)
5.000900900899433,1700.108108107932,2.1446058302287736,339.96036750141565,Micro (<10 ha)
3.500630630629603,800.0720720719546,1.2062880750785854,228.55084026047567,Micro (<10 ha)
3.500630630629603,1400.108108107932,2.110976965184635,399.9588233780942,Micro (<10 ha)
2.750495495494688,800.0720720719546,1.3608764849796144,290.8828876042418,Micro (<10 ha)
3.250585585584631,1000.0720720719546,1.5647521781587044,307.65904965153766,Micro (<10 ha)
6.5011711711704265,2000.2162162163295,2.2129734902771676,307.6701356651442,Micro (<10 ha)
3.0005405405396597,1000.0900900899433,1.6286750462845552,333.3033087131937,Micro (<10 ha)
3.0005405405396597,1300.108108107932,2.117262888743531,433.29129886513783,Micro (<10 ha)
2.5004504504497165,800.0900900899433,1.427331442198054,319.97838227349945,Micro (<10 ha)
4.500810810809489,1100.0720720719546,1.4627524298985537,244.41642146564746,Micro (<10 ha)
4.500810810809489,1500.108108107932,1.9946754725920117,333.29730378916577,Micro (<10 ha)
5.000900900899433,1400.1261261259206,1.766192772580229,279.9747793190827,Micro (<10 ha)
7.001261261259206,2500.144144143909,2.6654588012734006,357.0991069820823,Micro (<10 ha)
3.500630630629603,1100.108108107932,1.6586596863344998,314.2599788970232,Micro (<10 ha)
9.501711711708921,2400.2342342338525,2.196583762899025,252.61071973758723,Micro (<10 ha)
4.250765765764518,1200.1261261259206,1.6420575390066898,282.3317473269602,Micro (<10 ha)
2.5004504504497165,1000.1081081079319,1.7841562668763826,399.97117636466595,Micro (<10 ha)
19.50351351351128,4700.414414414205,3.0024431268424485,241.00346899844172,Small (10-50 ha)
3.250585585584631,800.054054053966,1.2517961041867516,246.12613111987113,Micro (<10 ha)
2.5004504504497165,1100.0900900899433,1.962520463988437,439.9567645469989,Micro (<10 ha)
29.505315315313638,6800.576576576568,3.5317558496869554,230.4864904476036,Small (10-50 ha)
3.500630630629603,1100.1441441439092,1.6587140187402791,314.2702730524996,Micro (<10 ha)
3.0005405405396597,900.0900900899433,1.4658222130824903,299.97598030388826,Micro (<10 ha)
21.503873873872216,5300.414414414205,3.2243824026937333,246.48649101566534,Small (10-50 ha)
2.750495495494688,1200.108108107932,2.041314727469422,436.32433140636266,Micro (<10 ha)
4.500810810809489,1300.108108107932,1.7287379095842532,288.8608659100919,Micro (<10 ha)
3.500630630629603,1100.0900900899433,1.65863252013161,314.25483181928496,Micro (<10 ha)
2.5004504504497165,800.1081081079319,1.4273635856827938,319.98558818233295,Micro (<10 ha)
9.25166666666395,2800.1801801798865,2.5969946612667703,302.66764692999914,Micro (<10 ha)
2.750495495494688,1000.1081081079319,1.7011262538347056,363.6101603315145,Micro (<10 ha)
2.5004504504497165,800.054054053966,1.4272671552285743,319.9639704558324,Micro (<10 ha)
2.5004504504497165,1000.0900900899433,1.7841241233916427,399.9639704558324,Micro (<10 ha)
36.2565315315302,8300.810810810886,3.8888613199219004,228.94663279062294,Small (10-50 ha)
9.751756756753894,2500.216216215864,2.2585577811598445,256.38623671414473,Micro (<10 ha)
3.0005405405396597,900.0720720719546,1.465792870229709,299.9699753798604,Micro (<10 ha)
5.50099099099054,1700.1801801803522,2.044888112333426,309.06798119918534,Micro (<10 ha)
87.51576576577267,16701.47747747833,5.036244563592272,190.83964279279905,Medium (50-200 ha)
3.2505855855869594,900.1081081083976,1.408344620425601,276.90644790263684,Micro (<10 ha)
2.750495495497016,1000.0900900904089,1.70109560622459,363.6036095051637,Micro (<10 ha)
3.2505855855869594,1200.1081081083976,1.8777364438317727,369.197511189878,Micro (<10 ha)
3.2505855855857955,1300.1081081083976,2.0342003849675274,399.9611989524349,Micro (<10 ha)
4.250765765769175,1700.1441441443749,2.3262009288146284,399.96185107055277,Micro (<10 ha)
2.7504954954993446,1100.090090090409,1.8711898430410845,399.96069504221845,Micro (<10 ha)
2.7504954954993446,1000.0900900904089,1.7010956062238705,363.6036095048559,Micro (<10 ha)
14.252567567569203,2400.1981981988065,1.7934762052803237,168.404618102657,Small (10-50 ha)
5.0009009009005965,1700.1801801803522,2.144696745733233,339.9747793190967,Micro (<10 ha)
4.000720720724202,1300.1081081083976,1.833603448141513,324.96847414859155,Micro (<10 ha)
8.001441441443749,2200.1981981988065,2.194182551110805,274.9752296883412,Micro (<10 ha)
31.505675675678066,8300.612612613477,4.171678344139716,263.46404051322827,Small (10-50 ha)
40.25725225224974,10400.882882883772,4.624270277745641,258.3604767089519,Small (10-50 ha)
3.750675675679231,1200.1081081083976,1.7480774960395362,319.9711763643929,Micro (<10 ha)
9.001621621622471,2100.2162162163295,1.9746889620850927,233.31531856121077,Micro (<10 ha)
3.250585585588124,800.0720720724203,1.2518242958878671,246.1316741265449,Micro (<10 ha)
5.751036036040168,1400.1081081083976,1.6469620579238846,243.45319683867453,Micro (<10 ha)
3.0005405405396597,1200.0720720719546,1.9543513698359034,399.9519606077766,Micro (<10 ha)
5.500990990992868,1600.1081081083976,1.9245266395067644,290.8763367779295,Micro (<10 ha)
8.751576576577499,2500.234234234784,2.3841447354258927,285.6895797411347,Micro (<10 ha)
3.2505855855869594,1100.1261261263862,1.7213006943974416,338.4393664342593,Micro (<10 ha)
5.500990990994032,1900.1981981988065,2.2854593600548347,345.4283421495732,Micro (<10 ha)
13.502432432441275,3300.3063063067384,2.533630689245911,244.4230936032934,Small (10-50 ha)
3.7506756756769026,1100.090090090409,1.6023912488474341,293.3045096979414,Micro (<10 ha)
4.250765765770338,1300.1261261263862,1.778881286382341,305.8569203214548,Micro (<10 ha)
5.75103603603784,1600.1621621623635,1.8822877693122801,278.2389385382448,Micro (<10 ha)
7.50135135135497,1900.1441441443749,1.9570947944503223,253.306911667476,Micro (<10 ha)
11.001981981988065,2700.252252252307,2.2964867303050704,245.4332552691901,Small (10-50 ha)
5.500990990995197,1800.1621621628292,2.165141229494371,327.243248554595,Micro (<10 ha)
3.0005405405396597,1000.0720720719546,1.6286457034317738,333.29730378916577,Micro (<10 ha)
12.002162162166787,3400.270270270761,2.7687182358307805,283.30480994408595,Small (10-50 ha)
6.001081081082812,1800.1801801803522,2.0729856537689355,299.9759803037913,Micro (<10 ha)
48.25869369369,10100.882882883307,4.101725782941323,209.30700998655573,Small (10-50 ha)
4.000720720719546,1100.0900900899433,1.5515086552234791,274.97297784187435,Micro (<10 ha)
3.500630630629603,1200.108108107932,1.809432112617878,342.8262603907135,Micro (<10 ha)
2.750495495494688,1200.0900900899433,2.0412840798592344,436.3177805801504,Micro (<10 ha)
20.0036036036117,3100.216216216795,1.9553879369663907,154.98288596645872,Small (10-50 ha)
6.751216216217727,2400.2882882887498,2.605958321663042,355.53420471452137,Micro (<10 ha)
5.000900900899433,1600.1261261259206,2.0184832969299458,319.9675734102492,Micro (<10 ha)
4.250765765764518,1600.0900900899433,2.189303222656788,376.4239617663714,Micro (<10 ha)
2.5004504504497165,1100.108108107932,1.962552607473177,439.9639704558324,Micro (<10 ha)
4.250765765764518,1700.1621621618979,2.3262255817426802,399.96608984078347,Micro (<10 ha)
2.5004504504497165,900.0720720719546,1.6056956393101085,359.9639704558324,Micro (<10 ha)
21.5038738738792,4600.450450451579,2.798575793726407,213.93589254816806,Small (10-50 ha)
3.7506756756757387,1500.1801801803522,2.185162482663741,399.9759803038883,Micro (<10 ha)
38.25689189189463,9000.882882883307,4.105115085768174,235.2748076952455,Small (10-50 ha)
35.50639639639761,7700.648648648057,3.645600523953423,216.8806026575354,Small (10-50 ha)
3.0005405405396597,900.0900900899433,1.4658222130824903,299.97598030388826,Micro (<10 ha)
12.752297297297046,3400.2702702702954,2.6860512315070224,266.63982112391705,Small (10-50 ha)
2.5004504504497165,1000.1081081079319,1.7841562668763826,399.97117636466595,Micro (<10 ha)
3.250585585584631,1200.108108107932,1.8777364438317168,369.1975111899992,Micro (<10 ha)
2.750495495494688,1000.1081081079319,1.7011262538347056,363.6101603315145,Micro (<10 ha)
22.754099099099403,4200.396396396682,2.4840224845123666,184.59954745309744,Small (10-50 ha)
16.753018018017755,5100.486486486159,3.51528176604578,304.4517997294948,Small (10-50 ha)
2.750495495494688,900.0720720719546,1.5309707217969726,327.23997314166587,Micro (<10 ha)
3.7506756756745743,1000.0900900899433,1.4567312466999527,266.64264697055495,Micro (<10 ha)
13.502432432428469,4100.342342341784,3.1478148483139554,303.6743462973449,Small (10-50 ha)
2.5004504504497165,900.0900900899433,1.6057277827948484,359.97117636466595,Micro (<10 ha)
5.751036036034347,1700.1261261259206,1.9998764432547258,295.62084387463693,Micro (<10 ha)
4.000720720719546,1200.1261261259206,1.6925941691665936,299.97748153489533,Micro (<10 ha)
2.5004504504497165,1000.0900900899433,1.7841241233916427,399.9639704558324,Micro (<10 ha)
17.00306306306622,4700.468468468636,3.2156785513977155,276.44833469323055,Small (10-50 ha)
3.250585585584631,1000.0900900899433,1.564780369859764,307.66459265833265,Micro (<10 ha)
17.25310810810537,4300.396396396216,2.9205852359103406,249.25343129194937,Small (10-50 ha)
3.250585585584631,1100.0900900899433,1.7212443109952107,338.42828042076843,Micro (<10 ha)
2.5004504504497165,1000.0900900899433,1.7841241233916427,399.9639704558324,Micro (<10 ha)
16.753018018013098,5100.486486485694,3.515281766045948,304.4517997295516,Small (10-50 ha)
4.250765765764518,1500.1261261259206,2.052528781135386,352.9072663113717,Micro (<10 ha)
20.003603603597732,3800.3243243237957,2.3969645412065814,189.9819852279162,Small (10-50 ha)
3.500630630629603,1000.0900900899433,1.5078600938482318,285.6885503255946,Micro (<10 ha)
3.7506756756745743,1400.1261261259206,2.0394237453799335,373.29970575877695,Micro (<10 ha)
10.001801801798866,3000.306306305807,2.676218328572204,299.97658079629105,Small (10-50 ha)
30.755540540540824,6600.612612613011,3.3575124422827423,214.61539926155177,Small (10-50 ha)
3.250585585584631,1400.108108107932,2.19066432610261,430.7248867148707,Micro (<10 ha)
5.250945945944404,1100.0720720719546,1.354245600591221,209.4997898276978,Micro (<10 ha)
6.251126126124291,2000.2342342338525,2.2568193313217817,319.97982345526617,Micro (<10 ha)
16.502972972968127,3900.3423423417844,2.7084242993940855,236.3418002762621,Small (10-50 ha)
3.500630630629603,900.0720720719546,1.3570605013619637,257.117121754166,Micro (<10 ha)
5.250945945944404,1700.1801801798865,2.0930097106132144,323.7855041134121,Micro (<10 ha)
2.5004504504497165,1000.0900900899433,1.7841241233916427,399.9639704558324,Micro (<10 ha)
3.500630630629603,1000.0900900899433,1.5078600938482318,285.6885503255946,Micro (<10 ha)
4.750855855854461,1700.1621621618979,2.200389113574654,357.8643961733326,Micro (<10 ha)
4.500810810809489,1200.0900900899433,1.5957451697414036,266.63864368786966,Micro (<10 ha)
2.5004504504497165,800.0360360359773,1.4272350117438346,319.9567645469989,Micro (<10 ha)
3.7506756756745743,1300.1261261259206,1.893763743232633,346.63784303133264,Micro (<10 ha)
2.5004504504497165,1100.108108107932,1.962552607473177,439.9639704558324,Micro (<10 ha)
42.257612612608355,7800.756756755989,3.3851609719343707,184.60003475038923,Small (10-50 ha)
13.002342342338524,2800.252252251841,2.1906925178036696,215.36521486083285,Small (10-50 ha)
7.001261261259206,2600.27027026983,2.772205472158303,371.4002625010112,Micro (<10 ha)
3.000540540543152,1000.1081081083976,1.6287043891371469,333.30931363698886,Micro (<10 ha)
18.753378378382184,4800.486486487091,3.127091300289817,255.97982345521356,Small (10-50 ha)
5.000900900901761,1400.1081081083976,1.766170043704375,279.9711763646287,Micro (<10 ha)
3.500630630630767,1300.1261261263862,1.960231705104522,371.3976889621516,Micro (<10 ha)
2.5004504504520444,800.0720720728859,1.427299298714311,319.97117636474053,Micro (<10 ha)
2.5004504504520444,700.0720720724203,1.248902958116769,279.97838227342504,Micro (<10 ha)
4.750855855855625,2000.1261261263862,2.588609399533923,421.0033279921866,Micro (<10 ha)
6.251126126127783,1900.1261261263862,2.1438696028682465,303.96541163750385,Micro (<10 ha)
6.5011711711704265,2200.252252252307,2.434286786939227,338.43936643436945,Micro (<10 ha)
2.5004504504520444,800.0900900904089,1.4273314421982202,319.97838227338775,Micro (<10 ha)
12.252207207205938,3800.3063063062727,3.062714424079275,310.1731991662028,Small (10-50 ha)
7.501351351350313,2400.234234234318,2.472173461028743,319.9735783342895,Micro (<10 ha)
4.25076576576801,1300.1261261263862,1.7788812863828283,305.85692032162234,Micro (<10 ha)
2.5004504504520444,1100.1081081083976,1.9625526074730937,439.96397045560906,Micro (<10 ha)
6.2511261261289475,1900.1621621623635,2.1439102615175316,303.971176364514,Micro (<10 ha)
2.75049549549818,1200.1081081083976,2.041314727468918,436.324331405978,Micro (<10 ha)
3.000540540543152,1000.0900900904089,1.6286750462843655,333.3033087129609,Micro (<10 ha)
5.500990990995197,1400.1261261263862,1.683998734050866,254.52252665352688,Micro (<10 ha)
5.751036036039004,2000.1981981983408,2.352854412943429,347.7978899217552,Micro (<10 ha)
18.503333333336048,4800.41441441467,3.148102127374723,259.43511517279586,Small (10-50 ha)
3.0005405405396597,800.054054053966,1.3029106941748627,266.636642046527,Micro (<10 ha)
22.504054054054432,5400.522522522602,3.211444851094839,239.97998358654047,Small (10-50 ha)
5.75103603603784,1300.090090090409,1.5293097996232792,226.06189249095755,Micro (<10 ha)
12.75229729729588,3300.3063063062727,2.60708447087651,258.80092263894295,Small (10-50 ha)
2.7504954954958523,1100.1081081083976,1.8712204906524597,399.96724586893856,Micro (<10 ha)
108.0194594594615,14401.207207207568,3.9087956587056354,133.32048946803127,Medium (50-200 ha)
3.7506756756745743,1000.0720720719546,1.4567050016545635,266.63784303133264,Micro (<10 ha)
5.500990990992868,1700.1981981988065,2.044909783466544,309.07125661224535,Micro (<10 ha)
25.25454954955145,6800.6486486489885,3.8174696460450006,269.2841000907805,Small (10-50 ha)
3.0005405405408236,1100.1261261263862,1.7915865651925935,366.6426469705679,Micro (<10 ha)
2.5004504504497165,900.054054053966,1.6056634958253688,359.9567645469989,Micro (<10 ha)
8.001441441439091,2100.1261261259206,2.094384089965693,262.46847414885343,Micro (<10 ha)
5.75103603603784,1800.1981981983408,2.1175922859141583,313.0215472338758,Micro (<10 ha)
7.2513063063076695,2000.1981981983408,2.095366394063185,275.8397058001032,Micro (<10 ha)
3.7506756756745743,1400.0900900899433,2.039371255289155,373.29009788033227,Micro (<10 ha)
4.750855855854461,1800.1261261259206,2.3297647831146158,378.90565000149024,Micro (<10 ha)
5.250945945945569,1400.1261261263862,1.7236276556026,266.6426469705845,Micro (<10 ha)
3.0005405405396597,1100.108108107932,1.7915572223394014,366.636642046527,Micro (<10 ha)
145.2761711711611,30002.57657657517,7.021928908103582,206.5209754270493,Medium (50-200 ha)
32.75590090090642,4800.41441441467,2.3660778224768455,146.55113376172883,Small (10-50 ha)
6.751216216214234,1700.1441441439092,1.8458219381715686,251.82783215574014,Micro (<10 ha)
5.500990990994032,1400.1621621623635,1.6840420763170256,254.52907747979302,Micro (<10 ha)
3.250585585584631,900.054054053966,1.4082600453221983,276.8898188823069,Micro (<10 ha)
83.51504504505311,20401.909909910057,6.297722695276561,244.29023415965375,Medium (50-200 ha)
5.500990990989376,1300.1261261259206,1.5637239457568926,236.34398388499952,Micro (<10 ha)
2.5004504504497165,1000.0900900899433,1.7841241233916427,399.9639704558324,Micro (<10 ha)
3.500630630629603,1100.1261261259206,1.6586868525373895,314.2651259747614,Micro (<10 ha)
19.253468468470963,4900.468468468636,3.1504905268519954,254.52393040212627,Small (10-50 ha)
4.250765765764518,1300.1441441439092,1.7789059393103368,305.86115909166614,Micro (<10 ha)
2.750495495494688,1200.0900900899433,2.0412840798592344,436.3177805801504,Micro (<10 ha)
7.251306306304177,2300.216216215864,2.4096590842249745,317.2140465527005,Micro (<10 ha)
36.7566216216248,8200.720720720477,3.8157445819084423,223.1086633896679,Small (10-50 ha)
3.0005405405396597,1100.0900900899433,1.79152787948662,366.6306371224991,Micro (<10 ha)
68.76238738738233,15101.225225225091,5.137262759382833,219.61461489331762,Medium (50-200 ha)
304.80490990989944,55504.828828827944,8.968397654208813,182.0995234139608,Large (200-500 ha)
2.750495495494688,800.054054053966,1.3608458373694272,290.8763367780295,Micro (<10 ha)
4.250765765764518,1000.0720720719546,1.3683360854719806,235.26868502764643,Micro (<10 ha)
8.001441441439091,1900.1621621618979,1.8949668552183303,237.4774815348953,Micro (<10 ha)
5.250945945944404,1600.1441441439092,1.9698601778311058,304.73445368063426,Micro (<10 ha)
36.75662162162247,7600.558558559045,3.536492843369561,206.7806621838155,Small (10-50 ha)
7.751396396394121,1700.1441441439092,1.7226253682618458,219.333918329193,Micro (<10 ha)
2.5004504504497165,700.054054053966,1.24887081463178,279.97117636466595,Micro (<10 ha)
5.500990990989376,1600.108108107932,1.924526639506815,290.8763367780295,Micro (<10 ha)
100.26806306306273,22802.234234233852,6.423787379947881,227.41273280498683,Medium (50-200 ha)
4.000720720719546,1300.108108107932,1.8336034481419234,324.96847414885343,Micro (<10 ha)
4.750855855854461,1200.1261261259206,1.5532309338575512,252.61261602938552,Micro (<10 ha)
12.25220720720361,3000.198198197875,2.4178972840874002,244.87001790452314,Small (10-50 ha)
2.750495495494688,800.0900900899433,1.360907132589802,290.88943843045405,Micro (<10 ha)
3.250585585584631,1100.108108107932,1.72127250269627,338.4338234275634,Micro (<10 ha)
4.000720720719546,1600.1441441439092,2.2567583433475535,399.9639704558325,Micro (<10 ha)
3.0005405405396597,1100.1261261259206,1.7915865651921827,366.64264697055495,Micro (<10 ha)
12.752297297293554,2600.216216215864,2.054046712350577,203.90178770124135,Small (10-50 ha)
18.003243243244942,5300.450450450648,3.5239721890898674,294.41642146558496,Small (10-50 ha)
510.34193693693607,63105.62162162084,7.880113780725144,123.65360761919693,Core (>500 ha)
9.001621621618979,2600.198198197875,2.4447876564186126,288.85886426874924,Micro (<10 ha)
4.500810810809489,1300.1261261259206,1.728761867923224,288.8648691927772,Micro (<10 ha)
4.000720720719546,1300.0900900899433,1.8335780364859953,324.96397045583245,Micro (<10 ha)
3.7506756756745743,1100.1261261259206,1.6024437389380317,293.314117576444,Micro (<10 ha)
6.251126126124291,2100.1801801798865,2.3695860958525605,335.96829400113256,Micro (<10 ha)
6.501171171169262,1800.1621621618979,1.9916402590717794,276.8981333924994,Micro (<10 ha)
2.5004504504497165,1100.0720720719546,1.9624883205036974,439.9495586381654,Micro (<10 ha)
19.003423423417843,5600.39639639575,3.624081142548822,294.7046051446922,Small (10-50 ha)
124.27238738738001,27602.774774774443,6.984904762444238,222.11510823181897,Medium (50-200 ha)
3.500630630629603,1400.108108107932,2.110976965184635,399.9588233780942,Micro (<10 ha)
5.500990990989376,1500.1261261259206,1.8042735223455013,272.7010694224236,Micro (<10 ha)
16.002882882879348,4900.324324324261,3.4555786253693777,306.2150963790945,Small (10-50 ha)
7.00126126126037,2000.1801801803522,2.1324361948816564,285.6885503256136,Micro (<10 ha)
5.000900900901761,1100.1261261263862,1.3877569860559187,219.98558818232368,Micro (<10 ha)
2.7504954954993446,800.0540540544316,1.3608458373690673,290.87633677770634,Micro (<10 ha)
2.7504954955005085,1200.1081081088632,2.041314727468846,436.3243314057779,Micro (<10 ha)
3.5006306306354236,1300.1081081083976,1.9602045389003286,371.39254188391936,Micro (<10 ha)
11.00198198198108,2900.288288288284,2.4666116147333272,263.61507345116024,Small (10-50 ha)
4.500810810814146,1100.0720720724203,1.462752429898416,244.41642146549805,Micro (<10 ha)
4.250765765770338,1300.1081081088632,1.7788566334555633,305.85268155166233,Micro (<10 ha)
3.000540540544316,1100.0540540548973,1.7914691937811835,366.6186272741847,Micro (<10 ha)
3.250585585589288,1000.0720720724203,1.5647521781583122,307.65904965124014,Micro (<10 ha)
7.501351351356134,2400.180180180352,2.472117786879082,319.96637242520774,Micro (<10 ha)
6.751216216215398,1900.1621621623635,2.062978611009837,281.4547929302667,Micro (<10 ha)
12.002162162162131,3800.34234234225,3.0944825879405835,316.63814327748065,Small (10-50 ha)
22.003963963960995,4800.396396396216,2.8868333015262553,218.1605279966148,Small (10-50 ha)
3.000540540543152,1100.0720720724203,1.791498536633554,366.62463219819966,Micro (<10 ha)
3.0005405405408236,1200.1081081083976,1.9544100555418453,399.96397045583245,Micro (<10 ha)
4.00072072072071,1300.090090090409,1.833578036486385,324.9639704558543,Micro (<10 ha)
7.7513963963987775,2000.1621621623635,2.026610563019219,258.03894677501194,Micro (<10 ha)
10.501891891898122,2800.288288288284,2.4376089758624255,266.64607835552164,Small (10-50 ha)
2.750495495497016,1100.1081081083976,1.8712204906520638,399.96724586876934,Micro (<10 ha)
24.75445945946849,5400.468468468636,3.06196187533359,218.1614378334962,Small (10-50 ha)
4.250765765766846,1500.1441441443749,2.0525534340628764,352.91150508119006,Micro (<10 ha)
3.2505855855869594,1300.1441441443749,2.0342567683692825,399.9722849658817,Micro (<10 ha)
20.00360360360006,5500.504504504148,3.469312914073121,274.9756800576782,Small (10-50 ha)
5.5009909909917045,1900.1621621623635,2.285416017788777,345.4217913234225,Micro (<10 ha)
3.0005405405396597,1200.108108107932,1.9544100555414663,399.96397045583245,Micro (<10 ha)
3.0005405405396597,1000.0900900899433,1.6286750462845552,333.3033087131937,Micro (<10 ha)
14.252567567575024,3100.234234234784,2.316557163515489,217.52110414743098,Small (10-50 ha)
13.502432432433125,2800.234234234784,2.14972755085752,207.38739099397844,Small (10-50 ha)
4.000720720719546,1700.1621621618979,2.39781844563474,424.9639704558325,Micro (<10 ha)
4.750855855854461,1600.0720720719546,2.070850208691271,336.7965942599989,Micro (<10 ha)
13.752477477478097,4500.450450451579,3.423423135640514,327.24652396790276,Small (10-50 ha)
10.00180180180003,3000.252252252307,2.676170113345354,299.9711763646776,Small (10-50 ha)
5.250945945945569,1500.1441441443749,1.8467550072729186,285.69026601819934,Micro (<10 ha)
3.0005405405396597,900.0720720719546,1.465792870229709,299.9699753798604,Micro (<10 ha)
18.253288288289912,4600.414414415136,3.0375362326734643,252.0320909721485,Small (10-50 ha)
3.500630630629603,1200.108108107932,1.809432112617878,342.8262603907135,Micro (<10 ha)
2.5004504504497165,800.0360360359773,1.4272350117438346,319.9567645469989,Micro (<10 ha)
11.502072072072188,2900.2162162163295,2.4123338017197797,252.14728251079657,Small (10-50 ha)
7.251306306304177,1600.0900900899433,1.6762213890947346,220.66232241476945,Micro (<10 ha)
4.500810810809489,1400.1441441439092,1.8617546077660738,311.0870914149994,Micro (<10 ha)
2.750495495494688,1100.108108107932,1.8712204906520638,399.9672458689386,Micro (<10 ha)
2.750495495494688,800.0720720719546,1.3608764849796144,290.8828876042418,Micro (<10 ha)
16.252927927928976,3400.3423423427157,2.379314803691526,209.2141402103666,Small (10-50 ha)
7.001261261259206,2900.252252251841,3.0920228778747973,414.2471112026776,Micro (<10 ha)
13.252387387386989,4100.396396396682,3.177414330422462,309.4081297607743,Small (10-50 ha)
11.252027027026053,3500.3063063062727,2.9436470446751253,311.0822874757541,Small (10-50 ha)
5.751036036034347,1600.1441441439092,1.8822665745261198,278.23580553449216,Micro (<10 ha)
2.750495495494688,800.0900900899433,1.360907132589802,290.88943843045405,Micro (<10 ha)
7.251306306304177,1800.1801801798865,1.8858316421872978,248.25598369976962,Micro (<10 ha)
3.250585585584631,1200.0900900899433,1.8777082521306572,369.1919681832042,Micro (<10 ha)
11.252027027023724,2400.2342342338525,2.0185211783899963,213.31571888951808,Small (10-50 ha)
9.001621621620142,2900.288288288284,2.7269417432011505,322.19620088477797,Micro (<10 ha)
3.7506756756745743,1300.1261261259206,1.893763743232633,346.63784303133264,Micro (<10 ha)
3.7506756756745743,1200.0900900899433,1.748051250994554,319.96637242544364,Micro (<10 ha)
2.5004504504497165,1000.1261261259206,1.7841884103611223,399.97838227349945,Micro (<10 ha)
2.5004504504497165,1000.0900900899433,1.7841241233916427,399.9639704558324,Micro (<10 ha)
25.254549549547956,5700.504504504614,3.1999157782417984,225.72188402412624,Small (10-50 ha)
2.750495495494688,1100.108108107932,1.8712204906520638,399.9672458689386,Micro (<10 ha)
8.751576576574006,2300.198198197875,2.193396662432752,262.83243688399943,Micro (<10 ha)
5.500990990989376,1600.1621621618979,1.9245916529057872,290.88616301734794,Micro (<10 ha)
10.501891891888809,3000.252252251841,2.6116746088361613,285.68683463301517,Small (10-50 ha)
6.751216216214234,1700.0900900899433,1.845763252466006,251.81982559036956,Micro (<10 ha)
6.501171171169262,1800.1441441439092,1.9916203245287871,276.8953618891019,Micro (<10 ha)
5.500990990989376,1600.1441441439092,1.9245699817727964,290.8828876042418,Micro (<10 ha)
3.500630630629603,1200.1261261259206,1.8094592788207677,342.83140746845174,Micro (<10 ha)
6.251126126124291,2600.162162161898,2.93370452905285,415.9509998199321,Micro (<10 ha)
3.250585585584631,1000.054054053966,1.564723986457645,307.65350664474266,Micro (<10 ha)
4.500810810809489,1300.1261261259206,1.728761867923224,288.8648691927772,Micro (<10 ha)
8.751576576574006,2500.2342342338525,2.38414473542548,285.68957974114227,Micro (<10 ha)
9.001621621618979,2100.198198197875,1.9746720209810857,233.31331691990692,Micro (<10 ha)
15.502792792788242,3300.252252251841,2.364488645929199,212.88114318260696,Small (10-50 ha)
99.26788288287236,22401.96396396216,6.342738147839639,225.67182167463537,Medium (50-200 ha)
3.7506756756745743,1200.0900900899433,1.748051250994554,319.96637242544364,Micro (<10 ha)
4.000720720719546,1600.1621621618979,2.256783755003482,399.96847414885343,Micro (<10 ha)
8.751576576577499,2500.2342342352495,2.3841447354263368,285.6895797411879,Micro (<10 ha)
11.50207207206986,3300.2162162163295,2.7450446924779817,286.923625198815,Small (10-50 ha)
3.5006306306365875,1100.0720720724203,1.6586053539277676,314.24968474105276,Micro (<10 ha)
9.501711711715906,3000.234234234318,2.745676113529005,315.75723672345646,Micro (<10 ha)
11.001981981982244,3100.252252252307,2.63667520394034,281.7903408067325,Small (10-50 ha)
3.000540540541988,1000.0900900904089,1.6286750462846815,333.30330871309025,Micro (<10 ha)
4.750855855857953,1500.1621621623635,1.9415444971555216,315.76671818249696,Micro (<10 ha)
6.001081081087468,2000.1621621623635,2.3032735906230375,333.30030625080474,Micro (<10 ha)
5.500990990992868,1700.1441441448405,2.0448447700675723,309.0614303729269,Micro (<10 ha)
12.25220720720943,3100.234234234784,2.498517577769337,253.03475380424086,Small (10-50 ha)
3.250585585588124,900.1081081083976,1.4083446204253487,276.90644790253765,Micro (<10 ha)
14.252567567570368,4400.342342343647,3.2880240023523304,308.7403249612359,Small (10-50 ha)
7.2513063063076695,1800.1441441443749,1.8857938915790018,248.2510141074153,Micro (<10 ha)
6.001081081081647,2000.1981981983408,2.3033150876845165,333.30631117515594,Micro (<10 ha)
10.501891891895793,2400.198198198341,2.0893365501857297,228.5491245677886,Small (10-50 ha)
4.250765765765681,1600.1621621623635,2.1894018343667856,376.4409168459861,Micro (<10 ha)
6.501171171175083,1300.1261261263862,1.4384168210454304,199.98337097950755,Micro (<10 ha)
7.501351351351477,2500.180180180352,2.575114962145837,333.2973037891244,Micro (<10 ha)
2.750495495494688,1000.0720720719546,1.7010649586143307,363.59705867908997,Micro (<10 ha)
3.0005405405396597,900.0720720719546,1.465792870229709,299.9699753798604,Micro (<10 ha)
11.752117117115995,3200.3063063062727,2.6334711192055744,272.317427950517,Small (10-50 ha)
2.5004504504497165,1000.054054053966,1.7840598364221631,399.9495586381654,Micro (<10 ha)
7.751396396394121,2700.216216215864,2.7359215216352477,348.3522294733862,Micro (<10 ha)
9.501711711712414,2400.34234234225,2.1966826984575585,252.62209748833314,Micro (<10 ha)
3.0005405405396597,1100.0900900899433,1.79152787948662,366.6306371224991,Micro (<10 ha)
12.002162162163295,3500.270270270761,2.8501446524322,291.6366420464915,Small (10-50 ha)
2.750495495494688,1100.0720720719546,1.8711591954316888,399.954144216514,Micro (<10 ha)
9.501711711708921,1800.1441441439092,1.647408965969703,189.4547212925434,Micro (<10 ha)
4.250765765764518,1100.108108107932,1.5052091387030426,258.80233556225437,Micro (<10 ha)
3.250585585584631,1100.0900900899433,1.7212443109952107,338.42828042076843,Micro (<10 ha)
55.25995495495619,11400.954954955727,4.326443479586002,206.31495201631884,Medium (50-200 ha)
4.750855855854461,1800.1441441439092,2.3297881024493905,378.9094425850868,Micro (<10 ha)
3.500630630629603,1100.054054053966,1.6585781877258308,314.2445376638085,Micro (<10 ha)
2.750495495494688,900.0900900899433,1.53100136940716,327.24652396787815,Micro (<10 ha)
4.500810810809489,1200.1261261259206,1.5957930864193448,266.64665025324024,Micro (<10 ha)
2.750495495494688,1200.1441441439092,2.041376022689797,436.33743305878727,Micro (<10 ha)
51.259234234235485,13401.243243244011,5.280245329319283,261.44056663049923,Medium (50-200 ha)
22.003963963965653,5100.504504504614,3.0673104973666248,231.79934819277798,Small (10-50 ha)
3.0005405405396597,1200.0900900899433,1.9543807126886847,399.9579655318045,Micro (<10 ha)
3.0005405405396597,1000.0720720719546,1.6286457034317738,333.29730378916577,Micro (<10 ha)
3.0005405405396597,1000.1081081079319,1.6287043891373365,333.30931363722163,Micro (<10 ha)
2.750495495494688,1200.108108107932,2.041314727469422,436.32433140636266,Micro (<10 ha)
4.500810810809489,1700.1621621618979,2.260684910616682,377.7457515162955,Micro (<10 ha)
2.750495495494688,800.054054053966,1.3608458373694272,290.8763367780295,Micro (<10 ha)
3.250585585584631,1100.108108107932,1.72127250269627,338.4338234275634,Micro (<10 ha)
9.25166666666395,2700.2882882878184,2.504351083619966,291.87046891968413,Micro (<10 ha)
5.250945945944404,1000.0900900899433,1.2311626111444411,190.4590335503964,Micro (<10 ha)
2.750495495494688,900.0720720719546,1.5309707217969726,327.23997314166587,Micro (<10 ha)
3.0005405405396597,1100.0900900899433,1.79152787948662,366.6306371224991,Micro (<10 ha)
8.001441441439091,1600.1621621618979,1.5957870968346022,199.98423707442672,Micro (<10 ha)
3.500630630629603,1200.1261261259206,1.8094592788207677,342.83140746845174,Micro (<10 ha)
8.251486486484064,1700.1441441439092,1.66960876328773,206.0409535819692,Micro (<10 ha)
3.250585585584631,1300.108108107932,2.0342003849671633,399.961198952435,Micro (<10 ha)
36.0064864864829,7000.648648648523,3.291114387933944,194.42743049302013,Small (10-50 ha)
3.7506756756745743,1300.1261261259206,1.893763743232633,346.63784303133264,Micro (<10 ha)
2.5004504504497165,1000.0900900899433,1.7841241233916427,399.9639704558324,Micro (<10 ha)
21.25382882882492,4700.414414414205,2.8761572585126576,221.15612449270304,Small (10-50 ha)
16.753018018013098,3900.3423423417844,2.688136191263189,232.8143107199,Small (10-50 ha)
10.251846846843836,3300.2342342338525,2.907627570396579,321.9160687373975,Small (10-50 ha)
22.50405405405094,6200.540540540591,3.687179140514749,275.52993454636834,Small (10-50 ha)
7.751396396394121,2400.27027026983,2.4320093519679453,309.6564989743543,Micro (<10 ha)
2.5004504504497165,800.0720720719546,1.4272992987133142,319.97117636466595,Micro (<10 ha)
2.5004504504497165,800.054054053966,1.4272671552285743,319.9639704558324,Micro (<10 ha)
2.5004504504497165,700.0720720719546,1.2489029581165199,279.97838227349945,Micro (<10 ha)
14.252567567563382,3800.3423423417844,2.839691975448322,266.642646970555,Small (10-50 ha)
13.252387387383497,2700.252252251841,2.0924367726011504,203.75591003493668,Small (10-50 ha)
3.500630630629603,1200.0720720719546,1.8093777802120987,342.81596623523706,Micro (<10 ha)
2.750495495494688,1000.0720720719546,1.7010649586143307,363.59705867908997,Micro (<10 ha)
4.500810810809489,1600.1621621618979,2.127716129112803,355.5275325767586,Micro (<10 ha)
3.0005405405396597,1200.108108107932,1.9544100555414663,399.96397045583245,Micro (<10 ha)
10.751936936933781,3000.2882882878184,2.5811586580648904,279.04630634333273,Small (10-50 ha)
11.001981981978751,3200.3423423417844,2.72179894137451,290.887800723901,Small (10-50 ha)
7.751396396394121,2200.216216215864,2.2293099574936504,283.8477228747306,Micro (<10 ha)
2.5004504504497165,800.0900900899433,1.427331442198054,319.97838227349945,Micro (<10 ha)
4.500810810809489,1200.108108107932,1.595769128080374,266.64264697055495,Micro (<10 ha)
3.0005405405396597,1000.0900900899433,1.6286750462845552,333.3033087131937,Micro (<10 ha)
2.7504954954958523,1000.0900900904089,1.70109560622495,363.6036095053176,Micro (<10 ha)
6.25112612613244,2100.180180180352,2.3695860958515413,335.96829400076905,Micro (<10 ha)
2.500450450455537,1000.0720720724203,1.7840919799056572,399.9567645462541,Micro (<10 ha)
11.252027027026053,3000.2702702702954,2.5231325322576006,266.64264697054114,Small (10-50 ha)
4.250765765769175,1600.126126126852,2.189352528511693,376.4324393059822,Micro (<10 ha)
3.000540540544316,1200.1261261263862,1.9544393983934891,399.9699753793949,Micro (<10 ha)
45.75824324324262,8700.75675675692,3.628418930602724,190.14621497825556,Small (10-50 ha)
4.000720720725367,1100.1081081083976,1.5515340668789355,274.9774815346116,Micro (<10 ha)
2.5004504504520444,1100.1081081083976,1.9625526074730937,439.96397045560906,Micro (<10 ha)
3.500630630633095,1000.0900900904089,1.5078600938481814,285.68855032544263,Micro (<10 ha)
3.000540540543152,1200.126126126852,1.9544393983946267,399.9699753797052,Micro (<10 ha)
24.754459459464996,5700.342342342716,3.231984601060683,230.2753712589414,Small (10-50 ha)
5.751036036040168,2200.180180180352,2.5880953451864683,382.5710996057798,Micro (<10 ha)
2.750495495497016,900.1081081083976,1.5310320170174914,327.2530747939827,Micro (<10 ha)
3.7506756756745743,1200.0720720719546,1.7480250059491649,319.96156848622127,Micro (<10 ha)
11.502072072078008,3300.3063063067384,2.7451196273625804,286.93145770825384,Small (10-50 ha)
7.7513963963987775,2300.180180180352,2.3305957577766376,296.74397522090254,Micro (<10 ha)
2.750495495494688,800.0360360359773,1.3608151897592398,290.8697859518172,Micro (<10 ha)
2.5004504504497165,900.0900900899433,1.6057277827948484,359.97117636466595,Micro (<10 ha)
3.250585585584631,1400.0360360359773,2.1905515592983718,430.7027146876907,Micro (<10 ha)
5.250945945944404,1200.0900900899433,1.477372952261553,228.54740887531688,Micro (<10 ha)
4.500810810809489,1500.1261261259206,1.9946994309309822,333.30130707185106,Micro (<10 ha)
18.253288288298062,5900.504504505079,3.8959525401282282,323.2570707979128,Small (10-50 ha)
9.501711711710087,2300.2162162163295,2.1050518818678094,242.08440394813286,Micro (<10 ha)
3.500630630629603,1100.1261261259206,1.6586868525373895,314.2651259747614,Micro (<10 ha)
4.750855855854461,1900.1621621618979,2.459233729993676,399.96207416403416,Micro (<10 ha)
3.250585585584631,1100.0900900899433,1.7212443109952107,338.42828042076843,Micro (<10 ha)
7.251306306304177,2000.1801801798865,2.095347518759037,275.83722100402235,Micro (<10 ha)
5.000900900899433,1300.0720720719546,1.6399793237772793,259.9675734102492,Micro (<10 ha)
3.250585585584631,1300.1261261259206,2.034228576668223,399.96674195923,Micro (<10 ha)
51.25923423423199,8200.594594594557,3.2311294198454177,159.98277612032737,Medium (50-200 ha)
25.25454954955494,5500.522522523534,3.0876580826287032,217.80323231385725,Small (10-50 ha)
5.000900900899433,1600.1441441439092,2.018506025805976,319.97117636466595,Micro (<10 ha)
3.7506756756745743,1300.108108107932,1.893737498187244,346.6330390921103,Micro (<10 ha)
3.250585585584631,1100.1261261259206,1.7213006943973297,338.4393664343584,Micro (<10 ha)
3.500630630629603,1100.108108107932,1.6586596863344998,314.2599788970232,Micro (<10 ha)
4.000720720719546,1200.0720720719546,1.692517934198809,299.96397045583245,Micro (<10 ha)
19.503513513515937,5800.540540541988,3.705161192705103,297.4100300708492,Small (10-50 ha)
9.501711711708921,2600.27027026983,2.3796475249620497,273.6633513165346,Micro (<10 ha)
2.5004504504497165,900.0720720719546,1.6056956393101085,359.9639704558324,Micro (<10 ha)
3.7506756756745743,1000.0900900899433,1.4567312466999527,266.64264697055495,Micro (<10 ha)
2.5004504504497165,800.0720720719546,1.4272992987133142,319.97117636466595,Micro (<10 ha)
4.000720720719546,1400.1261261259206,1.9746635504291095,349.96847414885343,Micro (<10 ha)
6.001081081079319,1700.1441441439092,1.9577898140160186,283.30631117520767,Micro (<10 ha)
2.750495495494688,900.0720720719546,1.5309707217969726,327.23997314166587,Micro (<10 ha)
3.500630630629603,1400.1261261259206,2.1110041313875243,399.96397045583245,Micro (<10 ha)
6.751216216214234,2300.216216215864,2.497311518587245,340.711383334382,Micro (<10 ha)
13.002342342338524,2600.2882882878184,2.0342567683692825,199.9861424830125,Small (10-50 ha)
2.750495495494688,900.054054053966,1.5309400741867853,327.2334223154536,Micro (<10 ha)
42.75770270270994,8300.594594594091,3.580940373145024,194.13097687467683,Small (10-50 ha)
3.7506756756745743,1400.108108107932,2.0393975003345446,373.29490181955464,Micro (<10 ha)
4.250765765764518,1500.1261261259206,2.052528781135386,352.9072663113717,Micro (<10 ha)
3.7506756756745743,1500.1621621618979,2.185136237618013,399.97117636466595,Micro (<10 ha)
8.251486486484064,2300.2342342338525,2.2589209558023224,278.7660427005045,Micro (<10 ha)
2.750495495494688,1100.108108107932,1.8712204906520638,399.9672458689386,Micro (<10 ha)
2.5004504504497165,800.054054053966,1.4272671552285743,319.9639704558324,Micro (<10 ha)
2.5004504504497165,800.0900900899433,1.427331442198054,319.97838227349945,Micro (<10 ha)
6.251126126126619,2200.198198198341,2.482434177682372,351.96829400107595,Micro (<10 ha)
192.53468468469683,35103.18918918865,7.136530951196498,182.3213788553224,Medium (50-200 ha)
5.000900900901761,1700.1441441443749,2.1446512879809227,339.96757341018406,Micro (<10 ha)
25.25454954954679,7000.594594594557,3.9297071132241146,277.20132488841745,Small (10-50 ha)
8.251486486492214,2200.180180180352,2.1606639191696324,266.6404633616106,Micro (<10 ha)
4.750855855857953,1400.1081081088632,1.8120522309423377,294.7065014364699,Micro (<10 ha)
11.502072072080336,2700.180180180818,2.2459483823863358,234.75597816284997,Small (10-50 ha)
3.000540540543152,800.0720720724203,1.302940037027644,266.6426469703998,Micro (<10 ha)
2.500450450453209,1000.1081081083976,1.7841562668759672,399.9711763642935,Micro (<10 ha)
5.500990990992868,1500.1441441443749,1.8042951934784794,272.70434483544125,Micro (<10 ha)
2.75049549549818,1100.090090090409,1.8711898430414804,399.9606950423878,Micro (<10 ha)
3.750675675679231,1300.1081081083976,1.8937374981867465,346.6330390918041,Micro (<10 ha)
6.75121621621889,2200.234234234784,2.388762525021243,325.9019062297274,Micro (<10 ha)
4.000720720723039,1200.090090090409,1.6925433458546553,299.9684741487079,Micro (<10 ha)
3.000540540544316,1200.1081081083976,1.9544100555407078,399.96397045536696,Micro (<10 ha)
2.500450450455537,1100.090090090409,1.9625204639869835,439.95676454616097,Micro (<10 ha)
8.001441441444912,2300.1981981988065,2.293909137238518,287.47297784178164,Micro (<10 ha)
5.500990990992868,2000.2162162167951,2.4057558194823336,363.61016033145296,Micro (<10 ha)
6.751216216221219,2000.1981981988065,2.171586290281149,296.272276600016,Micro (<10 ha)
26.254729729726677,8800.810810810886,4.845225309875284,335.2085853257232,Small (10-50 ha)
6.251126126126619,2600.252252252307,2.9338061756765415,415.96541163751874,Micro (<10 ha)
8.75157657658332,2300.198198198341,2.193396662432029,262.8324368837729,Micro (<10 ha)
5.500990990994032,1900.2162162163295,2.2854810311872655,345.4316175625947,Micro (<10 ha)
4.500810810811817,1800.1801801803522,2.393677650459532,399.96797373841434,Micro (<10 ha)
2.7504954954958523,1200.1261261263862,2.041345375079969,436.33088223255953,Micro (<10 ha)
2.5004504504497165,800.0720720719546,1.4272992987133142,319.97117636466595,Micro (<10 ha)
5.250945945945569,2100.180180180352,2.585430392847725,399.96225476325304,Micro (<10 ha)
4.500810810809489,1400.108108107932,1.8617066910881326,311.0790848496288,Micro (<10 ha)
4.250765765765681,1200.1081081083976,1.6420328860796871,282.3275085570904,Micro (<10 ha)
5.500990990989376,1700.1441441439092,2.044844770067101,309.06143037295385,Micro (<10 ha)
9.251666666667443,2900.2522522527725,2.6898053449339443,313.4843003695762,Micro (<10 ha)
3.0005405405396597,1000.0720720719546,1.6286457034317738,333.29730378916577,Micro (<10 ha)
2.750495495494688,900.0720720719546,1.5309707217969726,327.23997314166587,Micro (<10 ha)
9.251666666665114,2100.180180180352,1.94778777245539,227.00560405484106,Micro (<10 ha)
50.5090990990994,9900.936936936341,3.9299457124151256,196.02283773683223,Medium (50-200 ha)
4.000720720719546,1300.1441441439092,1.8336542714537798,324.97748153489533,Micro (<10 ha)
35.7564414414519,5000.432432432659,2.358986666308594,139.84703820765938,Small (10-50 ha)
2.750495495494688,1100.0900900899433,1.8711898430418763,399.96069504272634,Micro (<10 ha)
28.505135135134914,6700.540540540125,3.5403268193425714,235.06433169934914,Small (10-50 ha)
5.500990990989376,1500.108108107932,1.8042518512125107,272.6977940093175,Micro (<10 ha)
5.250945945944404,1900.1621621618979,2.33919787061855,361.87044805317373,Micro (<10 ha)
4.000720720719546,1200.0900900899433,1.6925433458547372,299.96847414885343,Micro (<10 ha)
2.5004504504497165,800.0360360359773,1.4272350117438346,319.9567645469989,Micro (<10 ha)
2.5004504504497165,800.0720720719546,1.4272992987133142,319.97117636466595,Micro (<10 ha)
3.500630630629603,1100.0720720719546,1.6586053539287204,314.24968474154673,Micro (<10 ha)
4.750855855854461,1600.1261261259206,2.0709201666955943,336.80797201078866,Micro (<10 ha)
2.750495495494688,1000.1081081079319,1.7011262538347056,363.6101603315145,Micro (<10 ha)
10.001801801798866,2400.216216215864,2.1409489480699713,239.97838227349945,Small (10-50 ha)
4.750855855854461,1300.108108107932,1.6826299227322874,273.65766244113973,Micro (<10 ha)
4.250765765764518,1200.108108107932,1.6420328860792748,282.3275085570582,Micro (<10 ha)
7.751396396394121,2400.216216215864,2.4319545831502896,309.6495255141929,Micro (<10 ha)
4.250765765764518,1100.0900900899433,1.5051844857756278,258.7980967923523,Micro (<10 ha)
4.000720720719546,1200.1441441439092,1.6926195808225217,299.98198522791625,Micro (<10 ha)
4.250765765764518,1200.1261261259206,1.6420575390066898,282.3317473269602,Micro (<10 ha)
6.001081081079319,1400.1261261259206,1.6123060374079723,233.31231609923557,Micro (<10 ha)
21.753918918912532,4400.324324323796,2.6614052081551947,202.2773156747504,Small (10-50 ha)
2.5004504504497165,800.054054053966,1.4272671552285743,319.9639704558324,Micro (<10 ha)
3.7506756756745743,1100.108108107932,1.6024174938926425,293.30931363722163,Micro (<10 ha)
4.750855855854461,1400.108108107932,1.8120522309417983,294.7065014364905,Micro (<10 ha)
3.500630630629603,1200.0900900899433,1.8094049464149884,342.8211133129753,Micro (<10 ha)
6.251126126124291,1600.108108107932,1.805366016028558,255.97117636466595,Micro (<10 ha)
2.750495495494688,1000.0720720719546,1.7010649586143307,363.59705867908997,Micro (<10 ha)
5.250945945944404,1800.1801801798865,2.2161148811717704,342.82969177587233,Micro (<10 ha)
3.500630630629603,1100.0720720719546,1.6586053539287204,314.24968474154673,Micro (<10 ha)
35.756441441430944,7200.612612611614,3.396936039418831,201.37945282967317,Small (10-50 ha)
15.002702702698297,2700.2342342338525,1.9665806217835888,179.98318621272182,Small (10-50 ha)
6.501171171169262,1600.1261261259206,1.7703269624097004,246.12890262326863,Micro (<10 ha)
18.7533783783752,4200.360360360239,2.7361623406170734,223.97886266741875,Small (10-50 ha)
3.2505855855857955,1000.1441441443749,1.564864944963391,307.6812216787507,Micro (<10 ha)
3.5006306306319313,1200.1081081083976,1.8094321126179782,342.82626039061853,Micro (<10 ha)
4.00072072072071,1600.1621621623635,2.25678375500381,399.96847414885343,Micro (<10 ha)
2.750495495497016,1000.0540540544316,1.7010343110042154,363.59050785273917,Micro (<10 ha)
10.001801801802358,2600.2702702702954,2.3193935038938855,259.9801837506636,Small (10-50 ha)
3.500630630633095,1400.1621621623635,2.1110584637929524,399.9742646110429,Micro (<10 ha)
11.502072072072188,3600.3603603602387,2.994697756362441,313.0184142300897,Small (10-50 ha)
21.50387387386989,5600.5765765761025,3.406978991933684,260.44500676603946,Small (10-50 ha)
4.750855855855625,1700.1981981983408,2.2004357522445366,357.8719813405361,Micro (<10 ha)
3.5006306306319313,1300.1441441443749,1.9602588713070856,371.4028360397663,Micro (<10 ha)
6.001081081082812,1900.1981981988065,2.188160744992241,316.64264697052585,Micro (<10 ha)
2.75049549549818,800.0900900904089,1.36090713258973,290.889438430254,Micro (<10 ha)
3.000540540544316,800.0720720724203,1.3029400370273911,266.64264697029637,Micro (<10 ha)
5.75103603603784,1700.1621621623635,1.9999188328270348,295.62710988221966,Micro (<10 ha)
3.500630630633095,1000.1081081083976,1.507887260051071,285.6936974031808,Micro (<10 ha)
3.500630630633095,1300.126126126852,1.9602317051045721,371.3976889620376,Micro (<10 ha)
12.00216216216446,3200.3063063062727,2.605894745481426,266.6441482014714,Small (10-50 ha)
40.757342342352494,10300.828828829806,4.551602316796209,252.73553761933653,Small (10-50 ha)
2.75049549549818,1100.1081081083976,1.8712204906516678,399.96724586860006,Micro (<10 ha)
3.000540540541988,1200.090090090409,1.9543807126886847,399.95796553164934,Micro (<10 ha)
4.250765765766846,1300.1441441443749,1.778905939310487,305.86115909160816,Micro (<10 ha)
3.7506756756803954,1300.1261261263862,1.8937637432318417,346.6378430309188,Micro (<10 ha)
9.251666666673264,2700.2702702702954,2.5043343730171355,291.86852137651266,Micro (<10 ha)
5.000900900902925,1300.090090090409,1.6400020526533245,259.9711763645775,Micro (<10 ha)
3.500630630630767,1200.1081081083976,1.809432112618279,342.82626039073256,Micro (<10 ha)
13.252387387389318,4800.43243243359,3.7198751848581764,362.2315204128108,Small (10-50 ha)
3.0005405405396597,1200.108108107932,1.9544100555414663,399.96397045583245,Micro (<10 ha)
3.0005405405396597,800.054054053966,1.3029106941748627,266.636642046527,Micro (<10 ha)
4.250765765764518,1400.1261261259206,1.915705033759154,329.3820933165679,Micro (<10 ha)
2.5004504504497165,700.0720720719546,1.2489029581165199,279.97838227349945,Micro (<10 ha)
19.00342342343065,4800.432432432659,3.1064152290451092,252.6088234456677,Small (10-50 ha)
8.251486486488721,1800.1441441443749,1.767812716701794,218.1599820943772,Micro (<10 ha)
3.7506756756745743,1000.0900900899433,1.4567312466999527,266.64264697055495,Micro (<10 ha)
3.250585585584631,1400.108108107932,2.19066432610261,430.7248867148707,Micro (<10 ha)
5.250945945944404,2100.1261261259206,2.5853638495121096,399.9519606077766,Micro (<10 ha)
8.001441441442585,2700.234234234318,2.6928514192583943,337.46847414876424,Micro (<10 ha)
2.750495495494688,1100.0900900899433,1.8711898430418763,399.96069504272634,Micro (<10 ha)
28.255090090102748,6500.504504506011,3.4497989317943873,230.06490100638615,Small (10-50 ha)
9.751756756756222,2700.234234234784,2.43924305471263,276.8972095580629,Micro (<10 ha)
2.750495495494688,1100.108108107932,1.8712204906520638,399.9672458689386,Micro (<10 ha)
4.500810810809489,1100.108108107932,1.462800346576495,244.42442803101804,Micro (<10 ha)
2.5004504504497165,1000.0900900899433,1.7841241233916427,399.9639704558324,Micro (<10 ha)
4.250765765764518,1700.1261261259206,2.32617627588785,399.95761230097935,Micro (<10 ha)
3.0005405405396597,1000.054054053966,1.6286163605789925,333.29129886513783,Micro (<10 ha)
2.5004504504497165,900.0720720719546,1.6056956393101085,359.9639704558324,Micro (<10 ha)
2.750495495494688,1100.1261261259206,1.8712511382622512,399.9737966951509,Micro (<10 ha)
13.252387387388152,3200.3243243242614,2.4799447143800717,241.49039948605045,Small (10-50 ha)
7.5013513513491485,1900.1801801798865,1.9571319105497365,253.31171560683282,Micro (<10 ha)
3.250585585584631,1100.0900900899433,1.7212443109952107,338.42828042076843,Micro (<10 ha)
5.751036036034347,2000.1621621618979,2.3528120233714653,347.7916239142745,Micro (<10 ha)
2.750495495494688,1200.1441441439092,2.041376022689797,436.33743305878727,Micro (<10 ha)
4.750855855854461,1400.108108107932,1.8120522309417983,294.7065014364905,Micro (<10 ha)
4.000720720719546,1200.108108107932,1.6925687575106654,299.97297784187435,Micro (<10 ha)
4.750855855854461,1600.1621621618979,2.0709668053651433,336.8155571779818,Micro (<10 ha)
3.0005405405396597,1300.108108107932,2.117262888743531,433.29129886513783,Micro (<10 ha)
2.750495495494688,1200.1441441439092,2.041376022689797,436.33743305878727,Micro (<10 ha)
274.04936936935457,56405.36936937086,9.61172002596791,205.82192726504542,Large (200-500 ha)
4.750855855854461,1600.1441441439092,2.070943486030369,336.81176459438524,Micro (<10 ha)
2.5004504504497165,900.0720720719546,1.6056956393101085,359.9639704558324,Micro (<10 ha)
6.251126126124291,2100.1801801798865,2.3695860958525605,335.96829400113256,Micro (<10 ha)
4.000720720719546,1300.0900900899433,1.8335780364859953,324.96397045583245,Micro (<10 ha)
6.001081081079319,1400.108108107932,1.6122852888777912,233.3093136372216,Micro (<10 ha)
2.5004504504497165,800.054054053966,1.4272671552285743,319.9639704558324,Micro (<10 ha)
2.750495495494688,1100.0720720719546,1.8711591954316888,399.954144216514,Micro (<10 ha)
17.253108108114684,3900.3603603602387,2.648903457537321,226.0671141639561,Small (10-50 ha)
6.001081081079319,1500.1441441439092,1.7274811286307752,249.97898276590226,Micro (<10 ha)
2.750495495494688,1000.0720720719546,1.7010649586143307,363.59705867908997,Micro (<10 ha)
5.250945945944404,1800.2162162158638,2.2161592433953228,342.83655454619,Micro (<10 ha)
2.5004504504497165,800.0900900899433,1.427331442198054,319.97838227349945,Micro (<10 ha)
3.500630630629603,1100.108108107932,1.6586596863344998,314.2599788970232,Micro (<10 ha)
216.03891891891152,54404.91891891882,10.441604462254444,251.82924998499584,Large (200-500 ha)
4.000720720719546,1400.1261261259206,1.9746635504291095,349.96847414885343,Micro (<10 ha)
2.5004504504497165,900.0720720719546,1.6056956393101085,359.9639704558324,Micro (<10 ha)
6.001081081079319,2000.1441441439092,2.303252842093884,333.29730378916577,Micro (<10 ha)
8.001441441439091,2500.27027026983,2.4934341845111545,312.47748153489533,Micro (<10 ha)
3.7506756756745743,1100.108108107932,1.6024174938926425,293.30931363722163,Micro (<10 ha)
3.500630630629603,1200.1261261259206,1.8094592788207677,342.83140746845174,Micro (<10 ha)
3.250585585584631,1200.1441441439092,1.8777928272338358,369.2085972035892,Micro (<10 ha)
2.750495495494688,1000.1261261259206,1.701156901444893,363.6167111577268,Micro (<10 ha)
2.5004504504497165,800.0720720719546,1.4272992987133142,319.97117636466595,Micro (<10 ha)
2.750495495494688,900.0900900899433,1.53100136940716,327.24652396787815,Micro (<10 ha)
3.250585585584631,1200.1441441439092,1.8777928272338358,369.2085972035892,Micro (<10 ha)
2.5004504504497165,1100.108108107932,1.962552607473177,439.9639704558324,Micro (<10 ha)
3.500630630633095,1100.0720720724203,1.658605353928595,314.24968474136625,Micro (<10 ha)
6.001081081082812,1200.1261261263862,1.3819973520228628,199.9849876898914,Micro (<10 ha)
8.751576576579827,2000.1261261263862,1.9072573715281673,228.54466376709104,Micro (<10 ha)
22.754099099101733,5500.432432433125,3.2528353391659017,241.73369415668344,Small (10-50 ha)
18.75337837837753,4600.378378379159,2.996738610881894,245.3093136372352,Small (10-50 ha)
2.5004504504520444,900.0900900904089,1.6057277827949314,359.971176364517,Micro (<10 ha)
5.5009909909917045,1300.1621621623635,1.5637672880231028,236.3505347111964,Micro (<10 ha)
2.7504954954958523,1100.1081081083976,1.8712204906524597,399.96724586893856,Micro (<10 ha)
3.000540540543152,700.0720720724203,1.140087203825674,233.31531856113318,Micro (<10 ha)
3.000540540541988,1000.0900900904089,1.6286750462846815,333.30330871309025,Micro (<10 ha)
15.00270270270761,4400.414414415136,3.204821865262613,293.3081126523271,Small (10-50 ha)
6.501171171171591,1700.1801801803522,1.881023479826903,261.519061014657,Micro (<10 ha)
2.75049549549818,900.0720720724203,1.5309707217967927,327.2399731414197,Micro (<10 ha)
5.500990990995197,1700.1081081088632,2.0448014278011577,309.0548795465838,Micro (<10 ha)
2.75049549549818,900.0720720724203,1.5309707217967927,327.2399731414197,Micro (<10 ha)
3.0005405405408236,1100.1081081083976,1.7915572223398122,366.63664204654,Micro (<10 ha)
7.50135135135497,2400.2342342352495,2.4721734610289348,319.97357833421506,Micro (<10 ha)
3.5006306306342596,900.0900900904089,1.3570876675646528,257.12226883169524,Micro (<10 ha)
5.500990990992868,2000.1801801803522,2.405712477215792,363.60360950515604,Micro (<10 ha)
3.000540540543152,1000.1081081088632,1.6287043891379052,333.30931363714404,Micro (<10 ha)
2722.740495495495,412836.68468468497,22.31876833971255,151.62542495977212,Core (>500 ha)
3.5006306306319313,1300.1621621623635,1.9602860375099753,371.4079831175045,Micro (<10 ha)
9.001621621625963,2500.1981981988065,2.350764529331071,277.74975479886876,Micro (<10 ha)
2.750495495497016,1200.1441441443749,2.0413760226897244,436.3374330585872,Micro (<10 ha)
14.752657657663804,4000.324324324727,2.9380226441462107,271.159571187271,Small (10-50 ha)
5.250945945946732,1900.1621621628292,2.339197870619178,361.87044805319067,Micro (<10 ha)
2.750495495497016,1000.0900900904089,1.70109560622459,363.6036095051637,Micro (<10 ha)
15.25274774774909,4100.324324324727,2.9616875084174255,268.82528919616,Small (10-50 ha)
2.5004504504497165,900.0900900899433,1.6057277827948484,359.97117636466595,Micro (<10 ha)
3.7506756756745743,800.0720720719546,1.1653849973599621,213.31411757644398,Micro (<10 ha)
7.001261261267355,2000.1621621623635,2.1324169854743102,285.6859767864595,Micro (<10 ha)
3.0005405405396597,900.054054053966,1.4657635273769276,299.96397045583245,Micro (<10 ha)
7.50135135135497,2300.234234234318,2.3691762857620122,306.6426469703791,Micro (<10 ha)
2.5004504504497165,900.054054053966,1.6056634958253688,359.9567645469989,Micro (<10 ha)
10.501891891892301,2800.234234234318,2.4375619226194476,266.6409312779312,Small (10-50 ha)
4.750855855854461,2000.1621621618979,2.5886560382031867,421.010913159385,Micro (<10 ha)
3.0005405405396597,900.054054053966,1.4657635273769276,299.96397045583245,Micro (<10 ha)
3.0005405405396597,1100.0720720719546,1.7914985366338385,366.62463219847115,Micro (<10 ha)
11.502072072068694,3200.252252251841,2.6618969437423132,278.2326725306515,Small (10-50 ha)
8.001441441442585,2300.180180180352,2.29389116848416,287.47072599529656,Micro (<10 ha)
3.250585585584631,900.0720720719546,1.408288237023258,276.8953618891019,Micro (<10 ha)
16.50297297297395,3800.3243243242614,2.6389711061610357,230.281194215603,Small (10-50 ha)
2.750495495494688,900.054054053966,1.5309400741867853,327.2334223154536,Micro (<10 ha)
2.750495495494688,1000.1261261259206,1.701156901444893,363.6167111577268,Micro (<10 ha)
3.7506756756745743,1100.0900900899433,1.6023912488472534,293.3045096979993,Micro (<10 ha)
10.501891891892301,3000.252252252307,2.6116746088361324,285.6868346329645,Small (10-50 ha)
17.75319819819997,3900.3243243251927,2.6113043287874285,219.69699660766778,Small (10-50 ha)
5.250945945944404,1600.1801801798865,1.9699045400546582,304.74131645095184,Micro (<10 ha)
2.750495495494688,1100.108108107932,1.8712204906520638,399.9672458689386,Micro (<10 ha)
3.500630630629603,1400.1441441439092,2.111031297590414,399.9691175335707,Micro (<10 ha)
6.501171171169262,2200.162162161898,2.4341871142239677,338.4255089173709,Micro (<10 ha)
2.5004504504497165,900.0900900899433,1.6057277827948484,359.97117636466595,Micro (<10 ha)
3.0005405405396597,1100.108108107932,1.7915572223394014,366.636642046527,Micro (<10 ha)
6.001081081079319,2200.198198197875,2.533623773069671,366.63363958451305,Micro (<10 ha)
4.000720720719546,1000.0900900899433,1.410473964592221,249.9774815348953,Micro (<10 ha)
3.7506756756745743,1300.1261261259206,1.893763743232633,346.63784303133264,Micro (<10 ha)
2.750495495494688,1000.0720720719546,1.7010649586143307,363.59705867908997,Micro (<10 ha)
2.5004504504497165,1100.1441441439092,1.9626168944426565,439.97838227349945,Micro (<10 ha)
2.750495495494688,1200.1261261259206,2.0413453750796093,436.33088223257494,Micro (<10 ha)
2.5004504504497165,800.0720720719546,1.4272992987133142,319.97117636466595,Micro (<10 ha)
3.250585585584631,1200.1441441439092,1.8777928272338358,369.2085972035892,Micro (<10 ha)
2.5004504504497165,900.0720720719546,1.6056956393101085,359.9639704558324,Micro (<10 ha)
4.500810810809489,1200.1261261259206,1.5957930864193448,266.64665025324024,Micro (<10 ha)
2.5004504504497165,900.1081081079319,1.6057599262795883,359.97838227349945,Micro (<10 ha)
29.7553603603621,6100.540540540591,3.154864987825999,205.02324511140122,Small (10-50 ha)
7.001261261259206,1400.1261261259206,1.492705336416936,199.98198522791623,Micro (<10 ha)
29.755360360359774,7600.6846846845,3.9306572648548426,255.4391744087283,Small (10-50 ha)
3.7506756756745743,1000.0900900899433,1.4567312466999527,266.64264697055495,Micro (<10 ha)
3.0005405405396597,1200.0900900899433,1.9543807126886847,399.9579655318045,Micro (<10 ha)
3.0005405405396597,1100.0900900899433,1.79152787948662,366.6306371224991,Micro (<10 ha)
6.001081081079319,2400.216216215864,2.763953206985095,399.96397045583245,Micro (<10 ha)
3.0005405405396597,900.054054053966,1.4657635273769276,299.96397045583245,Micro (<10 ha)
12.752297297293554,3000.2882882878184,2.370084555364498,235.27433672084916,Small (10-50 ha)
388.56999999998396,46803.78378378227,6.697942250059093,120.45135698531591,Large (200-500 ha)
4.500810810809489,1200.0900900899433,1.5957451697414036,266.63864368786966,Micro (<10 ha)
2.750495495494688,1000.0900900899433,1.7010956062245182,363.60360950530224,Micro (<10 ha)
3.0005405405396597,1100.108108107932,1.7915572223394014,366.636642046527,Micro (<10 ha)
27.50495495494921,6000.522522522137,3.2275922883994386,218.16151062055854,Small (10-50 ha)
4.250765765764518,1200.108108107932,1.6420328860792748,282.3275085570582,Micro (<10 ha)
7.751396396394121,1700.1441441439092,1.7226253682618458,219.333918329193,Micro (<10 ha)
3.0005405405408236,1000.1261261263862,1.6287337319905602,333.31531856127543,Micro (<10 ha)
3.7506756756769026,1400.1081081083976,2.0393975003345894,373.29490181944703,Micro (<10 ha)
4.000720720725367,1100.0720720724203,1.5514832435670791,274.9684741485697,Micro (<10 ha)
47.50855855856557,10100.810810811352,4.133951507132647,212.61034047917295,Small (10-50 ha)
28.255090090089944,5600.522522523068,2.9721810979905006,198.21287083729274,Small (10-50 ha)
4.750855855859117,1500.1081081083976,1.9414745391509602,315.7553404316298,Micro (<10 ha)
10.501891891895793,2800.2342342352495,2.437561922619853,266.64093127793126,Small (10-50 ha)
3.000540540543152,700.0720720724203,1.140087203825674,233.31531856113318,Micro (<10 ha)
3.0005405405466443,1100.0720720724203,1.7914985366325116,366.62463219777294,Micro (<10 ha)
3.0005405405454804,1200.090090090409,1.9543807126875474,399.95796553118385,Micro (<10 ha)
5.000900900904089,1200.090090090409,1.5138567904783342,239.9747793189524,Micro (<10 ha)
5.250945945947897,1500.1801801803522,1.8467993694960614,285.69712878839033,Micro (<10 ha)
5.500990990995197,1800.1621621628292,2.165141229494371,327.243248554595,Micro (<10 ha)
3.000540540543152,1200.090090090409,1.9543807126883055,399.9579655314942,Micro (<10 ha)
4.000720720726531,1300.1261261263862,1.8336288597969077,324.97297784142336,Micro (<10 ha)
4.500810810812982,1400.1081081088632,1.8617066910886486,311.0790848495944,Micro (<10 ha)
14.752657657655654,4400.360360360239,3.2318275552139633,298.2757725742211,Small (10-50 ha)
5.250945945950225,1700.1441441443749,2.0929653483890753,323.77864134282424,Micro (<10 ha)
2.750495495497016,900.0900900904089,1.5310013694073041,327.24652396777043,Micro (<10 ha)
4.250765765766846,1700.1621621623635,2.3262255817426802,399.966089840674,Micro (<10 ha)
2.5004504504508804,1100.1261261263862,1.9625847509582905,439.97117636464736,Micro (<10 ha)
11.001981981982244,2700.3063063062727,2.296532701720959,245.43816838897916,Small (10-50 ha)
3.0005405405408236,1000.0900900904089,1.6286750462849975,333.30330871321956,Micro (<10 ha)
2.5004504504497165,800.054054053966,1.4272671552285743,319.9639704558324,Micro (<10 ha)
9.751756756762042,2600.234234234784,2.348908556178919,266.6426469704277,Micro (<10 ha)
3.2505855855857955,1300.1081081083976,2.0342003849675274,399.9611989524349,Micro (<10 ha)
47.50855855856557,13701.207207208034,5.607483126319905,288.3945045463344,Small (10-50 ha)
6.751216216217727,2100.1981981988065,2.2801548457497254,311.0844225598529,Micro (<10 ha)
4.750855855855625,1400.1081081083976,1.8120522309421792,294.7065014365163,Micro (<10 ha)
3.2505855855857955,1300.1261261263862,2.0342285766685873,399.9667419592299,Micro (<10 ha)
3.750675675678067,1600.2162162163295,2.3308749749010738,426.6474509095042,Micro (<10 ha)
3.0005405405396597,1200.0900900899433,1.9543807126886847,399.9579655318045,Micro (<10 ha)
4.500810810809489,1400.0900900899433,1.8616827327491619,311.07508156694354,Micro (<10 ha)
4.250765765764518,1700.108108107932,2.326151622960435,399.95337353107726,Micro (<10 ha)
2.750495495494688,1100.0900900899433,1.8711898430418763,399.96069504272634,Micro (<10 ha)
20.25364864864503,4500.432432432193,2.820964870288524,222.20354023635502,Small (10-50 ha)
9.751756756757386,3000.234234234318,2.7102465503110746,307.6608973204069,Micro (<10 ha)
5.000900900899433,1700.1441441439092,2.1446512879808344,339.9675734102492,Micro (<10 ha)
4.250765765764518,1100.108108107932,1.5052091387030426,258.80233556225437,Micro (<10 ha)
4.000720720719546,1400.1261261259206,1.9746635504291095,349.96847414885343,Micro (<10 ha)
3.500630630629603,1300.1261261259206,1.9602317051041462,371.39768896214207,Micro (<10 ha)
12.00216216216446,3400.378378378693,2.768806264389393,283.31381733018276,Small (10-50 ha)
17.25310810810537,4300.414414414205,2.9205974727258495,249.2544756265629,Small (10-50 ha)
8.751576576580993,2100.180180180352,2.002665770854971,239.9773528578135,Micro (<10 ha)
3.7506756756745743,1500.1441441439092,2.1851099925726234,399.96637242544364,Micro (<10 ha)
3.0005405405396597,700.054054053966,1.1400578609727978,233.3093136372216,Micro (<10 ha)
3.0005405405396597,1100.108108107932,1.7915572223394014,366.636642046527,Micro (<10 ha)
2.5004504504497165,1100.054054053966,1.9624561770189575,439.9423527293319,Micro (<10 ha)
5.250945945944404,1600.108108107932,1.9698158156075534,304.7275909103166,Micro (<10 ha)
18.253288288291078,3000.2702702702954,1.981001890873641,164.3687549818011,Small (10-50 ha)
13.752477477475768,3900.34234234225,2.966930168146635,283.61016033150037,Small (10-50 ha)
4.250765765764518,1300.0720720719546,1.7788073276006768,305.84420401205784,Micro (<10 ha)
4.000720720719546,1300.0720720719546,1.833552624830067,324.95946676281153,Micro (<10 ha)
2.750495495494688,1000.0900900899433,1.7010956062245182,363.60360950530224,Micro (<10 ha)
2.5004504504497165,1000.1261261259206,1.7841884103611223,399.97838227349945,Micro (<10 ha)
4.000720720719546,1100.0900900899433,1.5515086552234791,274.97297784187435,Micro (<10 ha)
1678.3023423423376,164615.00900901342,11.33520549285694,98.0842395651233,Core (>500 ha)
12.502252252248581,2600.198198197875,2.0744711164977216,207.97838227349948,Small (10-50 ha)
4.750855855854461,1600.1621621618979,2.0709668053651433,336.8155571779818,Micro (<10 ha)
11.502072072068694,3000.252252251841,2.495541498363326,260.8445011866661,Small (10-50 ha)
4.250765765764518,1300.0720720719546,1.7788073276006768,305.84420401205784,Micro (<10 ha)
2.750495495494688,1200.108108107932,2.041314727469422,436.32433140636266,Micro (<10 ha)
2.5004504504497165,700.0360360359773,1.2488386711470403,279.96397045583245,Micro (<10 ha)
6.251126126124291,2100.144144143909,2.3695454372030755,335.96252927406573,Micro (<10 ha)
11.252027027023724,2600.216216215864,2.186699708705787,231.0886927280735,Small (10-50 ha)
2.750495495494688,1200.108108107932,2.041314727469422,436.32433140636266,Micro (<10 ha)
21.753918918912532,4600.468468467705,2.782456437188914,211.47768756589997,Small (10-50 ha)
6.501171171169262,2100.1801801798865,2.323570334978913,323.04643653955054,Micro (<10 ha)
2.750495495494688,800.054054053966,1.3608458373694272,290.8763367780295,Micro (<10 ha)
4.000720720719546,1300.0900900899433,1.8335780364859953,324.96397045583245,Micro (<10 ha)
3.0005405405396597,1000.054054053966,1.6286163605789925,333.29129886513783,Micro (<10 ha)
9.25166666666395,2400.162162161898,2.226002585629518,259.4302463155398,Micro (<10 ha)
10.751936936933781,2700.1801801798865,2.322974588013302,251.13430222089076,Small (10-50 ha)
19.003423423417843,5200.468468467705,3.3652831647993495,273.659558732938,Small (10-50 ha)
3.250585585584631,1100.0900900899433,1.7212443109952107,338.42828042076843,Micro (<10 ha)
3.250585585584631,1200.108108107932,1.8777364438317168,369.1975111899992,Micro (<10 ha)
3.250585585584631,1200.0900900899433,1.8777082521306572,369.1919681832042,Micro (<10 ha)
2.5004504504497165,1000.1081081079319,1.7841562668763826,399.97117636466595,Micro (<10 ha)
18.503333333329063,5000.468468468171,3.2792971740497765,270.24689975514275,Small (10-50 ha)
32.755900900893614,7200.6306306300685,3.5491211741688775,219.82697567733905,Small (10-50 ha)
99.76797297297628,17901.459459457546,5.055777269782611,179.43092283038,Medium (50-200 ha)
10.251846846843836,2800.198198197875,2.467077457471776,273.14085354873913,Small (10-50 ha)
6.501171171169262,1700.1621621618979,1.8810035452837324,261.5162895112815,Micro (<10 ha)
6.251126126125455,1800.1621621623635,2.0310825090131344,287.9740587282202,Micro (<10 ha)
3.250585585591616,900.0540540544316,1.4082600453214136,276.88981888185515,Micro (<10 ha)
4.500810810812982,1700.1081081083976,2.2606130355995124,377.73374166805,Micro (<10 ha)
3.000540540543152,1100.090090090409,1.7915278794863354,366.6306371222276,Micro (<10 ha)
4.250765765765681,1600.1801801803522,2.1894264872942006,376.4451556158882,Micro (<10 ha)
3.250585585588124,1100.1081081083976,1.7212725026960738,338.43382342734304,Micro (<10 ha)
4.250765765769175,1300.1081081083976,1.7788566334551696,305.85268155163646,Micro (<10 ha)
17.753198198195314,3700.34234234225,2.4774144848138424,208.43243572408295,Small (10-50 ha)
4.250765765766846,1700.1081081088632,2.3261516229610724,399.9533735310773,Micro (<10 ha)
8.751576576582156,2800.2342342352495,2.670215300668756,319.9691175334323,Micro (<10 ha)
3.500630630633095,1300.1441441448405,1.9602588713074618,371.4028360397758,Micro (<10 ha)
7.001261261268519,1700.1441441443749,1.812561160945286,242.83398100706432,Micro (<10 ha)
2.5004504504543728,900.0900900904089,1.6057277827941836,359.9711763641818,Micro (<10 ha)
4.50081081081531,1500.126126126852,1.9946994309309307,333.3013070716269,Micro (<10 ha)
2.5004504504520444,1100.1261261263862,1.9625847509578336,439.97117636444256,Micro (<10 ha)
3.0005405405396597,1000.0720720719546,1.6286457034317738,333.29730378916577,Micro (<10 ha)
3.5006306306319313,1000.1441441443749,1.5079415924571011,285.70399155875225,Micro (<10 ha)
17.25310810810886,4800.432432433125,3.260181340468269,278.23580553447925,Small (10-50 ha)
2.750495495494688,800.0720720719546,1.3608764849796144,290.8828876042418,Micro (<10 ha)
9.001621621622471,2100.1081081083976,1.97458731546138,233.30330871315493,Micro (<10 ha)
3.000540540541988,1100.1081081083976,1.7915572223394645,366.6366420463977,Micro (<10 ha)
2.750495495494688,1200.0900900899433,2.0412840798592344,436.3177805801504,Micro (<10 ha)
13.25238738739281,2900.2702702702954,2.247431571969786,218.84889005201924,Small (10-50 ha)
4.500810810812982,1800.1621621623635,2.393653692120252,399.96397045562554,Micro (<10 ha)
3.0005405405396597,1100.0900900899433,1.79152787948662,366.6306371224991,Micro (<10 ha)
2.7504954954958523,1200.1081081083976,2.0413147274697816,436.32433140634726,Micro (<10 ha)
4.000720720719546,1300.1261261259206,1.8336288597978516,324.97297784187435,Micro (<10 ha)
2.750495495494688,900.0900900899433,1.53100136940716,327.24652396787815,Micro (<10 ha)
2.5004504504497165,900.0720720719546,1.6056956393101085,359.9639704558324,Micro (<10 ha)
3.500630630629603,1300.108108107932,1.9602045389012566,371.39254188440384,Micro (<10 ha)
3.250585585584631,1400.1261261259206,2.1906925178036696,430.7304297216657,Micro (<10 ha)
5.75103603603784,1700.1441441443749,1.9998976380408504,295.623976878379,Micro (<10 ha)
5.000900900899433,1500.108108107932,1.892315305879057,299.9675734102492,Micro (<10 ha)
11.752117117120651,3100.2702702702954,2.551153370037923,263.8052564804496,Small (10-50 ha)
2.5004504504497165,1100.0900900899433,1.962520463988437,439.9567645469989,Micro (<10 ha)
6.251126126124291,2000.1261261259206,2.2566973553733263,319.96252927406573,Micro (<10 ha)
3.0005405405396597,1200.1261261259206,1.9544393983942476,399.96997537986033,Micro (<10 ha)
2.750495495494688,1000.0900900899433,1.7010956062245182,363.60360950530224,Micro (<10 ha)
2.5004504504497165,800.0720720719546,1.4272992987133142,319.97117636466595,Micro (<10 ha)
3.500630630629603,900.0900900899433,1.3570876675648533,257.12226883190425,Micro (<10 ha)
3.7506756756745743,1500.108108107932,2.185057502481845,399.95676454699895,Micro (<10 ha)
2.5004504504497165,1100.0720720719546,1.9624883205036974,439.9495586381654,Micro (<10 ha)
2.5004504504497165,900.0720720719546,1.6056956393101085,359.9639704558324,Micro (<10 ha)
6.001081081079319,1700.0900900899433,1.9577275684254756,283.29730378916577,Micro (<10 ha)
4.750855855854461,1400.108108107932,1.8120522309417983,294.7065014364905,Micro (<10 ha)
3.0005405405396597,1200.1261261259206,1.9544393983942476,399.96997537986033,Micro (<10 ha)
4.250765765764518,1700.1621621618979,2.3262255817426802,399.96608984078347,Micro (<10 ha)
3.0005405405396597,1200.0900900899433,1.9543807126886847,399.9579655318045,Micro (<10 ha)
3.0005405405396597,1300.108108107932,2.117262888743531,433.29129886513783,Micro (<10 ha)
7.251306306304177,2300.198198197875,2.40964020892081,317.211561756551,Micro (<10 ha)
10.501891891893465,2900.3063063062727,2.5246731611785793,276.1698878794452,Small (10-50 ha)
3.0005405405396597,1100.108108107932,1.7915572223394014,366.636642046527,Micro (<10 ha)
44.25797297297279,8900.75675675692,3.7742115644200416,201.11080916860755,Small (10-50 ha)
3.250585585584631,1000.1081081079319,1.5648085615608236,307.67013566512765,Micro (<10 ha)
6.751216216214234,2200.198198197875,2.3887234012173475,325.89656851956715,Micro (<10 ha)
6.501171171169262,1700.1441441439092,1.8809836107407398,261.513518007884,Micro (<10 ha)
3.250585585584631,1200.1261261259206,1.8777646355327764,369.2030541967942,Micro (<10 ha)
2.750495495494688,900.0900900899433,1.53100136940716,327.24652396787815,Micro (<10 ha)
2.750495495494688,700.0720720719546,1.1907822481622565,254.5258020668177,Micro (<10 ha)
2.5004504504497165,900.0720720719546,1.6056956393101085,359.9639704558324,Micro (<10 ha)
38.756981981978754,8500.81081081042,3.8519482454655547,219.3362428158914,Small (10-50 ha)
2.5004504504497165,900.0720720719546,1.6056956393101085,359.9639704558324,Micro (<10 ha)
6.501171171169262,1900.2162162158638,2.1023367764888037,292.2882917839098,Micro (<10 ha)
4.750855855854461,1700.1261261259206,2.200342474905105,357.8568110061394,Micro (<10 ha)
6.001081081079319,1700.1621621618979,1.9578105625461997,283.30931363722163,Micro (<10 ha)
2.750495495494688,800.0720720719546,1.3608764849796144,290.8828876042418,Micro (<10 ha)
3.500630630629603,1300.108108107932,1.9602045389012566,371.39254188440384,Micro (<10 ha)
12.002162162159802,3300.252252252307,2.6872771478037882,274.9714766108795,Small (10-50 ha)
2.75049549549818,1000.0720720724203,1.701064958614043,363.59705867879757,Micro (<10 ha)
2.5004504504520444,1100.1081081083976,1.9625526074730937,439.96397045560906,Micro (<10 ha)
6.251126126126619,2000.2162162163295,2.256799001997144,319.9769410916881,Micro (<10 ha)
38.2568918918923,8500.738738738932,3.8770097656679607,222.20149934711435,Small (10-50 ha)
3.5006306306342596,1400.1261261263862,2.111004131386822,399.9639704554334,Micro (<10 ha)
18.253288288293405,5100.522522523068,3.367744853416443,279.4303383568563,Small (10-50 ha)
3.000540540541988,1200.126126126852,1.954439398395006,399.9699753798604,Micro (<10 ha)
2.5004504504543728,1000.0720720724203,1.7840919799060722,399.95676454644035,Micro (<10 ha)
72.76310810810654,16301.603603605181,5.3910055074601475,224.03665851361592,Medium (50-200 ha)
3.250585585589288,1100.090090090409,1.7212443109947062,338.42828042042686,Micro (<10 ha)
5.250945945946732,1700.1801801803522,2.0930097106133236,323.78550411335726,Micro (<10 ha)
4.00072072072071,1600.1261261263862,2.2567329316919538,399.95946676281153,Micro (<10 ha)
4.0007207207218745,1600.2162162163295,2.2568599899712662,399.98198522779984,Micro (<10 ha)
2.75049549549818,1200.1261261263862,2.0413453750791053,436.3308822321903,Micro (<10 ha)
4.500810810811817,1400.1801801803522,1.8618025244441527,311.0950979803125,Micro (<10 ha)
4.000720720724202,1600.1621621628292,2.2567837550034824,399.96847414862066,Micro (<10 ha)
10.501891891891137,3200.288288288284,2.7858029794675234,304.734453680611,Small (10-50 ha)
5.751036036034347,1800.0720720719546,2.117443922410963,312.9996162071004,Micro (<10 ha)
6.251126126126619,1900.1981981983408,2.143950920167416,303.9769410916941,Micro (<10 ha)
6.251126126124291,1200.0900900899433,1.3540346766837899,191.97982345526617,Micro (<10 ha)
6.2511261261289475,2000.1801801803522,2.2567583433472387,319.97117636450207,Micro (<10 ha)
5.250945945944404,1100.0900900899433,1.354267781702997,209.50322121285663,Micro (<10 ha)
4.750855855857953,1300.1441441443749,1.6826765614018206,273.6652476082297,Micro (<10 ha)
3.0005405405408236,1100.1261261263862,1.7915865651925935,366.6426469705679,Micro (<10 ha)
5.50099099099054,1500.1261261263862,1.8042735223458704,272.70106942245053,Micro (<10 ha)
3.0005405405396597,1200.108108107932,1.9544100555414663,399.96397045583245,Micro (<10 ha)
2.750495495494688,800.0720720719546,1.3608764849796144,290.8828876042418,Micro (<10 ha)
5.500990990989376,1500.108108107932,1.8042518512125107,272.6977940093175,Micro (<10 ha)
8.501531531531363,2600.234234234318,2.5157006088023808,305.8548009367841,Micro (<10 ha)
3.500630630629603,1300.108108107932,1.9602045389012566,371.39254188440384,Micro (<10 ha)
4.500810810812982,1500.1261261263862,1.9946994309308277,333.30130707169593,Micro (<10 ha)
4.500810810809489,1300.1441441439092,1.7287858262621947,288.86887247546247,Micro (<10 ha)
5.250945945946732,1600.1621621623635,1.9698823589430186,304.73788506574664,Micro (<10 ha)
7.751396396399941,2300.2162162163295,2.3306322703215665,296.748624194299,Micro (<10 ha)
3.500630630629603,1200.108108107932,1.809432112617878,342.8262603907135,Micro (<10 ha)
2.750495495494688,1200.1261261259206,2.0413453750796093,436.33088223257494,Micro (<10 ha)
4.750855855854461,1400.1441441439092,1.8120988696113474,294.71408660368365,Micro (<10 ha)
4.500810810809489,1500.108108107932,1.9946754725920117,333.29730378916577,Micro (<10 ha)
2.5004504504497165,1100.0900900899433,1.962520463988437,439.9567645469989,Micro (<10 ha)
18.753378378376365,4600.378378378227,2.9967386108813803,245.30931363720077,Small (10-50 ha)
22.754099099097076,5500.522522522137,3.2528886164728554,241.73765344725985,Small (10-50 ha)
4.500810810809489,1400.108108107932,1.8617066910881326,311.0790848496288,Micro (<10 ha)
2.5004504504497165,800.0900900899433,1.427331442198054,319.97838227349945,Micro (<10 ha)
3.7506756756745743,1300.108108107932,1.893737498187244,346.6330390921103,Micro (<10 ha)
455.5820720720902,62105.54954954982,8.208091030752694,136.32132025538175,Large (200-500 ha)
15.002702702699462,3800.3243243242614,2.767776246207447,253.309313637233,Small (10-50 ha)
4.750855855854461,1700.1441441439092,2.2003657942398798,357.860603589736,Micro (<10 ha)
2.750495495494688,1200.1261261259206,2.0413453750796093,436.33088223257494,Micro (<10 ha)
7.751396396394121,2200.162162161898,2.2292551886759946,283.84074941456913,Micro (<10 ha)
2.750495495494688,900.054054053966,1.5309400741867853,327.2334223154536,Micro (<10 ha)
22.754099099100568,6500.594594594557,3.84430934888057,285.68894625459,Small (10-50 ha)
6.251126126125455,2100.252252252307,2.369667413151835,335.97982345527805,Micro (<10 ha)
4.000720720719546,1300.1261261259206,1.8336288597978516,324.97297784187435,Micro (<10 ha)
4.000720720719546,1400.1441441439092,1.9746889620850376,349.97297784187435,Micro (<10 ha)
27.754999999995345,7500.702702702023,4.016302395686144,270.24689975511734,Small (10-50 ha)
4.250765765764518,1400.108108107932,1.9156803808317389,329.3778545466658,Micro (<10 ha)
6.751216216214234,2200.162162161898,2.3886842774136388,325.8912308093201,Micro (<10 ha)
8.751576576574006,1500.1441441439092,1.4304902775383486,171.41415961090442,Micro (<10 ha)
81.01459459459991,20501.85585585516,6.425495328881464,253.0637344844743,Medium (50-200 ha)
4.500810810809489,1300.108108107932,1.7287379095842532,288.8608659100919,Micro (<10 ha)
3.500630630629603,1000.0900900899433,1.5078600938482318,285.6885503255946,Micro (<10 ha)
8.001441441439091,2000.1801801798865,1.9947114101004677,249.9774815348953,Micro (<10 ha)
6.751216216214234,2400.144144143909,2.605801826447871,355.51285387357916,Micro (<10 ha)
3.250585585584631,1000.0720720719546,1.5647521781587044,307.65904965153766,Micro (<10 ha)
17.253108108103042,4200.378378377762,2.8526586729093864,243.45632984268062,Small (10-50 ha)
7.251306306304177,1600.1441441439092,1.6762780150072294,220.6697768032179,Micro (<10 ha)
2.5004504504497165,1000.0720720719546,1.7840919799069028,399.9567645469989,Micro (<10 ha)
2.5004504504497165,900.0720720719546,1.6056956393101085,359.9639704558324,Micro (<10 ha)
2.5004504504497165,1000.0900900899433,1.7841241233916427,399.9639704558324,Micro (<10 ha)
7.5013513513491485,2300.162162161898,2.3691020535641827,306.6330390921103,Micro (<10 ha)
4.750855855857953,1700.1801801803522,2.2004124329092227,357.86818875676414,Micro (<10 ha)
5.751036036036676,1300.1081081083976,1.5293309944096183,226.06502549484398,Micro (<10 ha)
5.000900900902925,1300.090090090409,1.6400020526533245,259.9711763645775,Micro (<10 ha)
3.250585585588124,1000.0900900908746,1.5647803698603804,307.6645926582886,Micro (<10 ha)
3.25058558559278,1100.0720720724203,1.721216119292722,338.42273741326824,Micro (<10 ha)
3.500630630633095,1400.1081081083976,2.1109769651842836,399.95882337782825,Micro (<10 ha)
6.75121621621889,1400.1621621623635,1.5201358336692745,207.39406313171574,Micro (<10 ha)
2.750495495497016,1000.0900900904089,1.70109560622459,363.6036095051637,Micro (<10 ha)
4.000720720724202,1200.0720720724203,1.6925179341984808,299.96397045559974,Micro (<10 ha)
2.5004504504520444,1100.126126126852,1.9625847509586642,439.9711763646288,Micro (<10 ha)
18.253288288291078,5000.486486487091,3.301693611798041,273.9498991913007,Small (10-50 ha)
6.751216216220055,2000.1621621623635,2.1715471664771218,296.2669388897511,Micro (<10 ha)
3.000540540543152,1200.0900900908746,1.954380712689064,399.9579655316494,Micro (<10 ha)
6.75121621621889,1900.1801801808178,2.062998172911663,281.4574617853136,Micro (<10 ha)
3.5006306306319313,1500.1441441443749,2.2618037238737423,428.535399027109,Micro (<10 ha)
2.500450450453209,800.0720720724203,1.4272992987131479,319.97117636440527,Micro (<10 ha)
5.500990990998689,1900.1621621623635,2.285416017787326,345.4217913229839,Micro (<10 ha)
5.250945945949061,2000.2162162172608,2.462369584513063,380.92492987103867,Micro (<10 ha)
2.5004504504508804,900.0900900904089,1.6057277827953051,359.9711763646846,Micro (<10 ha)
5.250945945950225,1700.1441441448405,2.092965348389648,323.778641342913,Micro (<10 ha)
3.0005405405396597,1000.0900900899433,1.6286750462845552,333.3033087131937,Micro (<10 ha)
26.254729729735992,6400.612612614408,3.5238128504302417,243.7889354985476,Small (10-50 ha)
33.00594594595954,9000.6846846845,4.419514097347496,272.698885813522,Small (10-50 ha)
2.5004504504497165,900.0900900899433,1.6057277827948484,359.97117636466595,Micro (<10 ha)
9.751756756765536,3100.234234234318,2.800581048842908,317.9154599076161,Micro (<10 ha)
2.750495495494688,1200.1261261259206,2.0413453750796093,436.33088223257494,Micro (<10 ha)
2.750495495497016,1100.1261261263862,1.871251138262251,399.9737966949816,Micro (<10 ha)
6.751216216217727,2400.234234234784,2.6058996359574795,355.52619814915084,Micro (<10 ha)
2.5004504504497165,800.054054053966,1.4272671552285743,319.9639704558324,Micro (<10 ha)
5.500990990989376,1400.108108107932,1.6839770629182063,254.51925124060543,Micro (<10 ha)
3.250585585584631,1000.0720720719546,1.5647521781587044,307.65904965153766,Micro (<10 ha)
6.501171171169262,2000.1801801798865,2.212933621190866,307.66459265833265,Micro (<10 ha)
6.751216216214234,2000.1801801798865,2.171566728379407,296.2696077450611,Micro (<10 ha)
5.000900900899433,1600.1261261259206,2.0184832969299458,319.9675734102492,Micro (<10 ha)
11.752117117113666,2800.2342342338525,2.3042594292724514,238.27487475904198,Small (10-50 ha)
14.002522522524233,3600.3423423427157,2.7141617520284,257.12098206242933,Small (10-50 ha)
5.250945945944404,1900.1621621618979,2.33919787061855,361.87044805317373,Micro (<10 ha)
3.7506756756745743,1400.1261261259206,2.0394237453799335,373.29970575877695,Micro (<10 ha)
6.001081081079319,1400.0900900899433,1.6122645403476101,233.30631117520767,Micro (<10 ha)
7.001261261259206,2300.252252251841,2.4523496476292435,328.5482667216066,Micro (<10 ha)
3.250585585584631,1100.108108107932,1.72127250269627,338.4338234275634,Micro (<10 ha)
4.500810810809489,1500.1441441439092,1.994723389269953,333.30531035453635,Micro (<10 ha)
41.25743243242614,9801.045045044273,4.304436988043676,237.5582887058472,Small (10-50 ha)
3.500630630629603,900.0720720719546,1.3570605013619637,257.117121754166,Micro (<10 ha)
7.001261261259206,1900.1801801798865,2.0258239898404113,271.4054095787494,Micro (<10 ha)
4.000720720719546,1000.1081081079319,1.4104993762481493,249.98198522791625,Micro (<10 ha)
15.002702702698297,4500.27027026983,3.277546886154684,299.96397045583245,Small (10-50 ha)
2.5004504504497165,1000.0720720719546,1.7840919799069028,399.9567645469989,Micro (<10 ha)
2.5004504504497165,1100.108108107932,1.962552607473177,439.9639704558324,Micro (<10 ha)
2.5004504504497165,900.0900900899433,1.6057277827948484,359.97117636466595,Micro (<10 ha)
2.5004504504497165,1000.0720720719546,1.7840919799069028,399.9567645469989,Micro (<10 ha)
7.251306306304177,2300.216216215864,2.4096590842249745,317.2140465527005,Micro (<10 ha)
3.250585585584631,900.054054053966,1.4082600453221983,276.8898188823069,Micro (<10 ha)
4.000720720719546,1500.1621621618979,2.115749064372224,374.97297784187435,Micro (<10 ha)
21.503873873867562,3700.3423423417844,2.2510162035904293,172.07794112104614,Small (10-50 ha)
32.75590090089827,6900.576576577034,3.401227433847497,210.66667033382674,Small (10-50 ha)
4.250765765764518,1400.1441441439092,1.915729686686569,329.38633208646996,Micro (<10 ha)
4.750855855854461,1900.1981981978752,2.459280368663225,399.9696593312273,Micro (<10 ha)
2.5004504504497165,900.0900900899433,1.6057277827948484,359.97117636466595,Micro (<10 ha)
3.250585585584631,1200.108108107932,1.8777364438317168,369.1975111899992,Micro (<10 ha)
2.5004504504497165,1000.0900900899433,1.7841241233916427,399.9639704558324,Micro (<10 ha)
20.003603603605878,5600.486486487091,3.532374180722605,279.9738785804343,Small (10-50 ha)
2.750495495494688,900.0720720719546,1.5309707217969726,327.23997314166587,Micro (<10 ha)
3.7506756756769026,1000.1081081083976,1.456757491745568,266.64745090973594,Micro (<10 ha)
3.750675675678067,1300.1081081083976,1.8937374981870403,346.63303909191166,Micro (<10 ha)
3.000540540541988,1000.0900900904089,1.6286750462846815,333.30330871309025,Micro (<10 ha)
2.5004504504508804,1000.0720720724203,1.7840919799073183,399.95676454699895,Micro (<10 ha)
70.51270270269598,17101.801801801194,5.745174925325183,242.53504895292184,Medium (50-200 ha)
6.501171171176248,1600.1081081083976,1.770307027866272,246.1261311196783,Micro (<10 ha)
8.251486486485227,2600.2702702702954,2.5535682048568997,315.12749545541544,Micro (<10 ha)
2.7504954954993446,1100.0720720724203,1.8711591954308973,399.95414421600617,Micro (<10 ha)
16.002882882880513,4700.432432432193,3.3146201697057887,293.7241037651159,Small (10-50 ha)
12.752297297297046,3700.2882882887498,2.92305114701924,290.1664070420516,Small (10-50 ha)
7.501351351357298,2200.1981981988065,2.2661419943970422,293.306911667416,Micro (<10 ha)
4.25076576576801,1300.1261261263862,1.7788812863828283,305.85692032162234,Micro (<10 ha)
3.2505855855904517,1300.1081081083976,2.0342003849660704,399.961198951862,Micro (<10 ha)
3.000540540543152,1000.1081081083976,1.6287043891371469,333.30931363698886,Micro (<10 ha)
3.5006306306342596,1400.1621621623635,2.1110584637926015,399.9742646109098,Micro (<10 ha)
2.75049549549818,900.0900900904089,1.5310013694069802,327.24652396763196,Micro (<10 ha)
54.50981981982244,15801.261261261534,6.037393023875745,289.87916880832216,Medium (50-200 ha)
3.7506756756757387,1400.1621621623635,2.0394762354710734,373.30931363722993,Micro (<10 ha)
2.5004504504520444,800.0900900904089,1.4273314421982202,319.97838227338775,Micro (<10 ha)
3.2505855855857955,1400.1081081083976,2.1906643261029464,430.7248867148597,Micro (<10 ha)
3.0005405405396597,1200.0900900899433,1.9543807126886847,399.9579655318045,Micro (<10 ha)
9.751756756765536,2900.162162163295,2.619846945833035,297.39894405705223,Micro (<10 ha)
4.00072072072071,1100.1081081083976,1.551534066879838,274.97748153493166,Micro (<10 ha)
9.501711711713579,2500.306306307204,2.2881651117105104,263.14272440247385,Micro (<10 ha)
891.4105855855664,157014.4324324322,14.835280018787817,176.14153900729104,Core (>500 ha)
4.500810810809489,1700.1441441439092,2.2606609522777115,377.7417482336102,Micro (<10 ha)
7.751396396395284,2200.144144144375,2.2292369324037473,283.83842492786613,Micro (<10 ha)
2.5004504504497165,900.0720720719546,1.6056956393101085,359.9639704558324,Micro (<10 ha)
5.751036036034347,1600.1261261259206,1.8822453797399354,278.2326725306515,Micro (<10 ha)
7.251306306304177,1800.1441441439092,1.885793891578968,248.25101410747067,Micro (<10 ha)
3.7506756756745743,1500.108108107932,2.185057502481845,399.95676454699895,Micro (<10 ha)
6.001081081079319,1400.1441441439092,1.6123267859381534,233.31531856124954,Micro (<10 ha)
3.500630630629603,900.0900900899433,1.3570876675648533,257.12226883190425,Micro (<10 ha)
36.75662162161782,8100.702702702489,3.769206817321711,220.38757495433669,Small (10-50 ha)
67.01207207207335,13701.225225225091,4.721477778083523,204.45905941378803,Medium (50-200 ha)
3.250585585584631,1100.108108107932,1.72127250269627,338.4338234275634,Micro (<10 ha)
2.750495495494688,1100.108108107932,1.8712204906520638,399.9672458689386,Micro (<10 ha)
2.5004504504497165,1000.1441441439092,1.7842205538458622,399.98558818233295,Micro (<10 ha)
6.251126126124291,2200.162162161898,2.4823935190328243,351.96252927406573,Micro (<10 ha)
5.500990990989376,1800.1621621618979,2.165141229494396,327.24324855477204,Micro (<10 ha)
3.500630630629603,1100.108108107932,1.6586596863344998,314.2599788970232,Micro (<10 ha)
7.751396396394121,2800.252252251841,2.837280347008671,361.2577797665583,Micro (<10 ha)
17.50315315315267,3800.288288288284,2.562438582221094,217.1202100007778,Small (10-50 ha)
2.5004504504497165,1000.0900900899433,1.7841241233916427,399.9639704558324,Micro (<10 ha)
3.0005405405396597,1100.1261261259206,1.7915865651921827,366.64264697055495,Micro (<10 ha)
25.004504504508805,7200.702702702489,4.06219551201229,287.97622050075256,Small (10-50 ha)
2.750495495494688,1200.108108107932,2.041314727469422,436.32433140636266,Micro (<10 ha)
8.751576576574006,2800.216216215864,2.670198119253365,319.9670587024754,Micro (<10 ha)
5.500990990989376,2000.1801801798865,2.4057124772159955,363.60360950530224,Micro (<10 ha)
12.25220720720361,3900.3243243237957,3.143320196814726,318.3364644723462,Small (10-50 ha)
13.002342342338524,3500.360360359773,2.7384008868809113,269.20998295528796,Small (10-50 ha)
7.251306306304177,2000.1801801798865,2.095347518759037,275.83722100402235,Micro (<10 ha)
31.00558558558463,7100.6486486489885,3.5972707183115094,229.01191880569675,Small (10-50 ha)
9.001621621621307,2200.198198198341,2.068695148068761,244.42242638966388,Micro (<10 ha)
4.250765765765681,1400.1441441443749,1.9157296866869438,329.38633208648935,Micro (<10 ha)
3.7506756756769026,1400.1441441443749,2.039449990425368,373.3045096978917,Micro (<10 ha)
9.501711711710087,3200.3063063062727,2.9287728541123625,336.81366088619126,Micro (<10 ha)
5.000900900902925,1200.1441441443749,1.513924977106602,239.98558818225848,Micro (<10 ha)
3.5006306306342596,1200.1081081083976,1.8094321126173765,342.8262603903905,Micro (<10 ha)
26.504774774770485,8200.864864864852,4.493581930533541,309.41084897167804,Small (10-50 ha)
2.5004504504520444,1000.1261261263862,1.7841884103611223,399.9783822733133,Micro (<10 ha)
6.00108108108514,2300.1981981988065,2.64877811576208,383.2973037889492,Micro (<10 ha)
7.001261261265026,1500.1621621623635,1.5993559602702578,214.270273052388,Micro (<10 ha)
2.7504954954993446,1100.090090090409,1.8711898430410845,399.96069504221845,Micro (<10 ha)
2.500450450453209,1100.1081081083976,1.962552607472637,439.96397045540414,Micro (<10 ha)
5.500990990995197,1800.1441441443749,2.16511955836082,327.2399731414042,Micro (<10 ha)
6.251126126127783,2000.1621621623635,2.2567380140227065,319.9682940010283,Micro (<10 ha)
98.76779279278941,16201.513513514306,4.598783676041051,164.03640352178758,Medium (50-200 ha)
20.753738738738466,6000.414414415136,3.7155930428318746,289.124503779885,Small (10-50 ha)
172.28103603602503,31402.792792793363,6.749080436621359,182.27654949919645,Medium (50-200 ha)
4.250765765765681,1600.1441441443749,2.1893771814393705,376.4366780760841,Micro (<10 ha)
3.0005405405396597,1200.0900900899433,1.9543807126886847,399.9579655318045,Micro (<10 ha)
12.252207207214088,3900.3243243251927,3.143320196814508,318.33646447218797,Small (10-50 ha)
3.500630630629603,1400.1261261259206,2.1110041313875243,399.96397045583245,Micro (<10 ha)
4.250765765764518,1400.1441441439092,1.915729686686569,329.38633208646996,Micro (<10 ha)
5.500990990989376,1600.0900900899433,1.9245049683738245,290.8730613649234,Micro (<10 ha)
2.5004504504497165,1100.0900900899433,1.962520463988437,439.9567645469989,Micro (<10 ha)
5.000900900899433,2000.1621621618979,2.52310980338144,399.96036750141565,Micro (<10 ha)
7.251306306306506,2400.252252252307,2.514454773119258,331.0096347970837,Micro (<10 ha)
4.000720720719546,1500.1441441439092,2.1157236527162957,374.96847414885343,Micro (<10 ha)
3.500630630629603,900.0900900899433,1.3570876675648533,257.12226883190425,Micro (<10 ha)
7.001261261259206,2200.1801801798865,2.3456606049631885,314.25483181928496,Micro (<10 ha)
2.5004504504497165,900.0900900899433,1.6057277827948484,359.97117636466595,Micro (<10 ha)
3.250585585584631,1100.1261261259206,1.7213006943973297,338.4393664343584,Micro (<10 ha)
3.0005405405396597,1100.0900900899433,1.79152787948662,366.6306371224991,Micro (<10 ha)
3.500630630629603,1100.0720720719546,1.6586053539287204,314.24968474154673,Micro (<10 ha)
4.750855855854461,1400.1621621618979,1.8121221889461219,294.71787918728023,Micro (<10 ha)
2.750495495494688,800.054054053966,1.3608458373694272,290.8763367780295,Micro (<10 ha)
5.250945945944404,1300.1441441439092,1.6005446661554377,247.60189069325355,Micro (<10 ha)
3.0005405405396597,1100.0900900899433,1.79152787948662,366.6306371224991,Micro (<10 ha)
21.253828828831903,4100.34234234225,2.5089765179316137,192.9225258829565,Small (10-50 ha)
2.750495495494688,1100.108108107932,1.8712204906520638,399.9672458689386,Micro (<10 ha)
6.501171171169262,2100.2342342338525,2.32363013860789,323.05475104974306,Micro (<10 ha)
2.5004504504497165,900.0900900899433,1.6057277827948484,359.97117636466595,Micro (<10 ha)
9.001621621618979,2700.252252251841,2.5388616068179743,299.9739786625457,Micro (<10 ha)
2.750495495494688,1100.054054053966,1.8711285478215014,399.94759339030173,Micro (<10 ha)
8.501531531529036,2600.2342342338525,2.5157006088022746,305.85480093681304,Micro (<10 ha)
3.7506756756745743,1100.054054053966,1.602338758756475,293.29490181955464,Micro (<10 ha)
3.250585585584631,1300.108108107932,2.0342003849671633,399.961198952435,Micro (<10 ha)
2.750495495494688,900.0720720719546,1.5309707217969726,327.23997314166587,Micro (<10 ha)
10.501891891891137,2900.3063063062727,2.524673161178859,276.1698878795064,Small (10-50 ha)
10.00180180180003,3500.3243243242614,3.1222252518067934,349.9693748874634,Small (10-50 ha)
4.500810810814146,1700.1261261263862,2.2606369939381903,377.7377449506376,Micro (<10 ha)
2.5004504504520444,900.0720720724203,1.6056956393101915,359.9639704556835,Micro (<10 ha)
4.750855855857953,1600.1621621623635,2.070966805364985,336.81555717783226,Micro (<10 ha)
14.25256756756571,3600.288288288284,2.690207576208014,252.60629505671594,Small (10-50 ha)
2.7504954954993446,900.0720720724203,1.530970721796469,327.23997314128115,Micro (<10 ha)
8.501531531531363,2700.252252252307,2.6124670406516075,317.6195068191338,Micro (<10 ha)
32.75590090089827,6400.594594594557,3.154791152085113,195.40279517755633,Small (10-50 ha)
4.750855855860282,1400.090090090409,1.8120289116065165,294.70270885263085,Micro (<10 ha)
2.75049549549818,800.0720720724203,1.3608764849795427,290.88288760404174,Micro (<10 ha)
8.001441441447241,2200.198198198341,2.194182551109862,274.9752296881629,Micro (<10 ha)
2.500450450453209,1100.1081081083976,1.962552607472637,439.96397045540414,Micro (<10 ha)
6.50117117117974,1800.090090090409,1.9915605208987202,276.88704737853476,Micro (<10 ha)
2.750495495497016,1000.0720720724203,1.7010649586144029,363.59705867895144,Micro (<10 ha)
15.252747747745598,4500.360360360704,3.2506358054624944,295.05243479987865,Small (10-50 ha)
6.001081081083976,2100.216216216795,2.418490178907364,349.97297784175794,Micro (<10 ha)
4.7508558558567895,1700.1621621628292,2.2003891135753206,357.8643961733532,Micro (<10 ha)
5.000900900901761,1600.1801801808178,2.018551483558742,319.97838227353674,Micro (<10 ha)
42.007567567563385,9900.900900900364,4.309292904967301,235.69326848016442,Small (10-50 ha)
9.25166666666977,2000.1981981983408,1.855060641798118,216.19868832977878,Micro (<10 ha)
3.250585585584631,1000.0720720719546,1.5647521781587044,307.65904965153766,Micro (<10 ha)
22.504054054055597,4400.34234234225,2.6166832374894726,195.53553914207902,Small (10-50 ha)
2.5004504504497165,1100.108108107932,1.962552607473177,439.9639704558324,Micro (<10 ha)
3.0005405405396597,1200.0900900899433,1.9543807126886847,399.9579655318045,Micro (<10 ha)
4.000720720719546,1100.0900900899433,1.5515086552234791,274.97297784187435,Micro (<10 ha)
16.502972972975112,3900.3603603607044,2.7084368112286246,236.3428920805872,Small (10-50 ha)
2.5004504504497165,900.054054053966,1.6056634958253688,359.9567645469989,Micro (<10 ha)
3.5006306306342596,1400.1621621623635,2.1110584637926015,399.9742646109098,Micro (<10 ha)
16.25292792793596,4200.360360360704,2.939109824853004,258.4371492314941,Small (10-50 ha)
12.502252252256731,2800.1981981988065,2.2340336543023915,223.97549990989455,Small (10-50 ha)
4.500810810809489,1400.1261261259206,1.861730649427103,311.0830881323141,Micro (<10 ha)
3.0005405405396597,1200.108108107932,1.9544100555414663,399.96397045583245,Micro (<10 ha)
2.5004504504497165,900.0720720719546,1.6056956393101085,359.9639704558324,Micro (<10 ha)
4.000720720719546,1500.1441441439092,2.1157236527162957,374.96847414885343,Micro (<10 ha)
2.5004504504497165,1000.0720720719546,1.7840919799069028,399.9567645469989,Micro (<10 ha)
3.7506756756745743,1000.0900900899433,1.4567312466999527,266.64264697055495,Micro (<10 ha)
2.5004504504497165,800.054054053966,1.4272671552285743,319.9639704558324,Micro (<10 ha)
7.501351351351477,2300.252252252307,2.369194843812131,306.64504894013305,Micro (<10 ha)
2.5004504504497165,1000.1081081079319,1.7841562668763826,399.97117636466595,Micro (<10 ha)
11.502072072074515,2700.288288288284,2.2460383042487373,234.76537717445024,Small (10-50 ha)
6.001081081079319,1700.1441441439092,1.9577898140160186,283.30631117520767,Micro (<10 ha)
7.751396396394121,2000.1801801798865,2.0266288192919077,258.0412712618274,Micro (<10 ha)
5.500990990989376,1500.1441441439092,1.804295193478492,272.70434483552975,Micro (<10 ha)
2.5004504504497165,700.0720720719546,1.2489029581165199,279.97838227349945,Micro (<10 ha)
3.250585585584631,1000.0720720719546,1.5647521781587044,307.65904965153766,Micro (<10 ha)
2.5004504504497165,1000.0720720719546,1.7840919799069028,399.9567645469989,Micro (<10 ha)
10.001801801798866,3100.27027026983,2.7653843553858612,309.97117636466595,Small (10-50 ha)
3.250585585584631,1300.1441441439092,2.0342567683692825,399.972284966025,Micro (<10 ha)
27.504954954965505,7000.594594595488,3.7655162601111862,254.52121648836447,Small (10-50 ha)
4.250765765764518,1600.1441441439092,2.189377181439033,376.43667807607756,Micro (<10 ha)
6.501171171169262,2100.216216215864,2.323610204064898,323.05197954634554,Micro (<10 ha)
6.751216216214234,2200.162162161898,2.3886842774136388,325.8912308093201,Micro (<10 ha)
3.0005405405396597,1000.1081081079319,1.6287043891373365,333.30931363722163,Micro (<10 ha)
3.0005405405396597,1000.1081081079319,1.6287043891373365,333.30931363722163,Micro (<10 ha)
4.250765765764518,1500.1261261259206,2.052528781135386,352.9072663113717,Micro (<10 ha)
2.750495495494688,900.054054053966,1.5309400741867853,327.2334223154536,Micro (<10 ha)
29.25527027026983,6200.5585585585795,3.2338794310435475,211.94671938682418,Small (10-50 ha)
3.250585585584631,1300.1261261259206,2.034228576668223,399.96674195923,Micro (<10 ha)
2.750495495494688,1000.0720720719546,1.7010649586143307,363.59705867908997,Micro (<10 ha)
4.000720720719546,1200.1441441439092,1.6926195808225217,299.98198522791625,Micro (<10 ha)
3.0005405405396597,800.0720720719546,1.302940037027644,266.64264697055495,Micro (<10 ha)
20.503693693687673,5100.486486485694,3.1775370024223295,248.75939733999948,Small (10-50 ha)
2.750495495494688,900.0720720719546,1.5309707217969726,327.23997314166587,Micro (<10 ha)
6.001081081080483,1500.1441441443749,1.7274811286311438,249.9789827659314,Micro (<10 ha)
3.250585585588124,1200.0540540544316,1.8776518687282577,369.18088216936076,Micro (<10 ha)
4.250765765769175,1500.1621621623635,2.0525780869897288,352.91574385089876,Micro (<10 ha)
2.7504954954958523,1000.0720720724203,1.7010649586147626,363.5970586791053,Micro (<10 ha)
4.25076576576801,1400.1081081083976,1.915680380831589,329.37785454650475,Micro (<10 ha)
2.7504954954993446,900.0900900904089,1.5310013694066562,327.24652396749343,Micro (<10 ha)
13.752477477482753,3900.3243243251927,2.9669164621186446,283.6088501661816,Small (10-50 ha)
3.500630630629603,1000.0720720719546,1.5078329276453422,285.6834032478564,Micro (<10 ha)
5.50099099099636,1900.1441441443749,2.2853943466548188,345.418515910024,Micro (<10 ha)
2.5004504504497165,800.054054053966,1.4272671552285743,319.9639704558324,Micro (<10 ha)
4.7508558558567895,1400.1801801803522,1.8121455082810551,294.72167177083037,Micro (<10 ha)
3.2505855855869594,1200.1081081083976,1.8777364438317727,369.197511189878,Micro (<10 ha)
3.7506756756757387,1400.1621621623635,2.0394762354710734,373.30931363722993,Micro (<10 ha)
3.000540540541988,1000.1081081083976,1.6287043891374628,333.3093136371182,Micro (<10 ha)
2.750495495494688,1100.0900900899433,1.8711898430418763,399.96069504272634,Micro (<10 ha)
24.50441441441537,5400.540540540591,3.077585550590846,220.39051614159695,Small (10-50 ha)
8.751576576580993,2300.198198198341,2.193396662432321,262.8324368838428,Micro (<10 ha)
30.25545045045088,5000.468468468171,2.564507358042402,165.27496348657573,Small (10-50 ha)
2.750495495494688,1100.0900900899433,1.8711898430418763,399.96069504272634,Micro (<10 ha)
4.250765765765681,1500.1441441443749,2.052553434063157,352.9115050812867,Micro (<10 ha)
3.0005405405396597,1000.054054053966,1.6286163605789925,333.29129886513783,Micro (<10 ha)
2.750495495494688,1100.0900900899433,1.8711898430418763,399.96069504272634,Micro (<10 ha)
3.5006306306319313,1200.1621621623635,1.8095136112266472,342.84170162383316,Micro (<10 ha)
4.250765765765681,1100.1261261263862,1.5052337916308889,258.8065743321951,Micro (<10 ha)
110.51990990991355,25002.12612612592,6.708906643384898,226.22282398262476,Medium (50-200 ha)
2.5004504504497165,700.0720720719546,1.2489029581165199,279.97838227349945,Micro (<10 ha)
4.000720720719546,1200.108108107932,1.6925687575106654,299.97297784187435,Micro (<10 ha)
5.500990990989376,1900.1621621618979,2.2854160177887004,345.42179132348406,Micro (<10 ha)
158.52855855856558,30402.77477477584,6.811684664888958,191.7810585752855,Medium (50-200 ha)
8.751576576574006,2200.1801801798865,2.098022625936388,251.403865455428,Micro (<10 ha)
3.500630630629603,1300.108108107932,1.9602045389012566,371.39254188440384,Micro (<10 ha)
6.251126126124291,2000.1981981978752,2.2567786726722967,319.97405872819934,Micro (<10 ha)
3.0005405405396597,1300.0900900899433,2.1172335458907496,433.2852939411099,Micro (<10 ha)
7.251306306304177,2200.1801801798865,2.3048633953307753,303.41845830827515,Micro (<10 ha)
2.5004504504497165,800.0360360359773,1.4272350117438346,319.9567645469989,Micro (<10 ha)
5.250945945947897,2100.252252252307,2.5855191172942567,399.97598030371097,Micro (<10 ha)
4.750855855854461,1500.1621621618979,1.9415444971556326,315.76671818263105,Micro (<10 ha)
3.7506756756745743,1200.0900900899433,1.748051250994554,319.96637242544364,Micro (<10 ha)
9.001621621618979,2600.198198197875,2.4447876564186126,288.85886426874924,Micro (<10 ha)
183.78310810810183,38603.603603603784,8.032858548276772,210.04979184973308,Medium (50-200 ha)
3.250585585584631,1300.1261261259206,2.034228576668223,399.96674195923,Micro (<10 ha)
5.250945945944404,1500.108108107932,1.8467106450489974,285.6834032478564,Micro (<10 ha)
2.5004504504497165,1000.0900900899433,1.7841241233916427,399.9639704558324,Micro (<10 ha)
23.00414414414321,5400.594594594091,3.1763884288712516,234.76616042544956,Small (10-50 ha)
6.001081081079319,1900.1801801798865,2.1881399964616244,316.639644508541,Micro (<10 ha)
3.0005405405396597,1100.0900900899433,1.79152787948662,366.6306371224991,Micro (<10 ha)
3.250585585584631,1200.0900900899433,1.8777082521306572,369.1919681832042,Micro (<10 ha)
2.750495495494688,800.0720720719546,1.3608764849796144,290.8828876042418,Micro (<10 ha)
3.500630630629603,1300.108108107932,1.9602045389012566,371.39254188440384,Micro (<10 ha)
2.7504954954958523,900.0900900904089,1.5310013694076279,327.2465239679089,Micro (<10 ha)
2.500450450453209,1100.090090090409,1.962520463987897,439.95676454657064,Micro (<10 ha)
2.5004504504543728,1000.0900900904089,1.7841241233908118,399.96397045527385,Micro (<10 ha)
4.0007207207218745,1400.1261261263862,1.9746635504291916,349.9684741487661,Micro (<10 ha)
4.750855855859117,1500.1801801808178,1.941567816490661,315.7705107661141,Micro (<10 ha)
5.500990990995197,1600.1261261263862,1.9245483106393477,290.8796121909125,Micro (<10 ha)
3.5006306306354236,1200.1081081083976,1.8094321126170756,342.8262603902765,Micro (<10 ha)
2.75049549549818,800.0720720724203,1.3608764849795427,290.88288760404174,Micro (<10 ha)
36.256531531537185,9200.810810811352,4.310503888063526,253.76974636440798,Small (10-50 ha)
56.01009009008296,13900.936936936807,5.2396949739850545,248.1862984790678,Medium (50-200 ha)
20.503693693702807,6100.558558558114,3.800568947024473,297.53461252846097,Small (10-50 ha)
3.7506756756757387,1300.1441441443749,1.8937899882784064,346.6426469705715,Micro (<10 ha)
4.750855855855625,1500.1441441443749,1.9415211778212231,315.76292559905505,Micro (<10 ha)
2.750495495494688,800.0720720719546,1.3608764849796144,290.8828876042418,Micro (<10 ha)
5.250945945944404,1600.1261261259206,1.9698379967193296,304.73102229547544,Micro (<10 ha)
6.75121621621889,2600.2162162163295,2.8230171849909067,385.1478212132592,Micro (<10 ha)
2.750495495494688,1200.0720720719546,2.041253432249047,436.3112297539381,Micro (<10 ha)
3.0005405405396597,1000.0720720719546,1.6286457034317738,333.29730378916577,Micro (<10 ha)
4.000720720719546,1500.108108107932,2.1156728294044393,374.95946676281153,Micro (<10 ha)
4.000720720719546,1600.1441441439092,2.2567583433475535,399.9639704558325,Micro (<10 ha)
9.001621621622471,2700.2522522527725,2.5388616068183576,299.9739786625327,Micro (<10 ha)
8.751576576576335,3100.252252252307,2.9563030473272067,354.2507141570533,Micro (<10 ha)
24.254369369368067,6200.558558559511,3.5516559408050594,255.6470738996197,Small (10-50 ha)
7.501351351350313,2200.2162162163295,2.2661605524471846,293.3093136372382,Micro (<10 ha)
6.501171171169262,2600.2342342338525,2.8768137075481257,399.96397045583245,Micro (<10 ha)
29.0052252252202,6900.738738738466,3.614535814598144,237.9136409097157,Small (10-50 ha)
3.500630630629603,800.054054053966,1.2062609088756957,228.54569318273747,Micro (<10 ha)
7.251306306304177,2000.1801801798865,2.095347518759037,275.83722100402235,Micro (<10 ha)
3.500630630629603,1200.0900900899433,1.8094049464149884,342.8211133129753,Micro (<10 ha)
2.5004504504497165,1100.108108107932,1.962552607473177,439.9639704558324,Micro (<10 ha)
116.77103603603085,19201.65765765775,5.0126366339440835,164.43853124445081,Medium (50-200 ha)
2.5004504504497165,900.0900900899433,1.6057277827948484,359.97117636466595,Micro (<10 ha)
18.75337837837869,4300.414414414205,2.8013386853209723,229.31411757639765,Small (10-50 ha)
3.0005405405396597,1200.108108107932,1.9544100555414663,399.96397045583245,Micro (<10 ha)
4.500810810809489,1300.1261261259206,1.728761867923224,288.8648691927772,Micro (<10 ha)
2.750495495494688,900.0720720719546,1.5309707217969726,327.23997314166587,Micro (<10 ha)
6.751216216214234,1900.1801801798865,2.0629981729113633,281.4574617853698,Micro (<10 ha)
12.502252252248581,3300.306306305807,2.6330262488343084,263.9769410917328,Small (10-50 ha)
3.0005405405396597,1000.0900900899433,1.6286750462845552,333.3033087131937,Micro (<10 ha)
7.751396396394121,2400.216216215864,2.4319545831502896,309.6495255141929,Micro (<10 ha)
7.5013513513491485,2600.252252251841,2.678186369610029,346.63784303133264,Micro (<10 ha)
2.750495495494688,1100.054054053966,1.8711285478215014,399.94759339030173,Micro (<10 ha)
4.750855855854461,1300.0900900899433,1.682606603397513,273.6538698575431,Micro (<10 ha)
2.750495495494688,900.0900900899433,1.53100136940716,327.24652396787815,Micro (<10 ha)
2.750495495494688,900.1081081079319,1.5310320170173475,327.2530747940904,Micro (<10 ha)
5.751036036034347,1600.1261261259206,1.8822453797399354,278.2326725306515,Micro (<10 ha)
5.250945945944404,1800.1621621618979,2.216092700059994,342.8262603907135,Micro (<10 ha)
19.25346846846747,5800.594594594557,3.729177820032261,301.2753054907758,Small (10-50 ha)
2.5004504504497165,900.0900900899433,1.6057277827948484,359.97117636466595,Micro (<10 ha)
2.750495495494688,1100.1441441439092,1.8712817858724384,399.98034752136317,Micro (<10 ha)
3.250585585584631,1300.108108107932,2.0342003849671633,399.961198952435,Micro (<10 ha)
3.0005405405396597,1000.1081081079319,1.6287043891373365,333.30931363722163,Micro (<10 ha)
8.751576576576335,2200.2162162163295,2.0980569887671567,251.40798311760486,Micro (<10 ha)
21.75391891891486,6300.540540540125,3.8106944336114013,289.62783965613914,Small (10-50 ha)
6.501171171177411,2200.198198198341,2.4342269833089416,338.43105192381336,Micro (<10 ha)
8.00144144144142,2700.252252252307,2.692869388012818,337.4707259953239,Micro (<10 ha)
4.750855855857953,1300.1621621623635,1.6826998807365952,273.6690401918263,Micro (<10 ha)
2.500450450453209,900.1081081083976,1.6057599262792974,359.9783822731829,Micro (<10 ha)
2.500450450453209,800.0900900904089,1.4273314421978878,319.97838227323876,Micro (<10 ha)
2.750495495497016,800.0540540544316,1.3608458373696433,290.8763367779526,Micro (<10 ha)
3.250585585591616,1200.090090090409,1.8777082521293682,369.1919681825541,Micro (<10 ha)
2.5004504504520444,1000.0900900908746,1.7841241233924734,399.9639704558325,Micro (<10 ha)
3.5006306306342596,1200.090090090409,1.8094049464144868,342.8211133126523,Micro (<10 ha)
3.5006306306319313,1100.1081081083976,1.65865968633465,314.2599788969472,Micro (<10 ha)
3.2505855855857955,1300.1441441443749,2.0342567683696466,399.972284966025,Micro (<10 ha)
2.75049549549818,900.0900900904089,1.5310013694069802,327.24652396763196,Micro (<10 ha)
5.000900900906418,1400.1441441443749,1.7662155014556136,279.97838227320153,Micro (<10 ha)
6.001081081082812,1800.1981981983408,2.0730064022991166,299.97898276580526,Micro (<10 ha)
15.252747747756075,3400.3063063076697,2.4560605248807064,222.93073763105468,Small (10-50 ha)
5.0009009009005965,1800.1621621623635,2.2708192790320463,359.9675734102585,Micro (<10 ha)
6.501171171175083,1700.2162162163295,1.8810633489123825,261.52460402131146,Micro (<10 ha)
11.502072072076844,2600.252252252307,2.162830607604972,226.0681584985755,Small (10-50 ha)
6.501171171171591,1900.1801801803522,2.1022969074029576,292.28274877708174,Micro (<10 ha)
2.5004504504497165,700.054054053966,1.24887081463178,279.97117636466595,Micro (<10 ha)
3.250585585584631,1100.0720720719546,1.721216119294151,338.42273741397344,Micro (<10 ha)
15.25274774775142,4800.432432432659,3.46737956453677,314.7257472438266,Small (10-50 ha)
2.750495495494688,800.0720720719546,1.3608764849796144,290.8828876042418,Micro (<10 ha)
8.001441441442585,2700.234234234318,2.6928514192583943,337.46847414876424,Micro (<10 ha)
2.5004504504497165,900.0720720719546,1.6056956393101085,359.9639704558324,Micro (<10 ha)
18.503333333332556,4800.432432432193,3.148113943554707,259.43608894428365,Small (10-50 ha)
6.501171171169262,2300.216216215864,2.544883631640992,353.8156673087813,Micro (<10 ha)
2.750495495494688,900.0720720719546,1.5309707217969726,327.23997314166587,Micro (<10 ha)
3.250585585584631,1100.0900900899433,1.7212443109952107,338.42828042076843,Micro (<10 ha)
3.500630630629603,1100.0720720719546,1.6586053539287204,314.24968474154673,Micro (<10 ha)
3.500630630629603,1100.0720720719546,1.6586053539287204,314.24968474154673,Micro (<10 ha)
86.01549549550283,18501.67567567667,5.627529548138818,215.0970074530815,Medium (50-200 ha)
11.252027027023724,2000.1981981978752,1.6821035074223336,177.76336596011075,Small (10-50 ha)
3.250585585584631,1000.1081081079319,1.5648085615608236,307.67013566512765,Micro (<10 ha)
9.751756756753894,2800.27027026983,2.5296101062174907,287.15546748337545,Micro (<10 ha)
2.750495495494688,1000.054054053966,1.7010343110041433,363.5905078528777,Micro (<10 ha)
4.000720720719546,1500.108108107932,2.1156728294044393,374.95946676281153,Micro (<10 ha)
4.000720720719546,1400.1261261259206,1.9746635504291095,349.96847414885343,Micro (<10 ha)
3.250585585584631,1000.1261261259206,1.564836753261883,307.6756786719227,Micro (<10 ha)
2.750495495494688,1200.108108107932,2.041314727469422,436.32433140636266,Micro (<10 ha)
10.001801801798866,3300.27027026983,2.943780695982656,329.9675734102492,Small (10-50 ha)
2.5004504504497165,1000.0900900899433,1.7841241233916427,399.9639704558324,Micro (<10 ha)
3.0005405405396597,900.1081081079319,1.4658515559352716,299.9819852279162,Micro (<10 ha)
2.5004504504497165,800.0720720719546,1.4272992987133142,319.97117636466595,Micro (<10 ha)
3.250585585584631,1100.1441441439092,1.7213288860983893,338.44490944115347,Micro (<10 ha)
3.0005405405396597,800.0720720719546,1.302940037027644,266.64264697055495,Micro (<10 ha)
3.250585585584631,1000.0720720719546,1.5647521781587044,307.65904965153766,Micro (<10 ha)
7.001261261259206,1900.1981981978752,2.025843199246694,271.4079831176185,Micro (<10 ha)
3.0005405405396597,1000.0720720719546,1.6286457034317738,333.29730378916577,Micro (<10 ha)
2.750495495494688,1000.0720720719546,1.7010649586143307,363.59705867908997,Micro (<10 ha)
2.5004504504497165,900.054054053966,1.6056634958253688,359.9567645469989,Micro (<10 ha)
3.250585585584631,1200.108108107932,1.8777364438317168,369.1975111899992,Micro (<10 ha)
2.5004504504508804,1100.0540540544316,1.9624561770193312,439.9423527293133,Micro (<10 ha)
4.250765765765681,1200.1261261263862,1.6420575390071022,282.3317473269925,Micro (<10 ha)
4.500810810811817,1100.090090090409,1.4627763882377651,244.42042474830978,Micro (<10 ha)
11.502072072072188,3900.3423423431814,3.2442159374546224,339.0991047442206,Small (10-50 ha)
2.500450450453209,900.0540540544316,1.605663495825078,359.9567645466824,Micro (<10 ha)
7.7513963964011054,2000.1441441443749,2.026592306746363,258.03662228821395,Micro (<10 ha)
2.750495495497016,1100.1261261263862,1.871251138262251,399.9737966949816,Micro (<10 ha)
5.000900900904089,1300.1261261263862,1.6400475104051948,259.9783822733505,Micro (<10 ha)
7.751396396396449,2600.252252252307,2.634635721352108,335.4559771270554,Micro (<10 ha)
2.5004504504543728,800.0540540544316,1.4272671552280758,319.96397045542284,Micro (<10 ha)
3.500630630633095,1200.1261261263862,1.809459278820567,342.83140746824273,Micro (<10 ha)
12.752297297302867,2000.1981981988065,1.5800611147012504,156.8500287882915,Small (10-50 ha)
3.750675675679231,1000.0900900904089,1.4567312466997266,266.6426469703481,Micro (<10 ha)
4.25076576576801,1700.1621621628292,2.3262255817429986,399.96608984067393,Micro (<10 ha)
15.252747747746762,4900.270270270761,3.5394930008911984,321.27131132780073,Small (10-50 ha)
3.250585585584631,900.054054053966,1.4082600453221983,276.8898188823069,Micro (<10 ha)
3.0005405405408236,1000.0720720724203,1.6286457034322162,333.2973037891917,Micro (<10 ha)
13.002342342349003,2600.234234234784,2.0342144808176017,199.9819852278267,Small (10-50 ha)
2.5004504504497165,1000.0720720719546,1.7840919799069028,399.9567645469989,Micro (<10 ha)
10.751936936938437,1800.1801801803522,1.5487013952249176,167.42845412307125,Small (10-50 ha)
3.0005405405396597,1200.108108107932,1.9544100555414663,399.96397045583245,Micro (<10 ha)
2.5004504504497165,1000.0720720719546,1.7840919799069028,399.9567645469989,Micro (<10 ha)
4.750855855854461,1500.1261261259206,1.9414978584860836,315.75913301543784,Micro (<10 ha)
4.750855855855625,1700.1621621623635,2.2003891135749876,357.8643961733429,Micro (<10 ha)
7.251306306309998,1900.1621621623635,1.9905707051686914,262.0441175556004,Micro (<10 ha)
2.5004504504497165,900.0720720719546,1.6056956393101085,359.9639704558324,Micro (<10 ha)
6.501171171169262,1900.1801801798865,2.102296907402819,292.28274877711476,Micro (<10 ha)
6.001081081079319,1500.1261261259206,1.727460380100594,249.9759803038883,Micro (<10 ha)
2.750495495494688,900.054054053966,1.5309400741867853,327.2334223154536,Micro (<10 ha)
2.5004504504497165,900.0900900899433,1.6057277827948484,359.97117636466595,Micro (<10 ha)
9.50171171171125,2200.198198198341,2.0135200008361798,231.5580881586321,Micro (<10 ha)
3.0005405405396597,1100.0720720719546,1.7914985366338385,366.62463219847115,Micro (<10 ha)
4.250765765764518,1300.0720720719546,1.7788073276006768,305.84420401205784,Micro (<10 ha)
4.250765765764518,1800.1261261259206,2.4630000232640823,423.4827852957831,Micro (<10 ha)
2.5004504504497165,800.054054053966,1.4272671552285743,319.9639704558324,Micro (<10 ha)
54.00972972973715,12001.09909909917,4.606595594484941,222.20253941562495,Medium (50-200 ha)
2.5004504504497165,1100.0900900899433,1.962520463988437,439.9567645469989,Micro (<10 ha)
3.500630630629603,1100.0900900899433,1.65863252013161,314.25483181928496,Micro (<10 ha)
3.250585585584631,1300.0720720719546,2.0341440015650445,399.95011293884494,Micro (<10 ha)
58.760585585582305,14501.081081080716,5.336449344121214,246.78244671269493,Medium (50-200 ha)
6.001081081079319,2100.216216215864,2.41849017890723,349.9729778418743,Micro (<10 ha)
4.000720720719546,1400.1261261259206,1.9746635504291095,349.96847414885343,Micro (<10 ha)
3.500630630629603,1300.1621621618979,1.9602860375099256,371.4079831176185,Micro (<10 ha)
4.250765765764518,1400.1621621618979,1.9157543396139838,329.390570856372,Micro (<10 ha)
7.751396396394121,2000.1801801798865,2.0266288192919077,258.0412712618274,Micro (<10 ha)
3.500630630629603,1300.108108107932,1.9602045389012566,371.39254188440384,Micro (<10 ha)
4.500810810809489,1600.0900900899433,2.12762029575692,355.5115194460174,Micro (<10 ha)
7.001261261259206,2500.216216215864,2.6655356388985303,357.1094011375587,Micro (<10 ha)
2.5004504504497165,1000.0900900899433,1.7841241233916427,399.9639704558324,Micro (<10 ha)
3.500630630629603,1300.0900900899433,1.960177372698367,371.38739480666567,Micro (<10 ha)
8.501531531529036,2600.1801801798865,2.5156483120458213,305.84844278195993,Micro (<10 ha)
7.251306306304177,1700.1441441439092,1.7810359532930988,234.46039545534427,Micro (<10 ha)
5.500990990989376,1800.1261261259206,2.1650978872284146,327.2366977285597,Micro (<10 ha)
5.250945945944404,1400.108108107932,1.7236054744904414,266.63921558539613,Micro (<10 ha)
11.252027027023724,2900.27027026983,2.4390356908075645,257.7553593947402,Small (10-50 ha)
3.500630630630767,1300.1081081083976,1.9602045389016323,371.3925418844134,Micro (<10 ha)
2.5004504504508804,1000.0720720724203,1.7840919799073183,399.95676454699895,Micro (<10 ha)
3.750675675678067,1200.1261261263862,1.7481037410851967,319.9759803037145,Micro (<10 ha)
10.251846846845002,2700.252252252307,2.3790214083081596,263.3917861427385,Small (10-50 ha)
7.0012612612638625,2100.1981981988065,2.239067609328793,299.9742646112424,Micro (<10 ha)
3.0005405405454804,1000.0900900904089,1.6286750462837338,333.3033087127023,Micro (<10 ha)
15.252747747752583,3600.288288288284,2.6005086443691985,236.04194783977653,Small (10-50 ha)
7.751396396399941,2600.1801801812835,2.6345626962622504,335.4466791801425,Micro (<10 ha)
2.5004504504520444,800.0900900904089,1.4273314421982202,319.97838227338775,Micro (<10 ha)
3.5006306306342596,900.0540540544316,1.3570333351588735,257.1119746762188,Micro (<10 ha)
2.750495495497016,1000.0720720724203,1.7010649586144029,363.59705867895144,Micro (<10 ha)
3.5006306306319313,1400.1441441448405,2.111031297591116,399.9691175335707,Micro (<10 ha)
4.500810810810654,1800.1621621623635,2.393653692120871,399.96397045583245,Micro (<10 ha)
2.5004504504508804,1100.0720720724203,1.962488320504071,439.9495586381468,Micro (<10 ha)
3.5006306306354236,1200.0720720724203,1.8093777802112965,342.8159662348001,Micro (<10 ha)
3.250585585584631,1200.108108107932,1.8777364438317168,369.1975111899992,Micro (<10 ha)
4.000720720723039,1400.1441441443749,1.9746889620848327,349.9729778416852,Micro (<10 ha)
4.500810810810654,1300.1081081083976,1.7287379095846491,288.86086591012065,Micro (<10 ha)
5.500990990992868,1500.1441441443749,1.8042951934784794,272.70434483544125,Micro (<10 ha)
4.500810810811817,1400.1261261263862,1.8617306494272408,311.0830881322567,Micro (<10 ha)
4.500810810809489,1400.1261261259206,1.861730649427103,311.0830881323141,Micro (<10 ha)
20.00360360360821,5000.414414415602,3.153892936446156,249.97568005764907,Small (10-50 ha)
2.5004504504497165,1100.108108107932,1.962552607473177,439.9639704558324,Micro (<10 ha)
4.500810810809489,1500.108108107932,1.9946754725920117,333.29730378916577,Micro (<10 ha)
4.250765765764518,1100.054054053966,1.5051351799207977,258.78961925254816,Micro (<10 ha)
4.000720720719546,1300.108108107932,1.8336034481419234,324.96847414885343,Micro (<10 ha)
4.500810810809489,1100.0900900899433,1.4627763882375242,244.42042474833275,Micro (<10 ha)
2.5004504504497165,900.054054053966,1.6056634958253688,359.9567645469989,Micro (<10 ha)
3.7506756756745743,1200.1261261259206,1.7481037410853324,319.9759803038883,Micro (<10 ha)
5.000900900899433,1100.0900900899433,1.3877115283035935,219.97838227349945,Micro (<10 ha)
3.500630630629603,900.0720720719546,1.3570605013619637,257.117121754166,Micro (<10 ha)
2.750495495494688,1100.054054053966,1.8711285478215014,399.94759339030173,Micro (<10 ha)
4.750855855854461,1600.1441441439092,2.070943486030369,336.81176459438524,Micro (<10 ha)
3.250585585584631,1400.1261261259206,2.1906925178036696,430.7304297216657,Micro (<10 ha)
5.500990990989376,1400.1261261259206,1.6839987340511968,254.52252665371157,Micro (<10 ha)
9.001621621618979,1900.1261261259206,1.7865580023902665,211.0870914149994,Micro (<10 ha)
9.501711711708921,2400.162162161898,2.1965178058600174,252.60313457039405,Micro (<10 ha)
2.750495495494688,1000.0900900899433,1.7010956062245182,363.60360950530224,Micro (<10 ha)
3.250585585584631,1100.108108107932,1.72127250269627,338.4338234275634,Micro (<10 ha)
19.753558558557415,4600.378378378693,2.9198863612492643,232.88858889608872,Small (10-50 ha)
2.5004504504497165,1100.0900900899433,1.962520463988437,439.9567645469989,Micro (<10 ha)
2.750495495494688,800.0720720719546,1.3608764849796144,290.8828876042418,Micro (<10 ha)
2.5004504504497165,800.0720720719546,1.4272992987133142,319.97117636466595,Micro (<10 ha)
2.750495495494688,800.0720720719546,1.3608764849796144,290.8828876042418,Micro (<10 ha)
4.500810810809489,1600.1441441439092,2.127692170773832,355.5235292940733,Micro (<10 ha)
2.750495495494688,1200.108108107932,2.041314727469422,436.32433140636266,Micro (<10 ha)
5.250945945944404,1700.1621621618979,2.092987529501438,323.7820727282533,Micro (<10 ha)
2.5004504504497165,900.0900900899433,1.6057277827948484,359.97117636466595,Micro (<10 ha)
23509.985270272708,2833752.684684688,52.135174808102036,120.5340051092179,Core (>500 ha)
3.7506756756745743,1400.1261261259206,2.0394237453799335,373.29970575877695,Micro (<10 ha)
4.750855855854461,1700.1441441439092,2.2003657942398798,357.860603589736,Micro (<10 ha)
5.000900900899433,1400.1441441439092,1.7662155014562597,279.97838227349945,Micro (<10 ha)
5.000900900899433,1500.108108107932,1.892315305879057,299.9675734102492,Micro (<10 ha)
406.32319819819355,76806.27027026983,10.748699834998765,189.02752934329334,Large (200-500 ha)
2.750495495494688,1000.0720720719546,1.7010649586143307,363.59705867908997,Micro (<10 ha)
189.03405405405792,31002.75675675692,6.360999430542311,164.00619936919455,Medium (50-200 ha)
7.251306306309998,1900.1441441443749,1.9905518298645264,262.04163275945086,Micro (<10 ha)
3.7506756756757387,1400.1261261263862,2.039423745380295,373.29970575878525,Micro (<10 ha)
3.7506756756769026,1400.1081081083976,2.0393975003345894,373.29490181944703,Micro (<10 ha)
98.26770270270761,21201.81981982058,6.033409541497334,215.75572885796583,Medium (50-200 ha)
3.750675675678067,1100.1081081083976,1.6024174938925746,293.30931363707265,Micro (<10 ha)
2.5004504504543728,900.0720720728859,1.6056956393102746,359.9639704555346,Micro (<10 ha)
4.500810810814146,1900.1801801808178,2.5266464319633424,422.1861926778248,Micro (<10 ha)
35.006306306304175,6300.5945945950225,3.004024428406258,179.98455876678335,Small (10-50 ha)
17.00306306306622,3500.3063063062727,2.3946251289668337,205.86327847654587,Small (10-50 ha)
7.2513063063076695,1600.1801801803522,1.6763157656156433,220.6747463954748,Micro (<10 ha)
3.5006306306319313,1000.1081081083976,1.5078872600513218,285.6936974032758,Micro (<10 ha)
8.251486486491048,2600.216216217261,2.553515121638939,315.12094462909374,Micro (<10 ha)
6.2511261261289475,1500.1441441443749,1.6925789221729317,239.9798234551619,Micro (<10 ha)
12.502252252252074,3000.2882882887498,2.393668067124352,239.97982345527362,Small (10-50 ha)
3.000540540544316,1100.090090090409,1.791527879485988,366.6306371220854,Micro (<10 ha)
2.7504954955005085,1000.0720720724203,1.7010649586133229,363.5970586784898,Micro (<10 ha)
7.751396396397613,2000.1981981983408,2.026647075564475,258.04359574849167,Micro (<10 ha)
5.000900900904089,1500.1081081083976,1.8923153058787634,299.96757341006304,Micro (<10 ha)
2.5004504504497165,800.0900900899433,1.427331442198054,319.97838227349945,Micro (<10 ha)
9.251666666665114,2900.288288288284,2.6898387661378536,313.4881954554607,Micro (<10 ha)
20.25364864864736,4800.486486486159,3.009045006671255,237.01835505114087,Small (10-50 ha)
3.250585585584631,1000.0720720719546,1.5647521781587044,307.65904965153766,Micro (<10 ha)
8.001441441443749,1900.1621621623635,1.8949668552182435,237.47748153481527,Micro (<10 ha)
2.5004504504497165,900.054054053966,1.6056634958253688,359.9567645469989,Micro (<10 ha)
4.500810810809489,1400.108108107932,1.8617066910881326,311.0790848496288,Micro (<10 ha)
5.250945945944404,1600.108108107932,1.9698158156075534,304.7275909103166,Micro (<10 ha)
13.502432432434288,3500.3603603602387,2.6872113098967003,259.2392428457556,Small (10-50 ha)
7.251306306305342,1700.1801801803522,1.7810737039017732,234.46536504766982,Micro (<10 ha)
12.752297297299373,3600.324324324727,2.8440843863883494,282.3275085570024,Small (10-50 ha)
36.006486486486395,7600.702702702023,3.5732091808519684,211.09259592864316,Small (10-50 ha)
4.000720720719546,1500.1441441439092,2.1157236527162957,374.96847414885343,Micro (<10 ha)
60.260855855855624,8900.84684684733,3.2345118654289933,147.70528430824507,Medium (50-200 ha)
4.750855855854461,1700.1261261259206,2.200342474905105,357.8568110061394,Micro (<10 ha)
20.503693693694657,6700.666666666977,4.1744285237580945,326.80290521154154,Small (10-50 ha)
3.7506756756745743,1500.108108107932,2.185057502481845,399.95676454699895,Micro (<10 ha)
28.255090090096928,7100.702702702023,3.768322378946647,251.30702751468962,Small (10-50 ha)
4.750855855854461,1600.1261261259206,2.0709201666955943,336.80797201078866,Micro (<10 ha)
6.501171171169262,2300.1801801798865,2.5448437625550073,353.8101243019863,Micro (<10 ha)
5.500990990989376,1700.1621621618979,2.0448664412000914,309.06470578605996,Micro (<10 ha)
11.752117117119488,3400.3063063067384,2.7980473108042188,289.3356382020275,Small (10-50 ha)
8.251486486484064,2100.198198197875,2.0624776601621275,254.52361845808028,Micro (<10 ha)
4.500810810809489,1100.0720720719546,1.4627524298985537,244.41642146564746,Micro (<10 ha)
2.750495495494688,1200.0900900899433,2.0412840798592344,436.3177805801504,Micro (<10 ha)
3.250585585584631,900.0900900899433,1.4083164287243173,276.9009048958969,Micro (<10 ha)
5.751036036034347,1600.1261261259206,1.8822453797399354,278.2326725306515,Micro (<10 ha)
11.752117117113666,2500.252252251841,2.057409968558315,212.7490925537939,Small (10-50 ha)
23.004144144142046,5300.522522522137,3.117530507541574,230.41598458562532,Small (10-50 ha)
11.001981981978751,3300.252252251841,2.8067694407577206,299.96888357549165,Small (10-50 ha)
10.251846846843836,3200.306306305807,2.8195873957682958,312.16875887012134,Small (10-50 ha)
2.5004504504497165,800.0720720719546,1.4272992987133142,319.97117636466595,Micro (<10 ha)
14.252567567563382,4000.360360359773,2.989149447840339,280.67647049532104,Small (10-50 ha)
3.500630630629603,1200.1261261259206,1.8094592788207677,342.83140746845174,Micro (<10 ha)
3.0005405405396597,1100.0900900899433,1.79152787948662,366.6306371224991,Micro (<10 ha)
12.502252252248581,3700.3963963957503,2.9522231994605304,295.97838227349945,Small (10-50 ha)
20.00360360360821,4500.432432432193,2.8385411454462273,224.98108448921747,Small (10-50 ha)
6.251126126124291,2000.1801801798865,2.256758343347554,319.97117636466595,Micro (<10 ha)
4.750855855855625,1500.1621621623635,1.9415444971559976,315.7667181826517,Micro (<10 ha)
4.00072072072071,1300.1081081083976,1.8336034481423131,324.96847414887526,Micro (<10 ha)
8.251486486485227,2100.180180180352,2.0624599657564477,254.5214348493634,Micro (<10 ha)
4.750855855855625,1400.1081081083976,1.8120522309421792,294.7065014365163,Micro (<10 ha)
9.751756756760878,2500.234234234318,2.2585740576456517,256.38808438294046,Micro (<10 ha)
3.7506756756769026,1200.1081081083976,1.7480774960400787,319.9711763645915,Micro (<10 ha)
4.000720720725367,1100.1081081083976,1.5515340668789355,274.9774815346116,Micro (<10 ha)
4.750855855863774,1400.0720720724203,1.812005592271076,294.69891626881764,Micro (<10 ha)
31.005585585585795,6700.612612613011,3.3946078363822814,216.10985524260064,Small (10-50 ha)
12.252207207205938,3500.3243243242614,2.8209551896576714,285.6892856223981,Small (10-50 ha)
2.7504954954993446,1000.1081081083976,1.701126253834058,363.6101603310682,Micro (<10 ha)
2.75049549549818,800.0720720724203,1.3608764849795427,290.88288760404174,Micro (<10 ha)
7.501351351352642,2600.198198199272,2.678130695462143,346.6306371225239,Micro (<10 ha)
2.750495495497016,900.0900900904089,1.5310013694073041,327.24652396777043,Micro (<10 ha)
14.002522522525396,3900.2702702702954,2.940266059047168,278.54054610489356,Small (10-50 ha)
4.500810810814146,1700.126126126852,2.26063699393881,377.73774495074105,Micro (<10 ha)
9.501711711712414,2200.252252252307,2.013569468615312,231.56377703399863,Micro (<10 ha)
6.001081081082812,1300.1261261263862,1.497151694715451,216.6486518945344,Micro (<10 ha)
3.250585585584631,800.0720720719546,1.2518242958878112,246.13167412666613,Micro (<10 ha)
3.0005405405396597,1100.0900900899433,1.79152787948662,366.6306371224991,Micro (<10 ha)
3.500630630629603,1100.0900900899433,1.65863252013161,314.25483181928496,Micro (<10 ha)
3.250585585584631,1200.1261261259206,1.8777646355327764,369.2030541967942,Micro (<10 ha)
7.5013513513491485,1500.108108107932,1.545068977287454,199.97838227349948,Micro (<10 ha)
4.000720720719546,1400.1261261259206,1.9746635504291095,349.96847414885343,Micro (<10 ha)
2.750495495494688,800.0720720719546,1.3608764849796144,290.8828876042418,Micro (<10 ha)
3.7506756756745743,1600.108108107932,2.330717504629146,426.61862727444327,Micro (<10 ha)
3.500630630629603,1200.108108107932,1.809432112617878,342.8262603907135,Micro (<10 ha)
5.250945945944404,1500.1441441439092,1.8467550072725498,285.690266018174,Micro (<10 ha)
17.753198198201133,4800.41441441467,3.21392322739801,270.39716229276814,Small (10-50 ha)
4.000720720719546,1300.108108107932,1.8336034481419234,324.96847414885343,Micro (<10 ha)
9.001621621618979,3100.252252251841,2.9149541151679954,344.41041654161955,Micro (<10 ha)
21.00378378379042,4400.396396396216,2.7085577445172317,209.50493690533048,Small (10-50 ha)
2.750495495494688,900.0720720719546,1.5309707217969726,327.23997314166587,Micro (<10 ha)
16.252927927928976,4700.432432433125,3.2890242641082588,289.20527139949456,Small (10-50 ha)
8.751576576574006,2700.1801801798865,2.5748069013416988,308.5364284428087,Micro (<10 ha)
3.500630630629603,1400.1261261259206,2.1110041313875243,399.96397045583245,Micro (<10 ha)
3.500630630629603,1000.0720720719546,1.5078329276453422,285.6834032478564,Micro (<10 ha)
10.501891891888809,2700.216216215864,2.3504977373038147,257.117121754166,Small (10-50 ha)
10.501891891888809,1900.1621621618979,1.6540626768515092,180.93522402658687,Small (10-50 ha)
3.0005405405396597,1100.1261261259206,1.7915865651921827,366.64264697055495,Micro (<10 ha)
6.001081081079319,2000.1801801798865,2.303294339154246,333.3033087131937,Micro (<10 ha)
6.001081081079319,1600.1441441439092,1.842635471323397,266.64264697055495,Micro (<10 ha)
3.250585585584631,1000.0900900899433,1.564780369859764,307.66459265833265,Micro (<10 ha)
2.5004504504497165,1000.054054053966,1.7840598364221631,399.9495586381654,Micro (<10 ha)
7.001261261259206,2000.1801801798865,2.132436194881337,285.6885503255946,Micro (<10 ha)
18.753378378372872,5000.432432431728,3.2573383554279975,266.6416861827105,Small (10-50 ha)
15.752837837833212,4400.360360359773,3.127547473284251,279.33762828380884,Small (10-50 ha)
3.250585585584631,1100.0720720719546,1.721216119294151,338.42273741397344,Micro (<10 ha)
2.7504954954958523,1000.0900900904089,1.70109560622495,363.6036095053176,Micro (<10 ha)
3.7506756756803954,1300.1081081083976,1.8937374981864528,346.63303909169645,Micro (<10 ha)
10.001801801804685,2400.252252252307,2.1409810915545036,239.98198522782315,Small (10-50 ha)
6.001081081080483,1400.1441441443749,1.6123267859385333,233.3153185612819,Micro (<10 ha)
4.250765765769175,1500.1441441443749,2.0525534340623137,352.9115050809967,Micro (<10 ha)
2.5004504504520444,900.0720720724203,1.6056956393101915,359.9639704556835,Micro (<10 ha)
10.751936936943093,3300.270270270761,2.839234221362483,306.94657991633164,Small (10-50 ha)
5.75103603603784,1900.1801801803522,2.2352021546427285,330.40658557401,Micro (<10 ha)
19.753558558553923,3900.3783783782274,2.4755923739370345,197.45193590393558,Small (10-50 ha)
8.751576576582156,2600.2162162163295,2.4794844090905306,297.11403350729967,Micro (<10 ha)
20.253648648655506,6400.576576577034,4.0120148326174805,316.0209149279343,Small (10-50 ha)
19.503513513513607,6100.522522523068,3.896778092954292,312.79095011758443,Small (10-50 ha)
19.253468468468636,4900.41441441467,3.1504557757286857,254.52112290520893,Small (10-50 ha)
10.25184684685315,2600.2702702702954,2.2909336100721456,253.63920365904218,Small (10-50 ha)
3.500630630629603,1100.0900900899433,1.65863252013161,314.25483181928496,Micro (<10 ha)
2.5004504504497165,700.0720720719546,1.2489029581165199,279.97838227349945,Micro (<10 ha)
2.750495495494688,1000.0900900899433,1.7010956062245182,363.60360950530224,Micro (<10 ha)
2.750495495494688,1100.108108107932,1.8712204906520638,399.9672458689386,Micro (<10 ha)
15.002702702708776,2900.2882882887498,2.1122799914989137,193.3177205307878,Small (10-50 ha)
10.501891891895793,3100.2522522527725,2.6987231097371565,295.20892846413767,Small (10-50 ha)
9.25166666666395,2300.162162161898,2.133258744370705,248.62138304765696,Micro (<10 ha)
2.750495495494688,700.0720720719546,1.1907822481622565,254.5258020668177,Micro (<10 ha)
7.251306306304177,1900.1621621618979,1.9905707051690025,262.04411755574654,Micro (<10 ha)
4.750855855854461,1200.0900900899433,1.5531842951880022,252.60503086219234,Micro (<10 ha)
9.001621621618979,1800.1621621618979,1.6925687575106654,199.98198522791623,Micro (<10 ha)
8.751576576574006,2700.1801801798865,2.5748069013416988,308.5364284428087,Micro (<10 ha)
3.0005405405396597,900.0720720719546,1.465792870229709,299.9699753798604,Micro (<10 ha)
4.000720720719546,1400.108108107932,1.9746381387731813,349.9639704558325,Micro (<10 ha)
3.250585585584631,1100.0720720719546,1.721216119294151,338.42273741397344,Micro (<10 ha)
5.500990990989376,1600.1981981978752,1.9246349951717685,290.8927138435602,Micro (<10 ha)
5.000900900899433,1600.1261261259206,2.0184832969299458,319.9675734102492,Micro (<10 ha)
5.250945945944404,1400.108108107932,1.7236054744904414,266.63921558539613,Micro (<10 ha)
3.500630630629603,1400.108108107932,2.110976965184635,399.9588233780942,Micro (<10 ha)
4.250765765764518,1100.1261261259206,1.5052337916304577,258.80657433215646,Micro (<10 ha)
4.500810810809489,1500.1261261259206,1.9946994309309822,333.30130707185106,Micro (<10 ha)
8.501531531529036,2700.252252251841,2.6124670406515147,317.61950681916596,Micro (<10 ha)
1532.2760360360217,239319.54954955028,17.246649602905563,156.1856636279889,Core (>500 ha)
2.750495495494688,1200.108108107932,2.041314727469422,436.32433140636266,Micro (<10 ha)
10.501891891888809,3700.306306305807,3.2210611683873855,352.3466385293642,Small (10-50 ha)
2.5004504504497165,800.1081081079319,1.4273635856827938,319.98558818233295,Micro (<10 ha)
13.502432432428469,2700.252252251841,2.0729718214155484,199.9826524416971,Small (10-50 ha)
3.500630630629603,1400.108108107932,2.110976965184635,399.9588233780942,Micro (<10 ha)
2.750495495494688,1000.0720720719546,1.7010649586143307,363.59705867908997,Micro (<10 ha)
3.250585585584631,1200.0900900899433,1.8777082521306572,369.1919681832042,Micro (<10 ha)
2.750495495494688,800.0720720719546,1.3608764849796144,290.8828876042418,Micro (<10 ha)
5.500990990989376,1600.1261261259206,1.9245483106398058,290.87961219113566,Micro (<10 ha)
2.5004504504497165,800.0720720719546,1.4272992987133142,319.97117636466595,Micro (<10 ha)
2.750495495494688,900.0720720719546,1.5309707217969726,327.23997314166587,Micro (<10 ha)
6.751216216214234,2500.2342342338525,2.7144681914251856,370.33834410888807,Micro (<10 ha)
5.000900900899433,1800.1441441439092,2.270796550155693,359.9639704558324,Micro (<10 ha)
2.750495495494688,1200.1441441439092,2.041376022689797,436.33743305878727,Micro (<10 ha)
4.250765765764518,1700.108108107932,2.326151622960435,399.95337353107726,Micro (<10 ha)
5.250945945944404,1500.1261261259206,1.8467328261607736,285.68683463301517,Micro (<10 ha)
5.250945945944404,1400.0720720719546,1.723561112266889,266.6323528150785,Micro (<10 ha)
5.5009909909917045,1700.1621621623635,2.044866441200219,309.0647057860138,Micro (<10 ha)
11.752117117119488,2600.2702702702954,2.1397128910414187,221.2597308515963,Small (10-50 ha)
156.02810810809723,33803.081081079785,7.633960945825029,216.64738162216773,Medium (50-200 ha)
18.003243243242615,4600.360360360704,3.0585215579791516,255.52953421808684,Small (10-50 ha)
3.500630630630767,1200.1081081083976,1.809432112618279,342.82626039073256,Micro (<10 ha)
15.002702702704118,2800.234234234784,2.0394106228575217,186.64865189457257,Small (10-50 ha)
5.751036036041333,2100.1621621623635,2.470443086885303,365.17979525789735,Micro (<10 ha)
4.7508558558567895,1600.1981981983408,2.071013444034788,336.8231423451079,Micro (<10 ha)
2.5004504504520444,900.0720720724203,1.6056956393101915,359.9639704556835,Micro (<10 ha)
3.7506756756769026,1600.1441441448405,2.330769994720557,426.6282351528714,Micro (<10 ha)
12.502252252261387,3300.216216216795,2.632954373816791,263.96973518270335,Small (10-50 ha)
12.502252252252074,3600.3963963966817,2.8724419305585447,287.9798234552602,Small (10-50 ha)
22.25400900900597,4800.432432432659,2.870590871562418,215.71090541438952,Small (10-50 ha)
19.003423423420173,4100.378378378693,2.6534021713105442,215.77051076625017,Small (10-50 ha)
2.5004504504520444,900.1081081083976,1.6057599262796711,359.9783822733505,Micro (<10 ha)
3.750675675679231,1000.0900900904089,1.4567312466997266,266.6426469703481,Micro (<10 ha)
3.5006306306342596,1000.0900900904089,1.5078600938479307,285.6885503253476,Micro (<10 ha)
4.500810810812982,1400.1081081088632,1.8617066910886486,311.0790848495944,Micro (<10 ha)
4.000720720723039,1300.1081081083976,1.8336034481417798,324.9684741486861,Micro (<10 ha)
3.000540540541988,1100.090090090409,1.7915278794866831,366.6306371223698,Micro (<10 ha)
3.000540540544316,1000.0720720724203,1.628645703431268,333.29730378880373,Micro (<10 ha)
2.750495495494688,1000.0720720719546,1.7010649586143307,363.59705867908997,Micro (<10 ha)
5.250945945947897,1900.1801801808178,2.339220051730695,361.8738794382692,Micro (<10 ha)
23.504234234230825,6300.540540540125,3.666062166152633,268.0598090434368,Small (10-50 ha)
4.750855855854461,1300.0900900899433,1.682606603397513,273.6538698575431,Micro (<10 ha)
4.250765765765681,1500.1261261263862,2.052528781135742,352.90726631138466,Micro (<10 ha)
5.0009009009005965,1700.1801801803522,2.144696745733233,339.9747793190967,Micro (<10 ha)
47.50855855855159,8500.756756757386,3.4790985461045003,178.93106031160022,Small (10-50 ha)
8.001441441442585,1800.1981981983408,1.7952762065989496,224.98423707438667,Micro (<10 ha)
7.5013513513491485,2300.198198197875,2.3691391696633173,306.63784303133264,Micro (<10 ha)
3.0005405405396597,1100.1261261259206,1.7915865651921827,366.64264697055495,Micro (<10 ha)
6.251126126124291,1700.1441441439092,1.9182344271830496,271.97405872819934,Micro (<10 ha)
4.250765765764518,1500.1621621618979,2.052578086990216,352.9157438511758,Micro (<10 ha)
3.250585585584631,1100.1261261259206,1.7213006943973297,338.4393664343584,Micro (<10 ha)
5.751036036034347,1900.1621621618979,2.235180959856675,330.4034525702891,Micro (<10 ha)
67.26211711712415,13901.225225226022,4.781485920596708,206.6724305008076,Medium (50-200 ha)
6.501171171169262,1800.1621621618979,1.9916402590717794,276.8981333924994,Micro (<10 ha)
6.001081081079319,2100.1801801798865,2.418448681846868,349.9669729178464,Micro (<10 ha)
5.500990990989376,1500.0900900899433,1.80423018007952,272.6945185962113,Micro (<10 ha)
4.750855855854461,1500.1441441439092,1.941521177820858,315.7629255990345,Micro (<10 ha)
4.000720720719546,1300.108108107932,1.8336034481419234,324.96847414885343,Micro (<10 ha)
5.000900900899433,1600.1261261259206,2.0184832969299458,319.9675734102492,Micro (<10 ha)
5.250945945944404,1400.1621621618979,1.72367201782577,266.6495097408726,Micro (<10 ha)
5.000900900899433,1900.1261261259206,2.3969190834545206,379.9567645469989,Micro (<10 ha)
4.000720720719546,1400.1621621618979,1.9747143737409658,349.97748153489533,Micro (<10 ha)
2.750495495494688,1000.0720720719546,1.7010649586143307,363.59705867908997,Micro (<10 ha)
8.751576576574006,1900.1621621618979,1.8119348792778993,217.12226883190428,Micro (<10 ha)
3.7506756756745743,1100.0900900899433,1.6023912488472534,293.3045096979993,Micro (<10 ha)
7.751396396394121,2400.1801801798865,2.4319180706051857,309.64487654075185,Micro (<10 ha)
5.500990990989376,1700.1441441439092,2.044844770067101,309.06143037295385,Micro (<10 ha)
2.750495495494688,800.054054053966,1.3608458373694272,290.8763367780295,Micro (<10 ha)
8.501531531529036,2400.198198197875,2.322167745103795,282.3253891721071,Micro (<10 ha)
5.751036036034347,1700.1441441439092,1.9998976380409101,295.6239768784776,Micro (<10 ha)
138.27490990991356,31302.792792791966,7.509421164498183,226.38085834361283,Medium (50-200 ha)
3.500630630629603,1000.0900900899433,1.5078600938482318,285.6885503255946,Micro (<10 ha)
6.251126126124291,1900.1441441439092,2.1438899321930625,303.96829400113256,Micro (<10 ha)
2.5004504504497165,900.0720720719546,1.6056956393101085,359.9639704558324,Micro (<10 ha)
3.500630630629603,1200.108108107932,1.809432112617878,342.8262603907135,Micro (<10 ha)
7.001261261259206,2300.144144143909,2.452234391191549,328.5328254883919,Micro (<10 ha)
6.001081081079319,1800.1621621618979,2.0729649052388215,299.9729778418743,Micro (<10 ha)
2.750495495494688,1200.054054053966,2.0412227846388595,436.30467892772583,Micro (<10 ha)
9.751756756755057,2800.252252252307,2.5295938297315645,287.1536198144573,Micro (<10 ha)
3.500630630633095,1000.0720720724203,1.5078329276452918,285.6834032477044,Micro (<10 ha)
2.5004504504520444,1000.0900900908746,1.7841241233924734,399.9639704558325,Micro (<10 ha)
4.250765765766846,1300.1081081083976,1.778856633455657,305.85268155180404,Micro (<10 ha)
7.751396396396449,2500.1621621623635,2.5332221271610442,322.5434533737257,Micro (<10 ha)
10.501891891893465,2900.2162162163295,2.524594739105823,276.1613094165482,Small (10-50 ha)
22.504054054055597,4600.414414414205,2.7356569892003004,204.4260293440388,Small (10-50 ha)
4.250765765770338,900.0720720724203,1.2315123380955426,211.74351203266224,Micro (<10 ha)
3.2505855855869594,1200.1081081083976,1.8777364438317727,369.197511189878,Micro (<10 ha)
2.7504954954993446,1000.0900900904089,1.7010956062238705,363.6036095048559,Micro (<10 ha)
3.0005405405408236,1300.1261261263862,2.11729223159666,433.29730378915286,Micro (<10 ha)
3.500630630630767,1500.1441441443749,2.261803723874118,428.5353990272515,Micro (<10 ha)
2.5004504504520444,900.0900900904089,1.6057277827949314,359.971176364517,Micro (<10 ha)
6.251126126127783,2300.198198198341,2.595261930187116,367.9654116374681,Micro (<10 ha)
3.7506756756745743,1000.0720720719546,1.4567050016545635,266.63784303133264,Micro (<10 ha)
2.750495495494688,1100.1261261259206,1.8712511382622512,399.9737966951509,Micro (<10 ha)
4.500810810810654,1200.1081081083976,1.595769128080787,266.64264697058945,Micro (<10 ha)
2.750495495494688,1000.0720720719546,1.7010649586143307,363.59705867908997,Micro (<10 ha)
2.5004504504497165,800.0720720719546,1.4272992987133142,319.97117636466595,Micro (<10 ha)
3.500630630629603,1500.0720720719546,2.261695059062234,428.51481071630815,Micro (<10 ha)
3.500630630630767,1500.1441441443749,2.261803723874118,428.5353990272515,Micro (<10 ha)
6.501171171169262,1300.1261261259206,1.438416821045559,199.983370979615,Micro (<10 ha)
11.25202702702838,2100.216216216795,1.7662155014566774,186.65225484900517,Small (10-50 ha)
6.251126126124291,1600.1261261259206,1.8053863453533006,255.97405872819937,Micro (<10 ha)
5.250945945944404,1600.108108107932,1.9698158156075534,304.7275909103166,Micro (<10 ha)
372.567117117131,76206.50450450974,11.137426446287694,204.54436530573162,Large (200-500 ha)
5.250945945944404,1200.108108107932,1.4773951333733293,228.55084026047567,Micro (<10 ha)
3.500630630629603,1300.108108107932,1.9602045389012566,371.39254188440384,Micro (<10 ha)
8.00144144144142,2300.1621621623635,2.2938731997300987,287.46847414882797,Micro (<10 ha)
11.25202702702838,2900.2702702702954,2.4390356908074518,257.7553593946749,Small (10-50 ha)
4.500810810809489,1300.108108107932,1.7287379095842532,288.8608659100919,Micro (<10 ha)
3.500630630629603,900.0720720719546,1.3570605013619637,257.117121754166,Micro (<10 ha)
9.25166666666395,2900.198198197875,2.6897552131275844,313.4784577408099,Micro (<10 ha)
11.502072072071023,3200.3063063067384,2.6619419046739283,278.23737203643714,Small (10-50 ha)
3.7506756756745743,1500.1441441439092,2.1851099925726234,399.96637242544364,Micro (<10 ha)
8.00144144144142,2800.288288288284,2.7926319116491687,349.9729778418307,Micro (<10 ha)
2.750495495494688,900.0720720719546,1.5309707217969726,327.23997314166587,Micro (<10 ha)
3.7506756756745743,1200.1261261259206,1.7481037410853324,319.9759803038883,Micro (<10 ha)
62.76130630631,12501.261261260137,4.451464479913428,199.18739741086722,Medium (50-200 ha)
13.002342342338524,3200.2882882878184,2.5036485917756224,246.13167412666613,Small (10-50 ha)
7.5013513513491485,2100.1801801798865,2.163126261081743,279.97357833427714,Micro (<10 ha)
4.000720720719546,1100.0900900899433,1.5515086552234791,274.97297784187435,Micro (<10 ha)
4.000720720719546,1100.108108107932,1.5515340668794073,274.97748153489533,Micro (<10 ha)
12.752297297301702,3600.3603603607044,2.844112853136648,282.3303344035522,Small (10-50 ha)
14.752657657657982,4500.468468468171,3.305351565928376,305.0615402935223,Small (10-50 ha)
9.25166666666395,1800.1621621618979,1.6695395380766416,194.5770667082428,Micro (<10 ha)
8.751576576574006,2700.27027026983,2.5748928084182086,308.54672259828516,Micro (<10 ha)
3.0005405405396597,1100.0900900899433,1.79152787948662,366.6306371224991,Micro (<10 ha)
10.251846846843836,3100.27027026983,2.7314519739263616,302.4109037704058,Small (10-50 ha)
3.250585585584631,1100.1261261259206,1.7213006943973297,338.4393664343584,Micro (<10 ha)
4.000720720719546,1100.108108107932,1.5515340668794073,274.97748153489533,Micro (<10 ha)
2.750495495494688,1000.0900900899433,1.7010956062245182,363.60360950530224,Micro (<10 ha)
3.500630630629603,1400.1261261259206,2.1110041313875243,399.96397045583245,Micro (<10 ha)
2.5004504504497165,1000.0720720719546,1.7840919799069028,399.9567645469989,Micro (<10 ha)
20.253648648642702,4900.468468467705,3.0717157973270113,241.95484741936164,Small (10-50 ha)
4.250765765764518,1100.0900900899433,1.5051844857756278,258.7980967923523,Micro (<10 ha)
2.5004504504497165,1000.0900900899433,1.7841241233916427,399.9639704558324,Micro (<10 ha)
4.250765765764518,1100.1261261259206,1.5052337916304577,258.80657433215646,Micro (<10 ha)
2.5004504504497165,800.0900900899433,1.427331442198054,319.97838227349945,Micro (<10 ha)
10.501891891889972,2900.252252252307,2.5246261079353456,276.1647408017988,Small (10-50 ha)
4.25076576576801,1300.126126126852,1.7788812863834653,305.8569203217319,Micro (<10 ha)
4.0007207207218745,1500.1081081083976,2.1156728294044806,374.95946676270967,Micro (<10 ha)
7.001261261262698,2100.126126126386,2.238990771703354,299.96397045574935,Micro (<10 ha)
3.2505855855904517,900.0720720724203,1.4082882370227254,276.89536188874933,Micro (<10 ha)
5.250945945952553,1400.1081081083976,1.7236054744896774,266.63921558507104,Micro (<10 ha)
80.76454954954562,18101.459459458478,5.6819613124821675,224.12629749583388,Medium (50-200 ha)
4.00072072072071,1100.0720720724203,1.5514832435679817,274.9684741488898,Micro (<10 ha)
2.7504954954958523,1000.0720720724203,1.7010649586147626,363.5970586791053,Micro (<10 ha)
6.751216216221219,1600.126126126852,1.7372338208017837,237.01301734081807,Micro (<10 ha)
31.005585585582303,5700.486486486159,2.8879323752865194,183.85353409151233,Small (10-50 ha)
13.252387387386989,3300.3063063062727,2.557421170708368,249.03485008650986,Small (10-50 ha)
4.000720720719546,1300.0900900899433,1.8335780364859953,324.96397045583245,Micro (<10 ha)
26.004684684689856,6400.522522522137,3.5406638920902824,246.1295954990147,Small (10-50 ha)
3.7506756756745743,1200.0900900899433,1.748051250994554,319.96637242544364,Micro (<10 ha)
2.5004504504497165,800.054054053966,1.4272671552285743,319.9639704558324,Micro (<10 ha)
4.750855855854461,1300.0900900899433,1.682606603397513,273.6538698575431,Micro (<10 ha)
5.250945945945569,1700.1621621623635,2.0929875295017797,323.7820727282702,Micro (<10 ha)
3.0005405405396597,1200.108108107932,1.9544100555414663,399.96397045583245,Micro (<10 ha)
2.750495495494688,1000.1081081079319,1.7011262538347056,363.6101603315145,Micro (<10 ha)
28.755180180188034,7200.720720720943,3.788026325560273,250.4147313840221,Small (10-50 ha)
3.7506756756745743,1300.108108107932,1.893737498187244,346.6330390921103,Micro (<10 ha)
16.002882882888663,5000.396396396682,3.526146793996163,312.468474148707,Small (10-50 ha)
10.251846846849658,1800.1801801803522,1.5860248552289553,175.59569578758766,Small (10-50 ha)
3.500630630629603,1200.108108107932,1.809432112617878,342.8262603907135,Micro (<10 ha)
112.02018018018221,17901.567567566875,4.771313980167818,159.806630722898,Medium (50-200 ha)
4.500810810809489,1600.1261261259206,2.1276682124348616,355.519526011388,Micro (<10 ha)
48.00864864865551,8200.828828827944,3.3388205234487756,170.81982225420563,Small (10-50 ha)
3.0005405405396597,900.0720720719546,1.465792870229709,299.9699753798604,Micro (<10 ha)
3.0005405405396597,1100.1261261259206,1.7915865651921827,366.64264697055495,Micro (<10 ha)
3.7506756756745743,1300.1261261259206,1.893763743232633,346.63784303133264,Micro (<10 ha)
3.0005405405396597,1000.1081081079319,1.6287043891373365,333.30931363722163,Micro (<10 ha)
3.7506756756745743,900.0900900899433,1.311071244552652,239.98078424311066,Micro (<10 ha)
23.504234234235483,6400.594594594091,3.7242800888490986,272.3166613644106,Small (10-50 ha)
3.250585585584631,900.054054053966,1.4082600453221983,276.8898188823069,Micro (<10 ha)
6.251126126124291,2000.1801801798865,2.256758343347554,319.97117636466595,Micro (<10 ha)
5.000900900899433,1700.1621621618979,2.144674016856865,339.97117636466595,Micro (<10 ha)
6.001081081079319,1500.1441441439092,1.7274811286307752,249.97898276590226,Micro (<10 ha)
5.000900900899433,1200.108108107932,1.513879519354482,239.97838227349945,Micro (<10 ha)
48.5087387387373,12001.135135134216,4.860796087311654,247.4015084121441,Small (10-50 ha)
14.752657657660311,4100.414414414205,3.011533421597633,277.94411756617063,Small (10-50 ha)
2.5004504504497165,900.0720720719546,1.6056956393101085,359.9639704558324,Micro (<10 ha)
4.000720720719546,1500.1261261259206,2.1156982410603677,374.9639704558325,Micro (<10 ha)
25.254549549542133,4500.342342341784,2.5262178913061386,178.19927191785433,Small (10-50 ha)
3.250585585584631,1300.1441441439092,2.0342567683692825,399.972284966025,Micro (<10 ha)
10.001801801798866,3000.2882882878184,2.676202256829834,299.9747793190827,Small (10-50 ha)
5.000900900899433,1800.1981981978752,2.270864736783784,359.9747793190827,Micro (<10 ha)
4.000720720719546,1300.1261261259206,1.8336288597978516,324.97297784187435,Micro (<10 ha)
6.001081081079319,1400.1441441439092,1.6123267859381534,233.31531856124954,Micro (<10 ha)
9.001621621618979,3200.306306305807,3.009028065567357,355.52553093541593,Micro (<10 ha)
2.750495495494688,1100.0900900899433,1.8711898430418763,399.96069504272634,Micro (<10 ha)
4.750855855854461,1400.108108107932,1.8120522309417983,294.7065014364905,Micro (<10 ha)
4.250765765764518,1700.108108107932,2.326151622960435,399.95337353107726,Micro (<10 ha)
13.752477477475768,3300.270270270761,2.510464612709774,239.97641702566287,Small (10-50 ha)
3.500630630630767,1400.1261261263862,2.111004131387875,399.96397045583245,Micro (<10 ha)
3.0005405405454804,800.0540540544316,1.3029106941743573,266.636642046165,Micro (<10 ha)
8.501531531531363,3200.3423423427157,3.096299199898192,376.4430362309372,Micro (<10 ha)
2.750495495497016,900.1081081083976,1.5310320170174914,327.2530747939827,Micro (<10 ha)
3.0005405405466443,1100.0720720724203,1.7914985366325116,366.62463219777294,Micro (<10 ha)
2.7504954954958523,1000.0720720724203,1.7010649586147626,363.5970586791053,Micro (<10 ha)
9.251666666667443,2300.2162162163295,2.1333088761767387,248.6272256763974,Micro (<10 ha)
2.5004504504508804,800.0720720724203,1.4272992987138127,319.97117636470324,Micro (<10 ha)
6.00108108108514,2000.1981981983408,2.3033150876838464,333.306311174962,Micro (<10 ha)
6.25112612613244,1800.1441441448405,2.031062179687783,287.97117636443954,Micro (<10 ha)
16.75301801801659,4100.360360360704,2.8259896476901494,244.7535337185861,Small (10-50 ha)
115.27076576577616,24502.306306306273,6.437873570452277,212.5630565870761,Medium (50-200 ha)
3.250585585584631,1100.054054053966,1.7211879275930915,338.4171944071784,Micro (<10 ha)
15.752837837841362,3500.3063063067384,2.487835824226151,222.2016339112135,Small (10-50 ha)
26.504774774776305,5800.540540540591,3.178348209585714,218.84889005209615,Small (10-50 ha)
2.750495495494688,900.0900900899433,1.53100136940716,327.24652396787815,Micro (<10 ha)
9.001621621622471,2800.216216216795,2.6328508516979405,311.0790848496116,Micro (<10 ha)
32.50585585585446,9800.97297297325,4.849349181537539,301.51407230854517,Small (10-50 ha)
8.251486486488721,2000.1981981988065,1.9642737067483824,242.40458994558162,Micro (<10 ha)
11.001981981983409,2700.234234234318,2.2964714065004626,245.43161756274088,Small (10-50 ha)
5.000900900899433,1300.0900900899433,1.64000205265331,259.97117636466595,Micro (<10 ha)
6.251126126125455,1900.1801801803522,2.143930590842873,303.97405872821724,Micro (<10 ha)
8.251486486485227,3000.252252252307,2.946366324107303,363.60142589657,Micro (<10 ha)
21.253828828835395,3100.2522522527725,1.8970269921713057,145.86794112346539,Small (10-50 ha)
2.5004504504497165,1000.0720720719546,1.7840919799069028,399.9567645469989,Micro (<10 ha)
4.500810810809489,1200.108108107932,1.595769128080374,266.64264697055495,Micro (<10 ha)
3.250585585584631,1000.0720720719546,1.5647521781587044,307.65904965153766,Micro (<10 ha)
6.251126126126619,2000.1981981983408,2.2567786726724015,319.9740587281547,Micro (<10 ha)
12.252207207204775,3700.3243243242614,2.982137693236379,302.01287504738957,Small (10-50 ha)
15.502792792791734,3700.34234234225,2.6511359695454746,238.68875703884672,Small (10-50 ha)
57.7604054053966,10601.063063062262,3.93486076650941,183.53512217682248,Medium (50-200 ha)
6.751216216214234,2200.162162161898,2.3886842774136388,325.8912308093201,Micro (<10 ha)
3.250585585584631,900.0720720719546,1.408288237023258,276.8953618891019,Micro (<10 ha)
7.751396396394121,2600.216216215864,2.6345992088069283,335.4513281536551,Micro (<10 ha)
2.750495495494688,800.0360360359773,1.3608151897592398,290.8697859518172,Micro (<10 ha)
8.001441441440257,2500.252252252307,2.4934162157572097,312.4752296883975,Micro (<10 ha)
2.5004504504497165,1000.0900900899433,1.7841241233916427,399.9639704558324,Micro (<10 ha)
7.251306306304177,1900.1441441439092,1.9905518298648375,262.041632759597,Micro (<10 ha)
3.500630630629603,1200.1441441439092,1.8094864450236574,342.83655454619,Micro (<10 ha)
27.004864864867415,7600.702702702954,4.1259865648717575,281.4567945715314,Small (10-50 ha)
2.5004504504497165,900.0720720719546,1.6056956393101085,359.9639704558324,Micro (<10 ha)
7.5013513513491485,1300.108108107932,1.3390746267554472,173.31651954605516,Micro (<10 ha)
7.251306306304177,2300.216216215864,2.4096590842249745,317.2140465527005,Micro (<10 ha)
6.751216216214234,1500.108108107932,1.6286457034317736,222.1982025261105,Micro (<10 ha)
5.000900900899433,1700.1981981978752,2.1447194746089258,339.97838227349945,Micro (<10 ha)
24.00432432432193,7000.576576576568,4.030733970724804,291.63814327751624,Small (10-50 ha)
2.5004504504497165,900.0720720719546,1.6056956393101085,359.9639704558324,Micro (<10 ha)
3.0005405405396597,900.0900900899433,1.4658222130824903,299.97598030388826,Micro (<10 ha)
4.000720720719546,1200.0900900899433,1.6925433458547372,299.96847414885343,Micro (<10 ha)
3.250585585584631,1200.1261261259206,1.8777646355327764,369.2030541967942,Micro (<10 ha)
6.5011711711704265,1800.1621621623635,1.9916402590721163,276.8981333925214,Micro (<10 ha)
12.002162162159802,3700.2702702702954,3.0129974856342927,308.30030625118866,Small (10-50 ha)
5.000900900902925,1300.1081081083976,1.6400247815293552,259.97477931899425,Micro (<10 ha)
5.000900900904089,1400.1081081088632,1.7661700437045513,279.97117636459154,Micro (<10 ha)
2.500450450453209,700.0720720724203,1.2489029581164781,279.97838227329464,Micro (<10 ha)
7.001261261265026,2100.126126126386,2.2389907717029813,299.9639704556496,Micro (<10 ha)
11.001981981989228,2500.216216216795,2.126361845877881,227.2514370874056,Small (10-50 ha)
7.501351351358462,2400.180180180352,2.4721177868786985,319.96637242510843,Micro (<10 ha)
2.750495495497016,1100.0720720724203,1.8711591954316888,399.9541442163448,Micro (<10 ha)
6.001081081083976,1900.1081081083976,2.1880570023405874,316.627634660317,Micro (<10 ha)
3.000540540541988,1000.1081081083976,1.6287043891374628,333.3093136371182,Micro (<10 ha)
35.006306306308836,7000.594594594557,3.337773421189493,199.980955812322,Small (10-50 ha)
2.5004504504497165,800.0900900899433,1.427331442198054,319.97838227349945,Micro (<10 ha)
3.5006306306319313,1500.1261261263862,2.2617765576708524,428.5302519493708,Micro (<10 ha)
17.00306306306622,3600.3603603616357,2.4630739820470113,211.74775080275273,Small (10-50 ha)
20.25364864865667,5100.468468468636,3.1970799667764997,251.82961139236144,Small (10-50 ha)
3.0005405405396597,1000.0900900899433,1.6286750462845552,333.3033087131937,Micro (<10 ha)
13.752477477483916,3900.3063063076697,2.9669027560909282,283.607540000949,Small (10-50 ha)
4.000720720719546,1500.1261261259206,2.1156982410603677,374.9639704558325,Micro (<10 ha)
3.7506756756745743,1000.0900900899433,1.4567312466999527,266.64264697055495,Micro (<10 ha)
8.501531531532528,3300.3603603607044,3.1930656317472,388.2077421132337,Micro (<10 ha)
7.501351351352642,2200.198198198341,2.266141994397266,293.306911667536,Micro (<10 ha)
3.500630630629603,1100.108108107932,1.6586596863344998,314.2599788970232,Micro (<10 ha)
10.00180180180003,2500.2162162163295,2.230147118368654,249.97658079630855,Small (10-50 ha)
2.5004504504497165,800.0360360359773,1.4272350117438346,319.9567645469989,Micro (<10 ha)
7.751396396394121,2400.198198197875,2.4319363268777376,309.64720102747236,Micro (<10 ha)
3.0005405405396597,1200.0900900899433,1.9543807126886847,399.9579655318045,Micro (<10 ha)
7.751396396394121,2100.1801801798865,2.127951132120227,270.9421725815585,Micro (<10 ha)
3.250585585584631,1000.0900900899433,1.564780369859764,307.66459265833265,Micro (<10 ha)
3.250585585584631,1000.1261261259206,1.564836753261883,307.6756786719227,Micro (<10 ha)
5.000900900899433,1300.1261261259206,1.640047510405371,259.97838227349945,Micro (<10 ha)
2.5004504504497165,1000.0900900899433,1.7841241233916427,399.9639704558324,Micro (<10 ha)
7.751396396396449,2600.198198198341,2.6345809525344523,335.44900366689393,Micro (<10 ha)
5.500990990989376,2200.144144143909,2.646218711538623,399.954144216514,Micro (<10 ha)
4.750855855854461,1700.0900900899433,2.200295836235556,357.84922583894627,Micro (<10 ha)
3.250585585584631,1100.0900900899433,1.7212443109952107,338.42828042076843,Micro (<10 ha)
123.27220720720244,26202.108108108863,6.657309012638744,212.55487105919158,Medium (50-200 ha)
3.250585585584631,1300.1441441439092,2.0342567683692825,399.972284966025,Micro (<10 ha)
18.753378378372872,3800.3423423417844,2.4755860703525236,202.64841169762178,Small (10-50 ha)
34.756261261259205,7800.6846846845,3.7325983938370073,224.43969522635257,Small (10-50 ha)
2.5004504504497165,800.054054053966,1.4272671552285743,319.9639704558324,Micro (<10 ha)
18.003243243237957,4800.39639639575,3.1915142978217776,266.6406453292123,Small (10-50 ha)
2.750495495494688,1100.108108107932,1.8712204906520638,399.9672458689386,Micro (<10 ha)
4.750855855854461,1500.1441441439092,1.941521177820858,315.7629255990345,Micro (<10 ha)
4.250765765764518,1200.0900900899433,1.6420082331518597,282.3232697871561,Micro (<10 ha)
3.500630630629603,1000.0720720719546,1.5078329276453422,285.6834032478564,Micro (<10 ha)
3.0005405405396597,1100.0720720719546,1.7914985366338385,366.62463219847115,Micro (<10 ha)
4.250765765764518,1400.1621621618979,1.9157543396139838,329.390570856372,Micro (<10 ha)
8.751576576574006,3200.2342342338525,3.051642720992916,365.67516792347527,Micro (<10 ha)
4.7508558558567895,1300.1441441443749,1.682676561402027,273.66524760829674,Micro (<10 ha)
4.250765765765681,1500.1261261263862,2.052528781135742,352.90726631138466,Micro (<10 ha)
10151.078693693484,1185204.2342342413,33.18426211195614,116.75648174913351,Core (>500 ha)
4.500810810812982,1500.1441441443749,1.9947233892697984,333.30531035438116,Micro (<10 ha)
3.000540540541988,900.0900900904089,1.46582221308268,299.97598030381073,Micro (<10 ha)
2.500450450453209,800.0720720724203,1.4272992987131479,319.97117636440527,Micro (<10 ha)
2.75049549549818,1000.0540540544316,1.7010343110038555,363.5905078525853,Micro (<10 ha)
2.75049549549818,900.0900900904089,1.5310013694069802,327.24652396763196,Micro (<10 ha)
2.5004504504497165,900.054054053966,1.6056634958253688,359.9567645469989,Micro (<10 ha)
3.000540540543152,1100.1081081083976,1.791557222339117,366.6366420462555,Micro (<10 ha)
8.501531531533692,2500.216216216795,2.4189341769532735,294.0900950544086,Micro (<10 ha)
18119.514189189027,988990.4864864857,20.725924282972493,54.58151229443916,Core (>500 ha)
3.7506756756745743,1600.0900900899433,2.3306912595837566,426.61382333522096,Micro (<10 ha)
4.750855855854461,1400.1261261259206,1.8120755502765729,294.7102940200871,Micro (<10 ha)
13.502432432435453,3800.396396396216,2.9175476599886765,281.4601306403822,Small (10-50 ha)
9.251666666668607,2100.2162162163295,1.9478211936590253,227.00949914061133,Micro (<10 ha)
70.26265765765682,14901.225225225557,5.014813202077833,212.0788726471081,Medium (50-200 ha)
3.7506756756745743,1400.054054053966,2.039318765198377,373.2804900018876,Micro (<10 ha)
2.750495495494688,1000.0900900899433,1.7010956062245182,363.60360950530224,Micro (<10 ha)
13.002342342343182,2800.216216216795,2.1906643261029464,215.36244335742984,Small (10-50 ha)
15.502792792794061,4200.41441441467,3.0094160785140716,270.9456593115976,Small (10-50 ha)
9.0016216216248,1700.1801801803522,1.5985625715270328,188.87487739942,Micro (<10 ha)
18.003243243246107,4300.432432433125,2.859116302401332,238.86987329610326,Small (10-50 ha)
3.7506756756745743,1400.1441441439092,2.039449990425323,373.3045096979993,Micro (<10 ha)
18.003243243251926,4700.414414415136,3.12504188623904,261.0870914148744,Small (10-50 ha)
71.76292792792782,12001.099099099636,3.9963729905151943,167.23257321875792,Medium (50-200 ha)
10.001801801802358,2800.3063063062727,2.4978219879753887,279.98018375065664,Small (10-50 ha)
4.250765765764518,1500.1441441439092,2.052553434062801,352.9115050812738,Micro (<10 ha)
2.5004504504497165,900.0720720719546,1.6056956393101085,359.9639704558324,Micro (<10 ha)
149.02684684684382,35102.84684684826,8.111574306743409,235.54713522808248,Medium (50-200 ha)
22.003963963965653,4100.486486486625,2.465925720328719,186.3521724177382,Small (10-50 ha)
12.252207207207102,3500.2702702702954,2.8209116268188037,285.6848738414525,Small (10-50 ha)
4.250765765764518,1000.1081081079319,1.3683853913268107,235.27716256745055,Micro (<10 ha)
6.251126126124291,2500.216216215864,2.8209377645220712,399.96252927406573,Micro (<10 ha)
5.000900900899433,1600.1261261259206,2.0184832969299458,319.9675734102492,Micro (<10 ha)
3.0005405405396597,1200.1261261259206,1.9544393983942476,399.96997537986033,Micro (<10 ha)
3.250585585584631,1400.108108107932,2.19066432610261,430.7248867148707,Micro (<10 ha)
8.501531531529036,2200.198198197875,2.128669745909617,258.80021617730335,Micro (<10 ha)
3.0005405405396597,1100.108108107932,1.7915572223394014,366.636642046527,Micro (<10 ha)
2.5004504504497165,800.054054053966,1.4272671552285743,319.9639704558324,Micro (<10 ha)
25.754639639632078,3900.3243243237957,2.1680437943966884,151.44161902082487,Small (10-50 ha)
3.500630630629603,1400.1621621618979,2.1110584637933036,399.97426461130885,Micro (<10 ha)
3.500630630629603,1000.1261261259206,1.5079144262540112,285.69884448107103,Micro (<10 ha)
3.500630630629603,1000.0720720719546,1.5078329276453422,285.6834032478564,Micro (<10 ha)
3.0005405405396597,1200.0720720719546,1.9543513698359034,399.9519606077766,Micro (<10 ha)
8.751576576577499,2400.234234234318,2.2887878803444055,274.2630671436099,Micro (<10 ha)
3.500630630629603,1100.0900900899433,1.65863252013161,314.25483181928496,Micro (<10 ha)
2.5004504504497165,800.0720720719546,1.4272992987133142,319.97117636466595,Micro (<10 ha)
7.251306306304177,1600.1261261259206,1.6762591397030644,220.66729200706843,Micro (<10 ha)
2.5004504504497165,700.0720720719546,1.2489029581165199,279.97838227349945,Micro (<10 ha)
5.000900900899433,1700.108108107932,2.1446058302287736,339.96036750141565,Micro (<10 ha)
3.500630630629603,1000.1081081079319,1.5078872600511215,285.6936974033328,Micro (<10 ha)
3.0005405405396597,1000.0900900899433,1.6286750462845552,333.3033087131937,Micro (<10 ha)
3.7506756756745743,900.1081081079319,1.3110974895980412,239.985588182333,Micro (<10 ha)
5.751036036034347,2000.1621621618979,2.3528120233714653,347.7916239142745,Micro (<10 ha)
8.251486486484064,1600.1441441439092,1.5714048098736242,193.92192506949453,Micro (<10 ha)
2.5004504504497165,800.0720720719546,1.4272992987133142,319.97117636466595,Micro (<10 ha)
10.251846846843836,3100.27027026983,2.7314519739263616,302.4109037704058,Small (10-50 ha)
3.7506756756769026,900.0720720724203,1.311044999507534,239.97598030386348,Micro (<10 ha)
10.251846846845002,2500.2702702702954,2.2028299373023437,243.88486363700915,Small (10-50 ha)
2.500450450453209,900.0720720724203,1.6056956393098176,359.9639704555159,Micro (<10 ha)
3.0005405405408236,1000.0540540544316,1.6286163605794348,333.29129886516375,Micro (<10 ha)
3.500630630630767,1200.0720720724203,1.8093777802124997,342.8159662352561,Micro (<10 ha)
5.751036036036676,2100.2162162163295,2.4705066712448565,365.189194269715,Micro (<10 ha)
9.251666666665114,2500.252252252307,2.318829979898623,270.2488472980789,Micro (<10 ha)
10.751936936946585,2500.234234234318,2.150960381398263,232.53803002162635,Small (10-50 ha)
4.7508558558567895,1900.2162162163295,2.4593036879979997,399.9734519147259,Micro (<10 ha)
5.500990990994032,1900.1801801808178,2.285437688921844,345.4250667364671,Micro (<10 ha)
178.28211711712646,29802.630630631465,6.296450259322988,167.16556384088682,Medium (50-200 ha)
3.5006306306354236,1100.1081081083976,1.6586596863338228,314.25997889663364,Micro (<10 ha)
2.750495495497016,1200.1081081083976,2.04131472746935,436.3243314061626,Micro (<10 ha)
2.500450450453209,900.0720720724203,1.6056956393098176,359.9639704555159,Micro (<10 ha)
54.759864864862756,13101.135135135613,4.9942791190581035,239.24703188122902,Medium (50-200 ha)
2.5004504504508804,1000.1261261263862,1.7841884103615377,399.9783822734995,Micro (<10 ha)
8.251486486488721,2700.252252252307,2.651754463864446,327.2443403590124,Micro (<10 ha)
5.250945945949061,1400.1261261263862,1.723627655602027,266.64264697040716,Micro (<10 ha)
10.001801801810506,3200.3063063067384,2.8546146691681673,319.972977841595,Small (10-50 ha)
7.251306306314655,2300.1081081083976,2.409545832398732,317.19913777540944,Micro (<10 ha)
22.00396396396798,4000.3963963971473,2.4057341483492536,181.8034424591811,Small (10-50 ha)
3.500630630633095,1200.1261261263862,1.809459278820567,342.83140746824273,Micro (<10 ha)
3.2505855855857955,1400.1621621623635,2.190748901206125,430.7415157352447,Micro (<10 ha)
4.000720720719546,1500.1261261259206,2.1156982410603677,374.9639704558325,Micro (<10 ha)
11.001981981982244,3500.3603603602387,2.9769556204055645,318.15725258346345,Small (10-50 ha)
2.7504954954958523,1100.1261261263862,1.8712511382626469,399.97379669515084,Micro (<10 ha)
3.0005405405408236,1100.1081081083976,1.7915572223398122,366.63664204654,Micro (<10 ha)
5.500990990994032,2000.1981981988065,2.4057341483490884,363.6068849182699,Micro (<10 ha)
6.251126126127783,1600.2162162163295,1.8054879919770344,255.98847054579787,Micro (<10 ha)
3.500630630629603,1000.0900900899433,1.5078600938482318,285.6885503255946,Micro (<10 ha)
8.001441441439091,1700.0900900899433,1.6954418079455995,212.47297784187435,Micro (<10 ha)
3.0005405405396597,1200.0720720719546,1.9543513698359034,399.9519606077766,Micro (<10 ha)
202.53648648648988,28202.414414417,5.590230586139441,139.24609290730552,Large (200-500 ha)
8.001441441443749,2700.270270270761,2.6928873567671188,337.4729778417943,Micro (<10 ha)
3.0005405405396597,900.054054053966,1.4657635273769276,299.96397045583245,Micro (<10 ha)
4.250765765764518,1500.1621621618979,2.052578086990216,352.9157438511758,Micro (<10 ha)
4.750855855854461,1500.108108107932,1.941474539151309,315.75534043184126,Micro (<10 ha)
2.5004504504497165,800.0720720719546,1.4272992987133142,319.97117636466595,Micro (<10 ha)
2.750495495494688,1200.108108107932,2.041314727469422,436.32433140636266,Micro (<10 ha)
2.750495495494688,1000.0720720719546,1.7010649586143307,363.59705867908997,Micro (<10 ha)
8.501531531529036,2200.216216215864,2.1286871781617682,258.80233556225437,Micro (<10 ha)
6.001081081079319,2100.2342342338525,2.4185109274374113,349.97598030388826,Micro (<10 ha)
4.000720720719546,1200.0900900899433,1.6925433458547372,299.96847414885343,Micro (<10 ha)
4.750855855854461,1200.1261261259206,1.5532309338575512,252.61261602938552,Micro (<10 ha)
3.500630630629603,1100.108108107932,1.6586596863344998,314.2599788970232,Micro (<10 ha)
2.5004504504497165,800.0900900899433,1.427331442198054,319.97838227349945,Micro (<10 ha)
2.750495495494688,900.0360360359773,1.530909426576598,327.2268714892413,Micro (<10 ha)
2.750495495494688,800.054054053966,1.3608458373694272,290.8763367780295,Micro (<10 ha)
5.250945945944404,1700.1261261259206,2.0929431672778858,323.77520995793566,Micro (<10 ha)
2.750495495494688,1000.0720720719546,1.7010649586143307,363.59705867908997,Micro (<10 ha)
3.7506756756745743,1100.108108107932,1.6024174938926425,293.30931363722163,Micro (<10 ha)
2.750495495494688,1100.0900900899433,1.8711898430418763,399.96069504272634,Micro (<10 ha)
2.5004504504497165,800.054054053966,1.4272671552285743,319.9639704558324,Micro (<10 ha)
6.751216216214234,1900.1621621618979,2.0629786110095094,281.45479293024624,Micro (<10 ha)
3.250585585584631,1400.1621621618979,2.190748901205789,430.74151573525575,Micro (<10 ha)
3.0005405405396597,1100.0900900899433,1.79152787948662,366.6306371224991,Micro (<10 ha)
33.756081081079316,7400.648648648057,3.5932616601778786,219.23897596028138,Small (10-50 ha)
2.750495495494688,1100.0900900899433,1.8711898430418763,399.96069504272634,Micro (<10 ha)
3.0005405405396597,1000.1081081079319,1.6287043891373365,333.30931363722163,Micro (<10 ha)
2.5004504504497165,800.0720720719546,1.4272992987133142,319.97117636466595,Micro (<10 ha)
5.000900900899433,1600.1261261259206,2.0184832969299458,319.9675734102492,Micro (<10 ha)
5.000900900899433,2000.1621621618979,2.52310980338144,399.96036750141565,Micro (<10 ha)
3.500630630629603,1300.108108107932,1.9602045389012566,371.39254188440384,Micro (<10 ha)
6.501171171169262,1400.1261261259206,1.5490535348336063,215.36521486083285,Micro (<10 ha)
3.250585585584631,1000.0900900899433,1.564780369859764,307.66459265833265,Micro (<10 ha)
2.5004504504497165,800.0720720719546,1.4272992987133142,319.97117636466595,Micro (<10 ha)
4.000720720719546,1000.1081081079319,1.4104993762481493,249.98198522791625,Micro (<10 ha)
6.501171171169262,1800.1801801798865,1.9916601936147718,276.9009048958969,Micro (<10 ha)
3.500630630629603,1000.1081081079319,1.5078872600511215,285.6936974033328,Micro (<10 ha)
3.250585585584631,1100.1261261259206,1.7213006943973297,338.4393664343584,Micro (<10 ha)
5.000900900899433,1400.108108107932,1.7661700437041987,279.97117636466595,Micro (<10 ha)
3.0005405405396597,1000.0720720719546,1.6286457034317738,333.29730378916577,Micro (<10 ha)
6.001081081080483,1600.1441441443749,1.8426354713237545,266.64264697058087,Micro (<10 ha)
3.7506756756757387,1100.0720720724203,1.6023650038022936,293.29970575881003,Micro (<10 ha)
3.0005405405454804,1000.036036036443,1.6285870177253896,333.2852939406186,Micro (<10 ha)
2.5004504504543728,1000.0900900904089,1.7841241233908118,399.96397045527385,Micro (<10 ha)
6.751216216221219,1700.1801801803522,1.845861061974828,251.8331698657956,Micro (<10 ha)
7.751396396396449,2800.2702702702954,2.8372986032812686,361.2601042532304,Micro (<10 ha)
57.760405405408235,13101.189189190045,4.862847718997026,226.81955047294997,Medium (50-200 ha)
4.0007207207218745,1300.1441441443749,1.8336542714539028,324.9774815348225,Micro (<10 ha)
4.250765765769175,1400.1441441443749,1.9157296866861568,329.38633208621866,Micro (<10 ha)
3.750675675679231,1100.1081081083976,1.602417493892326,293.30931363698164,Micro (<10 ha)
2.75049549549818,900.0900900904089,1.5310013694069802,327.24652396763196,Micro (<10 ha)
3.5006306306319313,1200.1081081083976,1.8094321126179782,342.82626039061853,Micro (<10 ha)
28.0050450450473,6900.576576577034,3.6784284244125103,246.40476619398984,Small (10-50 ha)
37.25671171170776,6400.540540540591,2.958076900397177,171.79563752345993,Small (10-50 ha)
3.000540540541988,1200.1081081088632,1.9544100555422244,399.96397045583245,Micro (<10 ha)
5.250945945952553,1300.1081081083976,1.6005003039312167,247.59502792264036,Micro (<10 ha)
3.250585585588124,1000.0720720724203,1.5647521781585922,307.6590496513503,Micro (<10 ha)
108.5195495495561,12701.18918919051,3.4394219761210674,117.04056312351754,Medium (50-200 ha)
7.75139639640227,1900.1621621628292,1.925288250190968,245.1380454552382,Micro (<10 ha)
4.250765765769175,1200.1261261263862,1.6420575390064276,282.3317473267605,Micro (<10 ha)
5.75103603603784,1500.1261261263862,1.764614316225157,260.8445011865886,Micro (<10 ha)
38.006846846849655,9800.846846847795,4.484641694420672,257.8705591216435,Small (10-50 ha)
6.501171171169262,2100.144144143909,2.3235304658929286,323.04089353275555,Micro (<10 ha)
6.751216216221219,1600.1621621628292,1.7372729446054922,237.0183550510651,Micro (<10 ha)
7.001261261265026,1700.1441441443749,1.8125611609457382,242.83398100718549,Micro (<10 ha)
57.01027027027914,11801.11711711809,4.409015630700868,206.99984513615442,Medium (50-200 ha)
2.5004504504497165,1100.0900900899433,1.962520463988437,439.9567645469989,Micro (<10 ha)
51.75932432432077,9100.936936936341,3.5685096362424655,175.83183427802157,Medium (50-200 ha)
98.76779279279639,20501.837837838102,5.81942650597685,207.57614661743662,Medium (50-200 ha)
2.750495495494688,1000.1081081079319,1.7011262538347056,363.6101603315145,Micro (<10 ha)
11.75211711711483,2800.234234234318,2.30425942927272,238.27487475905804,Small (10-50 ha)
7.001261261259206,1600.1261261259206,1.7059297464987873,228.54826672160658,Micro (<10 ha)
5.250945945944404,1800.1981981978752,2.2161370622835466,342.83312316103115,Micro (<10 ha)
10.001801801802358,2100.1981981988065,1.8733383654329134,209.981985227936,Small (10-50 ha)
2.5004504504497165,1100.108108107932,1.962552607473177,439.9639704558324,Micro (<10 ha)
3.7506756756745743,1100.1261261259206,1.6024437389380317,293.314117576444,Micro (<10 ha)
3.7506756756745743,1100.0900900899433,1.6023912488472534,293.3045096979993,Micro (<10 ha)
2.750495495494688,1000.0720720719546,1.7010649586143307,363.59705867908997,Micro (<10 ha)
4.000720720719546,1300.108108107932,1.8336034481419234,324.96847414885343,Micro (<10 ha)
2.750495495494688,900.1261261259206,1.531062664627535,327.2596256203027,Micro (<10 ha)
2.5004504504497165,1000.1081081079319,1.7841562668763826,399.97117636466595,Micro (<10 ha)
34.50621621620958,7500.630630630534,3.6020038896351347,217.37041765556,Small (10-50 ha)
3.250585585584631,900.0900900899433,1.4083164287243173,276.9009048958969,Micro (<10 ha)
11.25202702702838,3200.324324324727,2.6913716729095682,284.4220260613719,Small (10-50 ha)
2.5004504504497165,1000.0900900899433,1.7841241233916427,399.9639704558324,Micro (<10 ha)
5.250945945944404,1800.1441441439092,2.216070518948218,342.8228290055547,Micro (<10 ha)
6.251126126124291,1900.2162162158638,2.1439712494920324,303.97982345526617,Micro (<10 ha)
7.251306306306506,2300.2702702702954,2.4097157101375704,317.2215009411113,Micro (<10 ha)
6.751216216214234,1900.1801801798865,2.0629981729113633,281.4574617853698,Micro (<10 ha)
7.001261261259206,2000.1801801798865,2.132436194881337,285.6885503255946,Micro (<10 ha)
41.25743243243196,9900.864864864387,4.3482759993527615,239.9777271908331,Small (10-50 ha)
65.76184684684267,8600.720720720012,2.9918713359245706,130.78587559669404,Medium (50-200 ha)
47.258513513507786,9400.828828827944,3.857635454548516,198.92349822092748,Small (10-50 ha)
2.5004504504497165,900.0900900899433,1.6057277827948484,359.97117636466595,Micro (<10 ha)
5.500990990989376,2100.216216215864,2.5260306077762813,381.78870310022654,Micro (<10 ha)
4.750855855854461,1300.1261261259206,1.682653242067062,273.6614550247363,Micro (<10 ha)
4.250765765764518,1500.1441441439092,2.052553434062801,352.9115050812738,Micro (<10 ha)
3.500630630629603,1100.108108107932,1.6586596863344998,314.2599788970232,Micro (<10 ha)
5.500990990989376,1500.0900900899433,1.80423018007952,272.6945185962113,Micro (<10 ha)
3.250585585584631,1000.1081081079319,1.5648085615608236,307.67013566512765,Micro (<10 ha)
2.5004504504497165,1000.1081081079319,1.7841562668763826,399.97117636466595,Micro (<10 ha)
2.750495495494688,900.054054053966,1.5309400741867853,327.2334223154536,Micro (<10 ha)
3.0005405405408236,1100.1441441443749,1.7916159080453748,366.64865189459584,Micro (<10 ha)
2.5004504504520444,900.0720720724203,1.6056956393101915,359.9639704556835,Micro (<10 ha)
3.7506756756757387,1000.0900900904089,1.4567312467004048,266.64264697059633,Micro (<10 ha)
3.7506756756838877,1000.036036036443,1.4566525115626547,266.62823515235004,Micro (<10 ha)
3.0005405405454804,1000.0540540548973,1.6286163605789294,333.29129886480166,Micro (<10 ha)
4.250765765769175,1200.1081081088632,1.6420328860796498,282.327508556968,Micro (<10 ha)
2.7504954954958523,1000.1261261263862,1.701156901445325,363.61671115774215,Micro (<10 ha)
2.5004504504520444,800.0540540544316,1.4272671552287404,319.96397045572076,Micro (<10 ha)
37.256711711708924,8800.90090090083,4.067428601185022,236.2232332526252,Small (10-50 ha)
3.0005405405396597,900.0360360359773,1.4657341845241463,299.9579655318045,Micro (<10 ha)
3.2505855855869594,900.1081081083976,1.408344620425601,276.90644790263684,Micro (<10 ha)
6.251126126127783,2300.198198199272,2.5952619301881668,367.9654116376171,Micro (<10 ha)
2.75049549549818,1000.0900900904089,1.7010956062242304,363.60360950500984,Micro (<10 ha)
10.001801801807014,3000.252252253238,2.67617011334525,299.97117636456125,Small (10-50 ha)
2.750495495494688,1000.0720720719546,1.7010649586143307,363.59705867908997,Micro (<10 ha)
7.501351351351477,2700.234234234784,2.781164986826993,359.96637242545603,Micro (<10 ha)
6.001081081082812,1700.1621621628292,1.9578105625467024,283.3093136372119,Micro (<10 ha)
2.750495495494688,1000.0900900899433,1.7010956062245182,363.60360950530224,Micro (<10 ha)
3.500630630629603,1400.108108107932,2.110976965184635,399.9588233780942,Micro (<10 ha)
13.002342342343182,3500.2702702702954,2.7383304076281365,269.2030541967336,Small (10-50 ha)
20.00360360360821,4100.324324324261,2.586182434468485,204.97928301201955,Small (10-50 ha)
3.7506756756745743,1400.1261261259206,2.0394237453799335,373.29970575877695,Micro (<10 ha)
3.250585585584631,1400.1441441439092,2.190720709504729,430.73597272846075,Micro (<10 ha)
4.500810810809489,1600.1441441439092,2.127692170773832,355.5235292940733,Micro (<10 ha)
30.25545045045903,7300.576576577034,3.7441256687529223,241.29789733361153,Small (10-50 ha)
3.250585585584631,1300.1261261259206,2.034228576668223,399.96674195923,Micro (<10 ha)
19.003423423431812,4800.41441441467,3.106403569377627,252.6078752997531,Small (10-50 ha)
10.251846846849658,3200.3063063067384,2.819587395768316,312.1687588700349,Small (10-50 ha)
3.500630630629603,1100.0720720719546,1.6586053539287204,314.24968474154673,Micro (<10 ha)
39.507117117111335,8500.75675675692,3.815179601398062,215.17026240001374,Small (10-50 ha)
9.50171171171125,2600.2162162163295,2.3795980571829287,273.65766244112166,Micro (<10 ha)
2.5004504504497165,800.0720720719546,1.4272992987133142,319.97117636466595,Micro (<10 ha)
3.7506756756745743,1200.0720720719546,1.7480250059491649,319.96156848622127,Micro (<10 ha)
74.76346846845932,14301.387387386989,4.665825776943656,191.28844180658038,Medium (50-200 ha)
4.000720720719546,1000.0900900899433,1.410473964592221,249.9774815348953,Micro (<10 ha)
39.75716216216097,8900.738738738932,3.9821116528175646,223.87761738211395,Small (10-50 ha)
5.500990990989376,1200.1261261259206,1.443449157462588,218.16544111628747,Micro (<10 ha)
16.252927927923157,4500.342342341784,3.1490156221853463,276.89425328774286,Small (10-50 ha)
18.003243243242615,5300.432432432193,3.5239602099203005,294.41542064492586,Small (10-50 ha)
9.501711711708921,3100.216216215864,2.8371750160415963,326.2797599295167,Micro (<10 ha)
3.250585585584631,1200.1261261259206,1.8777646355327764,369.2030541967942,Micro (<10 ha)
4.500810810809489,1400.1621621618979,1.8617785661050446,311.0910946976847,Micro (<10 ha)
5.000900900899433,1700.1621621618979,2.144674016856865,339.97117636466595,Micro (<10 ha)
10.501891891888809,2300.1801801798865,2.0022723648703864,219.02531504408674,Small (10-50 ha)
10.751936936933781,3400.2342342338525,2.925233574187593,316.2438781196503,Small (10-50 ha)
2.5004504504497165,1000.1081081079319,1.7841562668763826,399.97117636466595,Micro (<10 ha)
2.750495495494688,800.0720720719546,1.3608764849796144,290.8828876042418,Micro (<10 ha)
2.750495495494688,1000.0900900899433,1.7010956062245182,363.60360950530224,Micro (<10 ha)
7.251306306304177,2300.216216215864,2.4096590842249745,317.2140465527005,Micro (<10 ha)
8.001441441439091,1500.1261261259206,1.4960245731982367,187.48198522791625,Micro (<10 ha)
7.751396396399941,2500.1981981988065,2.533258639706049,322.54810234708145,Micro (<10 ha)
3.2505855855869594,1200.1261261263862,1.8777646355328321,369.203054196673,Micro (<10 ha)
18.003243243242615,3500.3063063067384,2.327157322199455,194.4264296723621,Small (10-50 ha)
76.26373873874313,14501.315315315034,4.684286157901937,190.14692375615394,Medium (50-200 ha)
3.5006306306342596,800.0540540544316,1.2062609088755953,228.54569318256645,Micro (<10 ha)
7.501351351351477,2600.2882882887498,2.678223485709707,346.6426469705715,Micro (<10 ha)
17.25310810811352,5000.504504504614,3.3960589401001595,289.83209710214794,Small (10-50 ha)
6.50117117117974,2000.1621621628292,2.212913686647121,307.6618211545826,Micro (<10 ha)
3.0005405405408236,900.0720720724203,1.465792870230183,299.9699753798992,Micro (<10 ha)
12.752297297302867,3500.3063063076697,2.765074925635244,274.4843713021018,Small (10-50 ha)
11.00198198198108,3800.4144144142047,3.2321429470470133,345.4299798562186,Small (10-50 ha)
7.7513963963987775,2800.2342342352495,2.837262090736682,361.255455279801,Micro (<10 ha)
5.250945945944404,1600.1261261259206,1.9698379967193296,304.73102229547544,Micro (<10 ha)
30.755540540552467,6200.468468469102,3.1539724041798483,201.6049257951921,Small (10-50 ha)
2.750495495494688,1100.0900900899433,1.8711898430418763,399.96069504272634,Micro (<10 ha)
19.5035135135171,4400.360360360704,2.810780189737702,225.61885361378563,Small (10-50 ha)
13.502432432434288,3000.2702702702954,2.303294339154107,222.2022058087345,Small (10-50 ha)
3.250585585584631,1200.1261261259206,1.8777646355327764,369.2030541967942,Micro (<10 ha)
12.252207207210596,3100.2882882887498,2.4985611406079524,253.03916558513527,Small (10-50 ha)
17.253108108114684,3600.288288288284,2.445111531719376,208.67476548152817,Small (10-50 ha)
160.52891891892898,27102.288288288284,6.034265130828772,168.83118923871655,Medium (50-200 ha)
7.5013513513491485,2300.198198197875,2.3691391696633173,306.63784303133264,Micro (<10 ha)
9.25166666666395,1700.1621621618979,1.5767956968178287,183.76820344035997,Micro (<10 ha)
4.500810810809489,1000.1081081079319,1.3298315650726158,222.2062090914811,Micro (<10 ha)
3.0005405405396597,900.0900900899433,1.4658222130824903,299.97598030388826,Micro (<10 ha)
3.500630630629603,1100.108108107932,1.6586596863344998,314.2599788970232,Micro (<10 ha)
2.5004504504497165,1000.0900900899433,1.7841241233916427,399.9639704558324,Micro (<10 ha)
20.003603603604716,4900.450450450648,3.0908430342344566,244.97838227346048,Small (10-50 ha)
2.750495495494688,900.0900900899433,1.53100136940716,327.24652396787815,Micro (<10 ha)
6.251126126124291,2100.216216215864,2.3696267545020455,335.97405872819934,Micro (<10 ha)
2.5004504504497165,700.0720720719546,1.2489029581165199,279.97838227349945,Micro (<10 ha)
2.750495495494688,900.0900900899433,1.53100136940716,327.24652396787815,Micro (<10 ha)
3.7506756756745743,1300.0900900899433,1.8937112531418547,346.62823515288795,Micro (<10 ha)
4.000720720719546,1000.054054053966,1.4104231412803647,249.9684741488534,Micro (<10 ha)
6.001081081079319,1600.108108107932,1.8425939742630348,266.636642046527,Micro (<10 ha)
2.750495495494688,1100.0900900899433,1.8711898430418763,399.96069504272634,Micro (<10 ha)
3.500630630629603,900.0720720719546,1.3570605013619637,257.117121754166,Micro (<10 ha)
4.500810810809489,1300.1261261259206,1.728761867923224,288.8648691927772,Micro (<10 ha)
4.250765765764518,1300.0900900899433,1.7788319805280919,305.84844278195993,Micro (<10 ha)
2.750495495494688,1000.0900900899433,1.7010956062245182,363.60360950530224,Micro (<10 ha)
6.001081081080483,1500.1261261263862,1.7274603801009627,249.97598030391742,Micro (<10 ha)
4.000720720723039,1300.1261261263862,1.833628859797708,324.972977841707,Micro (<10 ha)
4.0007207207218745,1300.1261261263862,1.8336288597979746,324.9729778418016,Micro (<10 ha)
2.500450450453209,1000.0900900904089,1.7841241233912273,399.96397045546,Micro (<10 ha)
9.001621621622471,2900.288288288284,2.7269417432007983,322.19620088469463,Micro (<10 ha)
28.755180180191527,7300.576576576568,3.84055670764443,253.88735284662513,Small (10-50 ha)
50.00900900900713,11100.99099099217,4.428255736672741,221.9798234552652,Medium (50-200 ha)
4.50081081081531,1400.1261261263862,1.8617306494265184,311.08308813201523,Micro (<10 ha)
11.252027027027216,3200.3063063067384,2.6913565203256877,284.4204247483272,Small (10-50 ha)
11.252027027031872,2100.198198198341,1.7662003488719915,186.65065353583174,Small (10-50 ha)
9.501711711718235,2400.180180180818,2.1965342951195455,252.60503086204275,Micro (<10 ha)
4.250765765766846,1100.090090090409,1.5051844857758527,258.7980967923201,Micro (<10 ha)
2.7504954954958523,1200.1081081083976,2.0413147274697816,436.32433140634726,Micro (<10 ha)
5.000900900899433,2000.0900900899433,2.523018887877318,399.94595568374865,Micro (<10 ha)
66.26193693694775,10801.009009010158,3.743064689725266,163.00472802791705,Medium (50-200 ha)
108.5195495495561,21801.945945947897,5.903863873826442,200.9033951619188,Medium (50-200 ha)
6.751216216223547,2300.180180180352,2.4972723947823194,340.7060456237339,Micro (<10 ha)
2.5004504504497165,800.0900900899433,1.427331442198054,319.97838227349945,Micro (<10 ha)
3.250585585584631,1000.0900900899433,1.564780369859764,307.66459265833265,Micro (<10 ha)
2.5004504504497165,900.054054053966,1.6056634958253688,359.9567645469989,Micro (<10 ha)
3.500630630630767,1200.1261261263862,1.8094592788211687,342.8314074684708,Micro (<10 ha)
3.2505855855857955,1100.1081081083976,1.7212725026966904,338.4338234275855,Micro (<10 ha)
4.250765765764518,1700.1801801798865,2.3262502346700953,399.9703286106855,Micro (<10 ha)
3.500630630629603,1100.0900900899433,1.65863252013161,314.25483181928496,Micro (<10 ha)
4.000720720719546,1200.0900900899433,1.6925433458547372,299.96847414885343,Micro (<10 ha)
3.0005405405396597,900.0900900899433,1.4658222130824903,299.97598030388826,Micro (<10 ha)
8.501531531531363,2000.1621621623635,1.9351368822113224,235.27080441258784,Micro (<10 ha)
3.7506756756745743,1500.1441441439092,2.1851099925726234,399.96637242544364,Micro (<10 ha)
8.251486486484064,2300.162162161898,2.2588501781783554,278.7573082655548,Micro (<10 ha)
4.000720720719546,1600.108108107932,2.256707520035697,399.9549630697906,Micro (<10 ha)
5.751036036036676,1800.1801801803522,2.117571091128188,313.01841423009853,Micro (<10 ha)
26.254729729731334,5800.5585585585795,3.193457255644574,220.93385147248046,Small (10-50 ha)
11.001981981978751,3200.252252251841,2.721722322349042,290.87961219113566,Small (10-50 ha)
3.250585585584631,1200.108108107932,1.8777364438317168,369.1975111899992,Micro (<10 ha)
3.500630630629603,1100.0720720719546,1.6586053539287204,314.24968474154673,Micro (<10 ha)
11.252027027023724,2900.252252251841,2.439020538223544,257.7537580816661,Small (10-50 ha)
5.250945945944404,1900.1981981978752,2.3392422328421025,361.87731082349137,Micro (<10 ha)
2.5004504504497165,800.0900900899433,1.427331442198054,319.97838227349945,Micro (<10 ha)
22.50405405405676,5700.504504504614,3.3898304771965164,253.31011429369525,Small (10-50 ha)
11.502072072068694,2900.3243243237957,2.412423723581979,252.15668152235466,Small (10-50 ha)
245.54423423423106,36202.936936935876,6.5173943749083225,147.439572547246,Large (200-500 ha)
3.500630630629603,1100.1261261259206,1.6586868525373895,314.2651259747614,Micro (<10 ha)
2.5004504504497165,900.0900900899433,1.6057277827948484,359.97117636466595,Micro (<10 ha)
5.000900900899433,1100.0900900899433,1.3877115283035935,219.97838227349945,Micro (<10 ha)
4.750855855854461,1900.1621621618979,2.459233729993676,399.96207416403416,Micro (<10 ha)
10.751936936933781,2300.198198197875,1.9788686699610085,213.93337885906925,Small (10-50 ha)
2.5004504504497165,800.054054053966,1.4272671552285743,319.9639704558324,Micro (<10 ha)
13.002342342338524,3100.2882882878184,2.425416621207899,238.44075218605718,Small (10-50 ha)
5.751036036034347,1700.1801801798865,1.9999400276132788,295.6302428861589,Micro (<10 ha)
6.251126126124291,2200.2342342338525,2.4824748363317943,351.97405872819934,Micro (<10 ha)
6.251126126124291,2000.1981981978752,2.2567786726722967,319.97405872819934,Micro (<10 ha)
4.000720720719546,900.0720720719546,1.2694138623050348,224.9774815348953,Micro (<10 ha)
9.751756756756222,3000.3063063067384,2.7103116562564398,307.668287996218,Micro (<10 ha)
2.750495495497016,1100.126126126852,1.8712511382630432,399.9737966951509,Micro (<10 ha)
3.000540540541988,1100.090090090409,1.7915278794866831,366.6306371223698,Micro (<10 ha)
17.003063063062726,4400.432432432659,3.0104182774063104,258.8023355622383,Small (10-50 ha)
7.001261261267355,1700.1441441443749,1.8125611609454368,242.8339810071047,Micro (<10 ha)
7.751396396404598,2300.162162162829,2.330577501503683,296.74165073401934,Micro (<10 ha)
153.27761261262117,27502.576576577034,6.266558335334258,179.42983393200646,Medium (50-200 ha)
19.003423423419008,4500.396396396216,2.912258447396725,236.82029790748754,Small (10-50 ha)
3.7506756756769026,1600.1621621628292,2.3307962397659465,426.6330390920938,Micro (<10 ha)
89.51612612613127,19801.801801800728,5.904037911164791,221.20932460704694,Medium (50-200 ha)
138.7749999999965,32102.630630629137,7.687410487092547,231.32863001714966,Medium (50-200 ha)
7.0012612612638625,1700.1441441443749,1.812561160945889,242.83398100722584,Micro (<10 ha)
21.503873873880366,4600.378378378227,2.7985319503761943,213.93254096258755,Small (10-50 ha)
3.250585585584631,1100.0720720719546,1.721216119294151,338.42273741397344,Micro (<10 ha)
3.0005405405396597,1000.0900900899433,1.6286750462845552,333.3033087131937,Micro (<10 ha)
3.500630630629603,1100.0900900899433,1.65863252013161,314.25483181928496,Micro (<10 ha)
3.250585585584631,1300.108108107932,2.0342003849671633,399.961198952435,Micro (<10 ha)
5.250945945944404,1500.1261261259206,1.8467328261607736,285.68683463301517,Micro (<10 ha)
3.250585585584631,1100.108108107932,1.72127250269627,338.4338234275634,Micro (<10 ha)
11.001981981989228,2200.1981981988065,1.8712051668468712,199.98198522781044,Small (10-50 ha)
4.250765765764518,1200.108108107932,1.6420328860792748,282.3275085570582,Micro (<10 ha)
3.500630630629603,1200.0720720719546,1.8093777802120987,342.81596623523706,Micro (<10 ha)
3.0005405405396597,900.0360360359773,1.4657341845241463,299.9579655318045,Micro (<10 ha)
3.0005405405396597,1100.0900900899433,1.79152787948662,366.6306371224991,Micro (<10 ha)
761.8872522522353,111010.01801801985,11.345192980366752,145.7039971332506,Core (>500 ha)
3.250585585584631,1100.1261261259206,1.7213006943973297,338.4393664343584,Micro (<10 ha)
2.5004504504497165,900.1081081079319,1.6057599262795883,359.97838227349945,Micro (<10 ha)
5.500990990989376,1700.1621621618979,2.0448664412000914,309.06470578605996,Micro (<10 ha)
6.001081081079319,1200.1261261259206,1.3819973520227287,199.98498768993016,Micro (<10 ha)
13.75247747747344,3900.306306305807,2.9669027560906414,283.6075400010296,Small (10-50 ha)
3.0005405405396597,1200.108108107932,1.9544100555414663,399.96397045583245,Micro (<10 ha)
3.7506756756745743,1200.108108107932,1.7480774960399432,319.97117636466595,Micro (<10 ha)
5.500990990989376,1300.0900900899433,1.5636806034909112,236.33743305878724,Micro (<10 ha)
3.500630630629603,1400.1261261259206,2.1110041313875243,399.96397045583245,Micro (<10 ha)
6.251126126124291,1900.1621621618979,2.143910261517805,303.97117636466595,Micro (<10 ha)
3.500630630629603,1300.1261261259206,1.9602317051041462,371.39768896214207,Micro (<10 ha)
3.0005405405396597,1100.1261261259206,1.7915865651921827,366.64264697055495,Micro (<10 ha)
14.752657657653327,4600.414414413739,3.3787564772740213,311.8363159486151,Small (10-50 ha)
3.0005405405396597,1000.1081081079319,1.6287043891373365,333.30931363722163,Micro (<10 ha)
2.5004504504497165,900.1081081079319,1.6057599262795883,359.97838227349945,Micro (<10 ha)
2.750495495494688,1200.0720720719546,2.041253432249047,436.3112297539381,Micro (<10 ha)
9.001621621618979,3000.27027026983,2.820947929184442,333.3033087131937,Micro (<10 ha)
3.7506756756745743,1400.1261261259206,2.0394237453799335,373.29970575877695,Micro (<10 ha)
45.758243243243776,12601.243243243545,5.255012961649142,275.387391431469,Small (10-50 ha)
2.5004504504508804,1100.1441441443749,1.9626168944430304,439.97838227348086,Micro (<10 ha)
3.000540540543152,1300.072072072886,2.1172042030382525,433.2792890168881,Micro (<10 ha)
11.752117117115995,3000.3063063062727,2.468894927606897,255.29921769896018,Small (10-50 ha)
29.005225225227186,7600.720720721409,3.981179160946591,262.04660235186554,Small (10-50 ha)
4.750855855859117,1100.0540540544316,1.4237153483088472,231.54860669951944,Micro (<10 ha)
3.250585585589288,1100.090090090409,1.7212443109947062,338.42828042042686,Micro (<10 ha)
19.003423423424827,3900.3783783791587,2.523979863101033,205.2460912685503,Small (10-50 ha)
4.00072072072071,1100.090090090409,1.55150865522391,274.97297784191073,Micro (<10 ha)
3.5006306306342596,1200.090090090409,1.8094049464144868,342.8211133126523,Micro (<10 ha)
20.003603603604716,3800.378378378693,2.3969986345207963,189.984687443709,Small (10-50 ha)
4.00072072072071,1400.1441441443749,1.974688962085407,349.9729778418889,Micro (<10 ha)
10.001801801801193,3200.2702702702954,2.8545825256843416,319.9693748874297,Small (10-50 ha)
10.001801801802358,2000.1621621623635,1.7841080516493766,199.98018375068457,Small (10-50 ha)
12.002162162163295,2300.198198198341,1.8729689675140588,191.64865189454733,Small (10-50 ha)
18.003243243242615,4400.378378378227,2.9255647556444653,244.4214255689667,Small (10-50 ha)
2.5004504504497165,900.0720720719546,1.6056956393101085,359.9639704558324,Micro (<10 ha)
4.500810810809489,1500.108108107932,1.9946754725920117,333.29730378916577,Micro (<10 ha)
3.7506756756745743,1300.108108107932,1.893737498187244,346.6330390921103,Micro (<10 ha)
2.750495495494688,900.054054053966,1.5309400741867853,327.2334223154536,Micro (<10 ha)
3.250585585584631,1200.0900900899433,1.8777082521306572,369.1919681832042,Micro (<10 ha)
2.5004504504497165,800.0720720719546,1.4272992987133142,319.97117636466595,Micro (<10 ha)
12.252207207212923,3800.3603603607044,3.062757986917511,310.17761094698244,Small (10-50 ha)
13.502432432436617,4100.378378378693,3.1478425130206285,303.67701515235416,Small (10-50 ha)
9.251666666667443,2700.270270270761,2.5043343730183554,291.8685213767466,Micro (<10 ha)
32.50585585586261,4100.360360360704,2.0287862452384227,126.14220583954203,Small (10-50 ha)
6.501171171169262,1800.1801801798865,1.9916601936147718,276.9009048958969,Micro (<10 ha)
2.5004504504497165,1000.0900900899433,1.7841241233916427,399.9639704558324,Micro (<10 ha)
4.000720720719546,1100.0900900899433,1.5515086552234791,274.97297784187435,Micro (<10 ha)
3.250585585584631,1300.1801801798865,2.0343131517714017,399.983370979615,Micro (<10 ha)
3.0005405405396597,900.1081081079319,1.4658515559352716,299.9819852279162,Micro (<10 ha)
7.251306306304177,2300.216216215864,2.4096590842249745,317.2140465527005,Micro (<10 ha)
4.500810810809489,1600.1441441439092,2.127692170773832,355.5235292940733,Micro (<10 ha)
53.009549549553775,11701.009009009693,4.533580428748249,220.73398299812925,Medium (50-200 ha)
4.500810810809489,1600.1441441439092,2.127692170773832,355.5235292940733,Micro (<10 ha)
5.500990990989376,1600.1801801798865,1.9246133240387777,290.88943843045405,Micro (<10 ha)
4.000720720719546,1500.1441441439092,2.1157236527162957,374.96847414885343,Micro (<10 ha)
18.75337837837869,3900.432432432659,2.5407858893391246,207.9855881823181,Small (10-50 ha)
4.500810810809489,1400.1261261259206,1.861730649427103,311.0830881323141,Micro (<10 ha)
3.7506756756745743,1000.0900900899433,1.4567312466999527,266.64264697055495,Micro (<10 ha)
5.250945945944404,1900.1621621618979,2.33919787061855,361.87044805317373,Micro (<10 ha)
4.250765765764518,1600.108108107932,2.189327875584203,376.42820053627344,Micro (<10 ha)
4.500810810809489,1400.1261261259206,1.861730649427103,311.0830881323141,Micro (<10 ha)
3.500630630629603,1200.0900900899433,1.8094049464149884,342.8211133129753,Micro (<10 ha)
19.75355855855625,4500.396396396216,2.856427227771682,227.82712203755662,Small (10-50 ha)
3.7506756756745743,1100.108108107932,1.6024174938926425,293.30931363722163,Micro (<10 ha)
3.250585585584631,1100.108108107932,1.72127250269627,338.4338234275634,Micro (<10 ha)
4.000720720719546,1400.1261261259206,1.9746635504291095,349.96847414885343,Micro (<10 ha)
3.250585585584631,1000.0720720719546,1.5647521781587044,307.65904965153766,Micro (<10 ha)
3.500630630629603,1400.108108107932,2.110976965184635,399.9588233780942,Micro (<10 ha)
6.251126126126619,2000.1801801808178,2.256758343348184,319.9711763646958,Micro (<10 ha)
5.250945945946732,1700.1261261263862,2.092943167277995,323.7752099578808,Micro (<10 ha)
3.2505855855857955,1300.1441441443749,2.0342567683696466,399.972284966025,Micro (<10 ha)
2.7504954954993446,1000.0720720724203,1.701064958613683,363.5970586786437,Micro (<10 ha)
27.004864864865084,7300.6306306300685,3.9630946078656817,270.34501624663255,Small (10-50 ha)
3.250585585589288,1000.0900900904089,1.5647803698593716,307.6645926580352,Micro (<10 ha)
3.000540540543152,900.0900900904089,1.4658222130823955,299.9759803036943,Micro (<10 ha)
3.000540540543152,1200.1081081083976,1.9544100555410868,399.9639704555221,Micro (<10 ha)
2.500450450453209,1100.090090090409,1.962520463987897,439.95676454657064,Micro (<10 ha)
4.00072072072071,1400.1441441443749,1.974688962085407,349.9729778418889,Micro (<10 ha)
28.755180180178723,6700.6126126125455,3.5249383996967945,233.022800435497,Small (10-50 ha)
13.752477477480424,3800.288288288284,2.8908205948414043,276.33481272819586,Small (10-50 ha)
4.500810810816474,1200.090090090409,1.5957451697407845,266.63864368755935,Micro (<10 ha)
3.0005405405396597,1300.0720720719546,2.1172042030379683,433.27928901708196,Micro (<10 ha)
3.500630630633095,1200.1081081083976,1.8094321126176773,342.8262603905045,Micro (<10 ha)
5.751036036040168,1700.1621621623635,1.99991883282663,295.6271098821,Micro (<10 ha)
2.5004504504497165,1100.054054053966,1.9624561770189575,439.9423527293319,Micro (<10 ha)
67.76220720720943,12601.08108108025,4.318263129339236,185.96031033268324,Medium (50-200 ha)
3.500630630629603,1200.108108107932,1.809432112617878,342.8262603907135,Micro (<10 ha)
8.251486486486392,2500.252252252307,2.4553465570366364,303.0062833341623,Micro (<10 ha)
3.7506756756757387,1400.1261261263862,2.039423745380295,373.29970575878525,Micro (<10 ha)
4.250765765764518,1500.1621621618979,2.052578086990216,352.9157438511758,Micro (<10 ha)
2.750495495494688,1100.108108107932,1.8712204906520638,399.9672458689386,Micro (<10 ha)
2.750495495494688,1000.1081081079319,1.7011262538347056,363.6101603315145,Micro (<10 ha)
3.7506756756757387,1300.1441441443749,1.8937899882784064,346.6426469705715,Micro (<10 ha)
3.0005405405396597,800.0900900899433,1.3029693798804256,266.6486518945829,Micro (<10 ha)
22.003963963964488,5400.540540540591,3.2477443509411246,245.43489297587303,Small (10-50 ha)
3.500630630629603,900.0720720719546,1.3570605013619637,257.117121754166,Micro (<10 ha)
3.250585585584631,900.1081081079319,1.408344620425377,276.9064479026919,Micro (<10 ha)
3.500630630629603,1200.108108107932,1.809432112617878,342.8262603907135,Micro (<10 ha)
6.251126126124291,1700.1621621618979,1.918254756507792,271.9769410917328,Micro (<10 ha)
108.01945945946383,25102.162162161432,6.813263712674959,232.38555615603178,Medium (50-200 ha)
6.001081081079319,1800.1261261259206,2.0729234081784593,299.9669729178464,Micro (<10 ha)
3.7506756756745743,1300.1441441439092,1.8937899882780223,346.642646970555,Micro (<10 ha)
4.750855855854461,1600.1441441439092,2.070943486030369,336.81176459438524,Micro (<10 ha)
4.750855855854461,1500.1261261259206,1.9414978584860836,315.75913301543784,Micro (<10 ha)
355.31400900899285,50104.558558559045,7.498357504739436,141.01486934980636,Large (200-500 ha)
8.501531531532528,2800.234234234318,2.7091986079963464,329.3799739315363,Micro (<10 ha)
2.750495495494688,900.1081081079319,1.5310320170173475,327.2530747940904,Micro (<10 ha)
3.7506756756745743,1200.1261261259206,1.7481037410853324,319.9759803038883,Micro (<10 ha)
2.750495495494688,1100.1261261259206,1.8712511382622512,399.9737966951509,Micro (<10 ha)
3.0005405405396597,1300.108108107932,2.117262888743531,433.29129886513783,Micro (<10 ha)
3.250585585584631,1100.0900900899433,1.7212443109952107,338.42828042076843,Micro (<10 ha)
2.5004504504497165,900.054054053966,1.6056634958253688,359.9567645469989,Micro (<10 ha)
3.0005405405396597,1100.1441441439092,1.791615908044964,366.6486518945829,Micro (<10 ha)
2.750495495494688,1100.108108107932,1.8712204906520638,399.9672458689386,Micro (<10 ha)
5.250945945944404,1400.0900900899433,1.7235832933786652,266.6357842002373,Micro (<10 ha)
5.250945945944404,1400.108108107932,1.7236054744904414,266.63921558539613,Micro (<10 ha)
7.001261261259206,1800.1801801798865,1.9192117847994858,257.12226883190425,Micro (<10 ha)
4.250765765764518,1300.1261261259206,1.7788812863829218,305.85692032176405,Micro (<10 ha)
3.7506756756745743,1200.0720720719546,1.7480250059491649,319.96156848622127,Micro (<10 ha)
3.250585585584631,1100.0720720719546,1.721216119294151,338.42273741397344,Micro (<10 ha)
2.5004504504497165,900.054054053966,1.6056634958253688,359.9567645469989,Micro (<10 ha)
29.75536036036094,8500.738738738932,4.396115858796936,285.687642017716,Small (10-50 ha)
3.250585585584631,1300.1621621618979,2.034284960070342,399.97782797281997,Micro (<10 ha)
2.5004504504497165,1000.1261261259206,1.7841884103611223,399.97838227349945,Micro (<10 ha)
15.002702702698297,4700.324324323796,3.4232462558700685,313.2985047739714,Small (10-50 ha)
3.250585585584631,900.0720720719546,1.408288237023258,276.8953618891019,Micro (<10 ha)
4.250765765764518,1200.108108107932,1.6420328860792748,282.3275085570582,Micro (<10 ha)
9.50171171171125,3400.396396396216,3.111886083954441,357.8719813404871,Micro (<10 ha)
8.501531531531363,1800.1801801803522,1.7416563152693225,211.74775080274148,Micro (<10 ha)
4.0007207207218745,1500.1081081083976,2.1156728294044806,374.95946676270967,Micro (<10 ha)
4.500810810816474,1700.1441441453062,2.260660952277815,377.7417482333344,Micro (<10 ha)
9.50171171171125,2900.288288288284,2.6542101895371837,305.23850610133326,Micro (<10 ha)
3.0005405405408236,1300.090090090409,2.1172335458910974,433.285293941097,Micro (<10 ha)
2.5004504504543728,1100.0720720724203,1.9624883205027004,439.94955863753233,Micro (<10 ha)
16.00288288288284,4700.450450450182,3.3146328755335115,293.72522968832845,Small (10-50 ha)
5.250945945947897,1600.1441441443749,1.969860177831024,304.73445368052023,Micro (<10 ha)
2.75049549549818,1100.1081081088632,1.8712204906524599,399.96724586876934,Micro (<10 ha)
2.75049549549818,1000.0900900904089,1.7010956062242304,363.60360950500984,Micro (<10 ha)
14.252567567577353,4300.414414415136,3.213355851564147,301.7291020740706,Small (10-50 ha)
4.750855855857953,1800.2162162167951,2.3298813797888376,378.92461291939065,Micro (<10 ha)
15.50279279279639,4000.3423423427157,2.8660730530045817,258.0401090183916,Small (10-50 ha)
4.25076576576801,1400.090090090409,1.9156557279041742,329.3736157766027,Micro (<10 ha)
19.50351351351943,4800.450450451113,3.0663422817577075,246.13259796105666,Small (10-50 ha)
3.5006306306319313,1300.090090090409,1.9601773726984166,371.38739480655164,Micro (<10 ha)
2.750495495494688,1100.108108107932,1.8712204906520638,399.9672458689386,Micro (<10 ha)
3.500630630629603,1300.0900900899433,1.960177372698367,371.38739480666567,Micro (<10 ha)
5.500990990989376,1300.0900900899433,1.5636806034909112,236.33743305878724,Micro (<10 ha)
9.0016216216248,2300.2162162163295,2.1627352162597866,255.533537500673,Micro (<10 ha)
43.507837837839034,8000.666666666046,3.4216650524119734,183.89023827122517,Small (10-50 ha)
6.001081081079319,2000.1441441439092,2.303252842093884,333.29730378916577,Micro (<10 ha)
2.5004504504508804,1100.1261261263862,1.9625847509582905,439.97117636464736,Micro (<10 ha)
3.2505855855857955,1300.1621621623635,2.034284960070706,399.97782797281997,Micro (<10 ha)
49.50891891891952,10500.900900900364,4.20997877585023,212.10119570773966,Small (10-50 ha)
85.51540540540358,15101.44144144142,4.606714432772075,176.59322749918442,Medium (50-200 ha)
20.75373873873614,6500.540540540591,4.025282511997093,313.22262568563394,Small (10-50 ha)
22.25400900900946,5900.5405405410565,3.5284400002222953,265.14505939816246,Small (10-50 ha)
2.750495495494688,800.0720720719546,1.3608764849796144,290.8828876042418,Micro (<10 ha)
2.750495495494688,1000.1081081079319,1.7011262538347056,363.6101603315145,Micro (<10 ha)
4.000720720719546,1200.0900900899433,1.6925433458547372,299.96847414885343,Micro (<10 ha)
3.250585585584631,800.0720720719546,1.2518242958878112,246.13167412666613,Micro (<10 ha)
7.251306306305342,2400.2162162163295,2.5144170225111298,331.0046652048379,Micro (<10 ha)
4.500810810809489,1200.1441441439092,1.5958170447583155,266.6506535359255,Micro (<10 ha)
8.251486486484064,2600.2342342338525,2.5535328160446396,315.1231282379286,Micro (<10 ha)
3.500630630629603,1200.0720720719546,1.8093777802120987,342.81596623523706,Micro (<10 ha)
3.250585585584631,1000.054054053966,1.564723986457645,307.65350664474266,Micro (<10 ha)
4.250765765764518,1400.0900900899433,1.9156557279043238,329.37361577676376,Micro (<10 ha)
4.250765765764518,1300.108108107932,1.778856633455507,305.852681551862,Micro (<10 ha)
6.501171171169262,1900.1801801798865,2.102296907402819,292.28274877711476,Micro (<10 ha)
7.751396396394121,1700.1441441439092,1.7226253682618458,219.333918329193,Micro (<10 ha)
29.005225225223693,8100.738738738466,4.243083444313068,279.2854968660562,Small (10-50 ha)
242.29364864866125,40603.49549549492,7.358469192798111,167.57969398682903,Large (200-500 ha)
4.250765765764518,1400.1801801798865,1.9157789925413988,329.3948096262741,Micro (<10 ha)
8.501531531529036,2000.1261261259206,1.9351020177068345,235.26656564269538,Micro (<10 ha)
2.5004504504497165,900.0720720719546,1.6056956393101085,359.9639704558324,Micro (<10 ha)
12.25220720720361,2400.1801801798865,1.9343352524054138,195.8977790359859,Small (10-50 ha)
3.7506756756745743,1400.1261261259206,2.0394237453799335,373.29970575877695,Micro (<10 ha)
7.001261261259206,2100.1801801798865,2.239048399922263,299.9716910724398,Micro (<10 ha)
5.250945945944404,1700.1981981978752,2.0930318917249906,323.78893549857094,Micro (<10 ha)
3.0005405405396597,1100.108108107932,1.7915572223394014,366.636642046527,Micro (<10 ha)
39.75716216215282,9000.810810809955,4.026883011242557,226.39470025801683,Small (10-50 ha)
2.750495495494688,800.054054053966,1.3608458373694272,290.8763367780295,Micro (<10 ha)
6.251126126125455,1600.1801801803522,1.8054473333278853,255.9827058188264,Micro (<10 ha)
5.50099099099054,1600.1801801803522,1.924613324039134,290.8894384304771,Micro (<10 ha)
2.5004504504508804,1000.1081081083976,1.7841562668767978,399.97117636466595,Micro (<10 ha)
2.75049549549818,700.0720720724203,1.1907822481622925,254.52580206666383,Micro (<10 ha)
4.000720720724202,1200.090090090409,1.692543345854409,299.96847414862066,Micro (<10 ha)
2.500450450455537,800.0540540544316,1.4272671552277438,319.96397045527385,Micro (<10 ha)
2.500450450456701,1000.0720720724203,1.7840919799052417,399.9567645460679,Micro (<10 ha)
4.25076576576801,1000.1081081083976,1.3683853913268855,235.2771625673668,Micro (<10 ha)
2.5004504504520444,900.1081081083976,1.6057599262796711,359.9783822733505,Micro (<10 ha)
6.00108108108514,2000.1981981988065,2.3033150876843824,333.3063111750396,Micro (<10 ha)
11.00198198198108,3400.3963963966817,2.8919391496076354,309.0712566122915,Small (10-50 ha)
2.750495495494688,1100.0720720719546,1.8711591954316888,399.954144216514,Micro (<10 ha)
5.500990990995197,2100.126126126386,2.5259222521105515,381.77232603437653,Micro (<10 ha)
2.500450450453209,900.0900900904089,1.6057277827945575,359.9711763643494,Micro (<10 ha)
2.7504954954958523,1000.1081081083976,1.7011262538351375,363.61016033152987,Micro (<10 ha)
19.503513513521757,4500.324324324727,2.8746333077976023,230.74428723853572,Small (10-50 ha)
6.251126126131275,1600.1261261263862,1.8053863453528174,255.97405872798785,Micro (<10 ha)
59.76076576577034,15701.60360360425,5.729688347457245,262.7410041087155,Medium (50-200 ha)
8.5015315315302,1800.1261261263862,1.7416040185129884,211.74139264791737,Micro (<10 ha)
4.250765765764518,1600.0900900899433,2.189303222656788,376.4239617663714,Micro (<10 ha)
6.501171171171591,1800.1441441443749,1.9916203245289454,276.8953618890743,Micro (<10 ha)
3.250585585584631,1000.0720720719546,1.5647521781587044,307.65904965153766,Micro (<10 ha)
5.000900900899433,1500.1261261259206,1.8923380347550873,299.97117636466595,Micro (<10 ha)
3.0005405405396597,1100.0900900899433,1.79152787948662,366.6306371224991,Micro (<10 ha)
44.257972972982095,9800.86486486625,4.1558867998736595,221.44857087895386,Small (10-50 ha)
3.7506756756745743,1300.108108107932,1.893737498187244,346.6330390921103,Micro (<10 ha)
3.250585585584631,1000.1081081079319,1.5648085615608236,307.67013566512765,Micro (<10 ha)
3.500630630629603,1200.054054053966,1.809350614009209,342.8108191574988,Micro (<10 ha)
10.501891891891137,3000.2882882887498,2.611705977665785,285.69026601819934,Small (10-50 ha)
6.001081081079319,1300.108108107932,1.4971309461851694,216.64564943256892,Micro (<10 ha)
2.5004504504497165,800.0900900899433,1.427331442198054,319.97838227349945,Micro (<10 ha)
10.501891891892301,3000.252252252307,2.6116746088361324,285.6868346329645,Small (10-50 ha)
3.500630630629603,900.1081081079319,1.357114833767743,257.1274159096425,Micro (<10 ha)
3.500630630629603,1100.108108107932,1.6586596863344998,314.2599788970232,Micro (<10 ha)
7.251306306304177,2100.162162161898,2.200086581740741,289.6253548599993,Micro (<10 ha)
2.5004504504497165,1000.0900900899433,1.7841241233916427,399.9639704558324,Micro (<10 ha)
4.000720720719546,1100.1261261259206,1.5515594785353355,274.98198522791625,Micro (<10 ha)
6.251126126124291,1900.1981981978752,2.14395092016729,303.9769410917328,Micro (<10 ha)
3.0005405405396597,1100.108108107932,1.7915572223394014,366.636642046527,Micro (<10 ha)
2.750495495494688,1000.1081081079319,1.7011262538347056,363.6101603315145,Micro (<10 ha)
6.251126126124291,2300.1801801798865,2.595241600862573,367.96252927406573,Micro (<10 ha)
3.250585585584631,1200.0900900899433,1.8777082521306572,369.1919681832042,Micro (<10 ha)
3.0005405405396597,1100.0720720719546,1.7914985366338385,366.62463219847115,Micro (<10 ha)
31.255630630637754,8200.846846846864,4.13799190220435,262.379823455174,Small (10-50 ha)
2.750495495494688,900.0900900899433,1.53100136940716,327.24652396787815,Micro (<10 ha)
2.5004504504497165,900.0720720719546,1.6056956393101085,359.9639704558324,Micro (<10 ha)
3.250585585584631,1100.108108107932,1.72127250269627,338.4338234275634,Micro (<10 ha)
5.751036036034347,1900.1441441439092,2.235159765070491,330.40031956644845,Micro (<10 ha)
80.51450450450415,19201.765765766148,6.036694156907055,238.48828088722775,Medium (50-200 ha)
12.752297297293554,3400.2882882878184,2.6860654648813016,266.6412340472543,Small (10-50 ha)
3.0005405405396597,1100.0900900899433,1.79152787948662,366.6306371224991,Micro (<10 ha)
7.251306306304177,1600.1441441439092,1.6762780150072294,220.6697768032179,Micro (<10 ha)
3.250585585584631,1000.1081081079319,1.5648085615608236,307.67013566512765,Micro (<10 ha)
15.752837837833212,4100.324324323796,2.91429745066069,260.29115303124274,Small (10-50 ha)
13.002342342338524,3000.216216215864,2.3471282672380567,230.74428723865324,Small (10-50 ha)
3.0005405405396597,900.1081081079319,1.4658515559352716,299.9819852279162,Micro (<10 ha)
3.7506756756745743,1200.1261261259206,1.7481037410853324,319.9759803038883,Micro (<10 ha)
2.750495495494688,900.054054053966,1.5309400741867853,327.2334223154536,Micro (<10 ha)
4.000720720719546,1300.108108107932,1.8336034481419234,324.96847414885343,Micro (<10 ha)
3.500630630630767,1100.1081081083976,1.6586596863349259,314.2599788970517,Micro (<10 ha)
8.501531531531363,2700.198198198341,2.6124147438951537,317.6131486642807,Micro (<10 ha)
5.250945945945569,1800.1441441443749,2.2160705189485457,342.82282900556737,Micro (<10 ha)
2.5004504504520444,900.0720720724203,1.6056956393101915,359.9639704556835,Micro (<10 ha)
6.5011711711727544,1800.1801801803522,1.991660193614752,276.9009048958198,Micro (<10 ha)
3.000540540544316,900.0720720724203,1.4657928702293297,299.9699753795501,Micro (<10 ha)
2.750495495497016,1200.1441441443749,2.0413760226897244,436.3374330585872,Micro (<10 ha)
17.75319819819415,5300.414414414205,3.5486779954187626,298.5611017936679,Small (10-50 ha)
4.750855855855625,1800.1981981983408,2.3298580604540313,378.92082033588173,Micro (<10 ha)
3.250585585584631,1000.0900900899433,1.564780369859764,307.66459265833265,Micro (<10 ha)
3.000540540544316,1000.0900900904089,1.6286750462840496,333.30330871283167,Micro (<10 ha)
33.005945945942074,7300.648648648057,3.58476279892262,221.19192283127512,Small (10-50 ha)
3.250585585588124,1200.1081081083976,1.8777364438314363,369.19751118974574,Micro (<10 ha)
9.001621621621307,2900.2162162163295,2.7268739787851657,322.18819431936566,Micro (<10 ha)
19.50351351352525,4200.306306306273,2.6829933891200164,215.36151952280056,Small (10-50 ha)
3.500630630629603,1200.108108107932,1.809432112617878,342.8262603907135,Micro (<10 ha)
4.000720720719546,1300.1441441439092,1.8336542714537798,324.97748153489533,Micro (<10 ha)
3.250585585584631,1200.108108107932,1.8777364438317168,369.1975111899992,Micro (<10 ha)
2.5004504504497165,1100.0720720719546,1.9624883205036974,439.9495586381654,Micro (<10 ha)
3.0005405405396597,1200.0900900899433,1.9543807126886847,399.9579655318045,Micro (<10 ha)
3.0005405405396597,1100.0900900899433,1.79152787948662,366.6306371224991,Micro (<10 ha)
2.5004504504497165,1000.1261261259206,1.7841884103611223,399.97838227349945,Micro (<10 ha)
2.750495495494688,1000.1261261259206,1.701156901444893,363.6167111577268,Micro (<10 ha)
3.7506756756745743,1500.108108107932,2.185057502481845,399.95676454699895,Micro (<10 ha)
8.501531531532528,2300.234234234318,2.2254536100110016,270.5670414445509,Micro (<10 ha)
15.502792792794061,4300.324324324727,3.080997227329864,277.3902987546595,Small (10-50 ha)
2.5004504504497165,900.054054053966,1.6056634958253688,359.9567645469989,Micro (<10 ha)
4.250765765764518,1200.0900900899433,1.6420082331518597,282.3232697871561,Micro (<10 ha)
4.250765765764518,1500.1261261259206,2.052528781135386,352.9072663113717,Micro (<10 ha)
3.500630630629603,1100.108108107932,1.6586596863344998,314.2599788970232,Micro (<10 ha)
2.750495495494688,1100.108108107932,1.8712204906520638,399.9672458689386,Micro (<10 ha)
2.750495495494688,1100.0900900899433,1.8711898430418763,399.96069504272634,Micro (<10 ha)
2.750495495494688,1000.0900900899433,1.7010956062245182,363.60360950530224,Micro (<10 ha)
3.0005405405396597,900.0900900899433,1.4658222130824903,299.97598030388826,Micro (<10 ha)
15.002702702699462,3500.3243243242614,2.549286242986504,233.31291659165132,Small (10-50 ha)
2.750495495494688,1200.0720720719546,2.041253432249047,436.3112297539381,Micro (<10 ha)
3.7506756756745743,1200.0900900899433,1.748051250994554,319.96637242544364,Micro (<10 ha)
3.500630630629603,1200.0720720719546,1.8093777802120987,342.81596623523706,Micro (<10 ha)
5.000900900899433,1700.1801801798865,2.1446967457328956,339.9747793190827,Micro (<10 ha)
4.000720720719546,1400.1261261259206,1.9746635504291095,349.96847414885343,Micro (<10 ha)
3.250585585584631,1300.1261261259206,2.034228576668223,399.96674195923,Micro (<10 ha)
3.0005405405396597,1100.0900900899433,1.79152787948662,366.6306371224991,Micro (<10 ha)
3.0005405405396597,1000.0900900899433,1.6286750462845552,333.3033087131937,Micro (<10 ha)
2.5004504504497165,800.0900900899433,1.427331442198054,319.97838227349945,Micro (<10 ha)
2.750495495494688,1000.0900900899433,1.7010956062245182,363.60360950530224,Micro (<10 ha)
2.750495495494688,800.0720720719546,1.3608764849796144,290.8828876042418,Micro (<10 ha)
2.5004504504497165,800.0720720719546,1.4272992987133142,319.97117636466595,Micro (<10 ha)
2.5004504504497165,700.0720720719546,1.2489029581165199,279.97838227349945,Micro (<10 ha)
3.250585585584631,900.054054053966,1.4082600453221983,276.8898188823069,Micro (<10 ha)
4.500810810809489,1600.1261261259206,2.1276682124348616,355.519526011388,Micro (<10 ha)
5.75103603603784,1800.1621621623635,2.1175498963417896,313.01528122619453,Micro (<10 ha)
16.002882882880513,3100.234234234318,2.1862028805482017,193.72973338140665,Small (10-50 ha)
3.7506756756769026,1400.1261261263862,2.039423745379979,373.2997057586694,Micro (<10 ha)
2.5004504504508804,1100.090090090409,1.962520463988811,439.9567645469803,Micro (<10 ha)
5.000900900904089,1100.1261261263862,1.3877569860555958,219.98558818222128,Micro (<10 ha)
4.500810810814146,1300.1261261263862,1.7287618679229488,288.86486919258175,Micro (<10 ha)
10.251846846848494,2200.234234234318,1.9384871699186594,214.61832849275243,Small (10-50 ha)
11.502072072079173,3700.2522522527725,3.0777855571891544,321.703100890403,Small (10-50 ha)
6.501171171177411,2200.1621621623635,2.434187114222957,338.42550891701836,Micro (<10 ha)
10.501891891892301,3400.252252252307,2.959868612440401,323.77520995787233,Small (10-50 ha)
3.5006306306319313,1000.1081081083976,1.5078872600513218,285.6936974032758,Micro (<10 ha)
52.7595045045123,12901.06306306459,5.0103747731459825,244.52585717443984,Medium (50-200 ha)
16.75301801801659,4700.450450450648,3.2395748531930257,280.5733537321856,Small (10-50 ha)
4.250765765766846,1200.1261261263862,1.6420575390068775,282.33174732691515,Micro (<10 ha)
4.000720720719546,1300.1261261259206,1.8336288597978516,324.97297784187435,Micro (<10 ha)
9.001621621622471,2400.270270270761,2.256809166659848,266.6486518945829,Micro (<10 ha)
6.001081081083976,1700.1801801803522,1.9578313110761574,283.3123160990933,Micro (<10 ha)
26.504774774773978,6700.558558559511,3.671504086382613,252.8057157813238,Small (10-50 ha)
4.250765765764518,1500.1261261259206,2.052528781135386,352.9072663113717,Micro (<10 ha)
2.5004504504497165,1000.0900900899433,1.7841241233916427,399.9639704558324,Micro (<10 ha)
5.500990990989376,1200.1441441439092,1.4434708285955786,218.16871652939363,Micro (<10 ha)
3.500630630629603,1300.1261261259206,1.9602317051041462,371.39768896214207,Micro (<10 ha)
4.500810810809489,1700.1441441439092,2.2606609522777115,377.7417482336102,Micro (<10 ha)
4.250765765764518,1400.1441441439092,1.915729686686569,329.38633208646996,Micro (<10 ha)
5.000900900899433,1300.0720720719546,1.6399793237772793,259.9675734102492,Micro (<10 ha)
16.502972972968127,4800.39639639575,3.33342796748346,290.88070399550435,Small (10-50 ha)
16.002882882878183,3800.360360359773,2.6799132385531843,237.47973338140577,Small (10-50 ha)
3.7506756756745743,1300.1801801798865,1.8938424783688006,346.6522548489997,Micro (<10 ha)
3.250585585584631,1000.1081081079319,1.5648085615608236,307.67013566512765,Micro (<10 ha)
9.25166666666395,2500.2342342338525,2.318813269296336,270.24689975513456,Micro (<10 ha)
3.7506756756745743,1200.054054053966,1.7479987609037757,319.95676454699895,Micro (<10 ha)
3.500630630629603,1200.108108107932,1.809432112617878,342.8262603907135,Micro (<10 ha)
11.50207207206986,2900.2702702702954,2.4123787626511337,252.15198201660863,Small (10-50 ha)
6.251126126126619,1800.1441441443749,2.031062179688203,287.9711763646332,Micro (<10 ha)
8.501531531532528,1500.1621621623635,1.4513918842258455,176.4578719255702,Micro (<10 ha)
7.7513963963987775,1500.1261261263862,1.5199624863326702,193.5297912029541,Micro (<10 ha)
6.751216216217727,1800.1621621623635,1.954410055541466,266.642646970486,Micro (<10 ha)
10.001801801801193,3000.2702702702954,2.676186185087568,299.9729778418511,Small (10-50 ha)
11.252027027026053,3600.378378378693,3.027804496461495,319.9759803039048,Small (10-50 ha)
4.000720720723039,1300.1261261263862,1.833628859797708,324.972977841707,Micro (<10 ha)
3.750675675678067,1200.090090090409,1.7480512509944184,319.9663724252698,Micro (<10 ha)
5.5009909909917045,1400.1081081083976,1.6839770629184099,254.51925124058232,Micro (<10 ha)
52.00936936936691,10400.792792792432,4.06837257823313,199.97921372448738,Medium (50-200 ha)
19.253468468479113,3500.288288288284,2.2503205896449634,181.80040100404736,Small (10-50 ha)
10.001801801802358,2000.1621621623635,1.7841080516493766,199.98018375068457,Small (10-50 ha)
6.251126126126619,1400.1621621623635,1.5797714989930038,223.98558818232405,Micro (<10 ha)
4.500810810809489,1300.0900900899433,1.7287139512452827,288.8568626274066,Micro (<10 ha)
8.501531531529036,2600.1801801798865,2.5156483120458213,305.84844278195993,Micro (<10 ha)
6.001081081079319,1500.1261261259206,1.727460380100594,249.9759803038883,Micro (<10 ha)
98.51774774773628,23002.162162161898,6.5374215675715215,233.48242005147176,Medium (50-200 ha)
6.251126126124291,1700.1441441439092,1.9182344271830496,271.97405872819934,Micro (<10 ha)
7.251306306304177,2000.1441441439092,2.095309768150707,275.8322514117234,Micro (<10 ha)
5.250945945944404,1600.1801801798865,1.9699045400546582,304.74131645095184,Micro (<10 ha)
2.750495495494688,1200.0720720719546,2.041253432249047,436.3112297539381,Micro (<10 ha)
2.750495495494688,800.0900900899433,1.360907132589802,290.88943843045405,Micro (<10 ha)
10.251846846843836,2200.1801801798865,1.9384395463118642,214.61305587658487,Small (10-50 ha)
2.5004504504497165,900.0720720719546,1.6056956393101085,359.9639704558324,Micro (<10 ha)
3.7506756756745743,1300.108108107932,1.893737498187244,346.6330390921103,Micro (<10 ha)
29.255270270276814,5400.504504504614,2.8166140629810186,184.59937148457982,Small (10-50 ha)
6.751216216215398,2100.198198198341,2.2801548457496135,311.0844225598912,Micro (<10 ha)
11.001981981979917,2600.234234234318,2.2114242880921524,236.34234617846374,Small (10-50 ha)
3.500630630633095,1000.0900900904089,1.5078600938481814,285.68855032544263,Micro (<10 ha)
3.000540540543152,1000.0900900904089,1.6286750462843655,333.3033087129609,Micro (<10 ha)
9.001621621625963,2200.180180180352,2.068678206964274,244.42042474819482,Micro (<10 ha)
5.000900900904089,1300.0720720724203,1.6399793237771034,259.9675734101003,Micro (<10 ha)
2.5004504504543728,1000.0720720724203,1.7840919799060722,399.95676454644035,Micro (<10 ha)
25.50459459459176,5000.414414414205,2.793134531916174,196.0593569079722,Small (10-50 ha)
10.50189189189463,3100.1981981988065,2.6986760564936523,295.2037813864321,Small (10-50 ha)
10.251846846849658,3500.3423423427157,3.0839301631516096,341.4352940142052,Small (10-50 ha)
5.000900900902925,1400.1261261263862,1.7661927725801998,279.97477931898027,Micro (<10 ha)
7.0012612612638625,1700.1981981988065,1.8126187891652326,242.8417016238997,Micro (<10 ha)
3.7506756756757387,1200.1441441443749,1.7481299861311284,319.9807842431355,Micro (<10 ha)
5.75103603603784,1700.1801801803522,1.999940027613219,295.63024288606033,Micro (<10 ha)
3.0005405405396597,1100.0900900899433,1.79152787948662,366.6306371224991,Micro (<10 ha)
18.50333333333954,4500.34234234225,2.951315465452025,243.2179251850517,Small (10-50 ha)
3.0005405405396597,1000.0900900899433,1.6286750462845552,333.3033087131937,Micro (<10 ha)
3.250585585584631,1200.108108107932,1.8777364438317168,369.1975111899992,Micro (<10 ha)
3.500630630629603,1400.1441441439092,2.111031297590414,399.9691175335707,Micro (<10 ha)
5.000900900899433,1700.1441441439092,2.1446512879808344,339.9675734102492,Micro (<10 ha)
3.7506756756745743,1400.108108107932,2.0393975003345446,373.29490181955464,Micro (<10 ha)
29.25527027027216,6100.522522522137,3.181705989530663,208.5273000783453,Small (10-50 ha)
2.750495495494688,1100.108108107932,1.8712204906520638,399.9672458689386,Micro (<10 ha)
3.0005405405396597,1200.1261261259206,1.9544393983942476,399.96997537986033,Micro (<10 ha)
6.751216216214234,1600.1441441439092,1.7372533827035255,237.01568619604885,Micro (<10 ha)
4.750855855854461,1700.1801801798865,2.200412432909429,357.8681887569292,Micro (<10 ha)
5.000900900899433,1300.108108107932,1.6400247815293403,259.9747793190827,Micro (<10 ha)
3.0005405405396597,900.0720720719546,1.465792870229709,299.9699753798604,Micro (<10 ha)
30.50549549549003,8900.810810809955,4.546064531947873,291.7772901648446,Small (10-50 ha)
8.501531531529036,1500.1801801798865,1.4514093164778443,176.45999131053895,Micro (<10 ha)
2.750495495494688,1000.1081081079319,1.7011262538347056,363.6101603315145,Micro (<10 ha)
2.5004504504497165,900.0900900899433,1.6057277827948484,359.97117636466595,Micro (<10 ha)
4.750855855854461,1600.1261261259206,2.0709201666955943,336.80797201078866,Micro (<10 ha)
3.000540540544316,1000.0900900904089,1.6286750462840496,333.30330871283167,Micro (<10 ha)
2.5004504504520444,1000.0900900904089,1.7841241233916427,399.9639704556463,Micro (<10 ha)
3.250585585591616,1200.090090090409,1.8777082521293682,369.1919681825541,Micro (<10 ha)
3.000540540543152,1000.0900900904089,1.6286750462843655,333.3033087129609,Micro (<10 ha)
2.500450450453209,800.0900900904089,1.4273314421978878,319.97838227323876,Micro (<10 ha)
7.251306306306506,2000.2342342343181,2.095404144671683,275.84467539244645,Micro (<10 ha)
14.752657657655654,3500.3603603602387,2.5708260549971835,237.26981548601063,Small (10-50 ha)
4.500810810810654,1700.1441441443749,2.2606609522780383,377.74174823361597,Micro (<10 ha)
3.7506756756745743,1000.0900900899433,1.4567312466999527,266.64264697055495,Micro (<10 ha)
6.751216216214234,2300.162162161898,2.4972528328816823,340.7033767690114,Micro (<10 ha)
3.2505855855869594,1300.1261261263862,2.0342285766682227,399.96674195908673,Micro (<10 ha)
4.500810810809489,1400.108108107932,1.8617066910881326,311.0790848496288,Micro (<10 ha)
3.0005405405396597,1300.1261261259206,2.1172922315963123,433.29730378916577,Micro (<10 ha)
3.500630630629603,1300.108108107932,1.9602045389012566,371.39254188440384,Micro (<10 ha)
6.251126126124291,1900.1261261259206,2.1438696028683197,303.9654116375992,Micro (<10 ha)
27.754999999998837,6200.504504504148,3.3201024067958564,223.40135127020025,Small (10-50 ha)
3.0005405405396597,1000.0900900899433,1.6286750462845552,333.3033087131937,Micro (<10 ha)
7.751396396396449,2300.198198198341,2.33061401404954,296.7462997077122,Micro (<10 ha)
3.250585585584631,1300.1261261259206,2.034228576668223,399.96674195923,Micro (<10 ha)
3.0005405405396597,1100.108108107932,1.7915572223394014,366.636642046527,Micro (<10 ha)
4.750855855854461,1200.1261261259206,1.5532309338575512,252.61261602938552,Micro (<10 ha)
11.752117117121816,3300.3423423431814,2.7157888683728135,280.82959942042004,Small (10-50 ha)
47.75860360360239,10500.900900901295,4.286430810032503,219.8745379588364,Small (10-50 ha)
167.78022522521786,27602.216216216795,6.011303218958232,164.51412065495367,Medium (50-200 ha)
3.0005405405396597,1200.1261261259206,1.9544393983942476,399.96997537986033,Micro (<10 ha)
3.0005405405396597,1000.0900900899433,1.6286750462845552,333.3033087131937,Micro (<10 ha)
3.0005405405396597,1100.108108107932,1.7915572223394014,366.636642046527,Micro (<10 ha)
5.250945945944404,1200.108108107932,1.4773951333733293,228.55084026047567,Micro (<10 ha)
2.750495495494688,1000.0900900899433,1.7010956062245182,363.60360950530224,Micro (<10 ha)
3.0005405405396597,1200.1261261259206,1.9544393983942476,399.96997537986033,Micro (<10 ha)
2.750495495494688,900.0900900899433,1.53100136940716,327.24652396787815,Micro (<10 ha)
3.500630630629603,1100.0900900899433,1.65863252013161,314.25483181928496,Micro (<10 ha)
2.5004504504497165,900.1081081079319,1.6057599262795883,359.97838227349945,Micro (<10 ha)
2.750495495494688,1100.0900900899433,1.8711898430418763,399.96069504272634,Micro (<10 ha)
8.001441441439091,2400.198198197875,2.3936357233663332,299.9707259953639,Micro (<10 ha)
33.75608108108281,7600.612612613011,3.690350831579403,225.16276680211132,Small (10-50 ha)
2.7504954954993446,800.0540540544316,1.3608458373690673,290.87633677770634,Micro (<10 ha)
2.750495495497016,1100.1261261263862,1.871251138262251,399.9737966949816,Micro (<10 ha)
104.7688738738827,23902.144144143444,6.587426630964454,228.14165372165834,Medium (50-200 ha)
7.501351351357298,1900.1441441443749,1.9570947944500188,253.30691166739737,Micro (<10 ha)
2.5004504504520444,1000.1081081083976,1.7841562668763824,399.9711763644798,Micro (<10 ha)
2.7504954954993446,1000.0720720724203,1.701064958613683,363.5970586786437,Micro (<10 ha)
7.2513063063076695,2500.2162162163295,2.6191749607965704,344.79528385685137,Micro (<10 ha)
297.05351351351453,60405.8378378395,9.88682014161055,203.35001974346727,Large (200-500 ha)
16.002882882888663,3700.2882882887498,2.609345069925501,231.22635561154684,Small (10-50 ha)
28.50513513513026,6700.540540540591,3.5403268193431066,235.06433169940388,Small (10-50 ha)
4.0007207207218745,1500.1621621628292,2.1157490643729218,374.9729778418889,Micro (<10 ha)
3.7506756756745743,1200.0720720719546,1.7480250059491649,319.96156848622127,Micro (<10 ha)
9.251666666667443,2700.234234234318,2.5043009518139208,291.86462629084036,Micro (<10 ha)
6.501171171169262,1900.1441441439092,2.102257038316834,292.27720577031977,Micro (<10 ha)
6.251126126126619,1400.1261261263862,1.5797308403435188,223.97982345525725,Micro (<10 ha)
3.0005405405408236,1100.1441441443749,1.7916159080453748,366.64865189459584,Micro (<10 ha)
20.003603603602386,6100.522522522137,3.8477600650354646,304.97117636461826,Small (10-50 ha)
12.25220720720361,3300.216216215864,2.659685560401516,269.3568726356115,Small (10-50 ha)
3.7506756756745743,1100.108108107932,1.6024174938926425,293.30931363722163,Micro (<10 ha)
12.752297297293554,2700.252252251841,2.1330704064783363,211.74633787944398,Small (10-50 ha)
6.751216216214234,1600.1441441439092,1.7372533827035255,237.01568619604885,Micro (<10 ha)
14.252567567563382,2300.144144143909,1.718713810523462,161.38454585394692,Small (10-50 ha)
7.001261261261534,2500.270270270761,2.6655932671179268,357.1171217541803,Micro (<10 ha)
2.5004504504497165,900.0900900899433,1.6057277827948484,359.97117636466595,Micro (<10 ha)
25.254549549542133,6800.54054053966,3.817408960742408,269.27981935290364,Small (10-50 ha)
17.503153153148013,4000.2882882878184,2.697293539942005,228.54672259828513,Small (10-50 ha)
5.000900900899433,2000.1801801798865,2.52313253225747,399.9639704558324,Micro (<10 ha)
52.2594144144142,11401.15315315267,4.448991521808019,218.16457916543362,Medium (50-200 ha)
6.751216216214234,2200.198198197875,2.3887234012173475,325.89656851956715,Micro (<10 ha)
5.000900900899433,1700.1621621618979,2.144674016856865,339.97117636466595,Micro (<10 ha)
48.508738738734976,9900.936936936341,4.010156954477333,204.10625372599702,Small (10-50 ha)
3.0005405405396597,1000.0900900899433,1.6286750462845552,333.3033087131937,Micro (<10 ha)
2.750495495494688,700.054054053966,1.190751600552069,254.51925124060543,Micro (<10 ha)
3.0005405405396597,1000.0720720719546,1.6286457034317738,333.29730378916577,Micro (<10 ha)
9.25166666666395,2800.198198197875,2.5970113718687715,302.6695944729271,Micro (<10 ha)
3.0005405405396597,1000.0900900899433,1.6286750462845552,333.3033087131937,Micro (<10 ha)
4.750855855854461,1500.1621621618979,1.9415444971556326,315.76671818263105,Micro (<10 ha)
9.501711711708921,3000.27027026983,2.745709092049091,315.7610293072362,Micro (<10 ha)
3.5006306306319313,1400.1261261263862,2.1110041313875243,399.96397045569944,Micro (<10 ha)
3.000540540541988,1300.1441441443749,2.1173215744490306,433.30330871301265,Micro (<10 ha)
2.750495495497016,900.0900900904089,1.5310013694073041,327.24652396777043,Micro (<10 ha)
4.000720720727696,1200.0720720724203,1.6925179341977419,299.9639704553378,Micro (<10 ha)
5.250945945947897,1900.1441441443749,2.339175689506569,361.86701666786297,Micro (<10 ha)
3.7506756756769026,1400.1621621623635,2.039476235470757,373.30931363711403,Micro (<10 ha)
9.001621621625963,2600.2702702702954,2.44485542083391,288.8668708339474,Micro (<10 ha)
14.75265765766264,4300.342342343181,3.158369710815456,291.49611155719805,Small (10-50 ha)
5.250945945946732,1400.1261261263862,1.7236276556024088,266.64264697052545,Micro (<10 ha)
3.2505855855869594,1200.1261261263862,1.8777646355328321,369.203054196673,Micro (<10 ha)
2.750495495494688,900.0720720719546,1.5309707217969726,327.23997314166587,Micro (<10 ha)
7.001261261259206,1900.1441441439092,2.0257855710278467,271.4002625010112,Micro (<10 ha)
7.501351351351477,2700.252252252307,2.7811835448760807,359.96877439500514,Micro (<10 ha)
14.252567567566876,3200.3243243242614,2.391346485120745,224.54370478529884,Small (10-50 ha)
3.0005405405396597,1100.108108107932,1.7915572223394014,366.636642046527,Micro (<10 ha)
3.7506756756745743,1400.1261261259206,2.0394237453799335,373.29970575877695,Micro (<10 ha)
4.750855855854461,1500.1261261259206,1.9414978584860836,315.75913301543784,Micro (<10 ha)
5.751036036034347,2100.108108107932,2.470379502527703,365.170396246738,Micro (<10 ha)
12.502252252248581,3200.252252251841,2.553201854921834,255.97405872819937,Small (10-50 ha)
7.5013513513491485,1900.1621621618979,1.9571133525001692,253.30931363722163,Micro (<10 ha)
7.501351351350313,2400.2702702702954,2.472210577127877,319.9783822735119,Micro (<10 ha)
345.06216216215967,39703.9459459451,6.029482920353974,115.06316919003856,Large (200-500 ha)
3.750675675678067,1200.1081081083976,1.7480774960398076,319.9711763644922,Micro (<10 ha)
15.25274774774909,3200.180180180352,2.3115082892585757,209.8100770500591,Small (10-50 ha)
2.5004504504520444,700.0720720724203,1.248902958116769,279.97838227342504,Micro (<10 ha)
5.0009009009087455,1500.0720720724203,1.8922698481258213,299.9603675009502,Micro (<10 ha)
8.001441441443749,2300.252252252307,2.293963043500905,287.4797333812966,Micro (<10 ha)
10.501891891895793,3200.3063063067384,2.7858186638818623,304.73616937309964,Small (10-50 ha)
41.257432432428466,9000.828828828875,3.9529968851076482,218.1626024249196,Small (10-50 ha)
3.5006306306342596,1000.0900900904089,1.5078600938479307,285.6885503253476,Micro (<10 ha)
3.500630630633095,900.0900900904089,1.3570876675648784,257.1222688317808,Micro (<10 ha)
2.5004504504497165,800.054054053966,1.4272671552285743,319.9639704558324,Micro (<10 ha)
3.250585585589288,1300.1261261263862,2.0342285766674943,399.96674195880024,Micro (<10 ha)
39.5071171171125,8800.756756755989,3.9498210119413777,222.76383089830523,Small (10-50 ha)
5.751036036034347,1700.0900900899433,1.9998340536823571,295.61457786695564,Micro (<10 ha)
4.250765765766846,1700.1621621623635,2.3262255817426802,399.966089840674,Micro (<10 ha)
9.501711711713579,2500.2522522527725,2.2881156439308286,263.1370355270299,Micro (<10 ha)
2.5004504504497165,900.0720720719546,1.6056956393101085,359.9639704558324,Micro (<10 ha)
4.000720720719546,1400.108108107932,1.9746381387731813,349.9639704558325,Micro (<10 ha)
2.5004504504497165,1000.0720720719546,1.7840919799069028,399.9567645469989,Micro (<10 ha)
4.750855855854461,1600.1261261259206,2.0709201666955943,336.80797201078866,Micro (<10 ha)
20.753738738746616,5900.648648648523,3.6538158121944377,284.31738121633896,Small (10-50 ha)
4.000720720719546,1400.108108107932,1.9746381387731813,349.9639704558325,Micro (<10 ha)
3.7506756756745743,1200.108108107932,1.7480774960399432,319.97117636466595,Micro (<10 ha)
8.251486486485227,2500.252252252307,2.4553465570368096,303.006283334205,Micro (<10 ha)
1547.0286936936914,216619.369369369,15.536141595026033,140.0228517107642,Core (>500 ha)
14.252567567563382,2800.252252251841,2.0924046134882373,196.47352934672472,Small (10-50 ha)
5.751036036034347,1400.108108107932,1.6469620579241704,243.45319683883997,Micro (<10 ha)
4.250765765764518,1000.0720720719546,1.3683360854719806,235.26868502764643,Micro (<10 ha)
3.0005405405396597,1200.1261261259206,1.9544393983942476,399.96997537986033,Micro (<10 ha)
3.0005405405396597,800.0720720719546,1.302940037027644,266.64264697055495,Micro (<10 ha)
4.000720720719546,1500.1261261259206,2.1156982410603677,374.9639704558325,Micro (<10 ha)
3.250585585584631,1100.108108107932,1.72127250269627,338.4338234275634,Micro (<10 ha)
3.0005405405396597,1300.1261261259206,2.1172922315963123,433.29730378916577,Micro (<10 ha)
18.753378378376365,4700.450450450182,3.0619266927266504,250.6455293340665,Small (10-50 ha)
2.750495495494688,1000.0720720719546,1.7010649586143307,363.59705867908997,Micro (<10 ha)
22.25400900900364,5500.378378378227,3.289148672614747,247.1634830449137,Small (10-50 ha)
2.750495495497016,1000.0900900904089,1.70109560622459,363.6036095051637,Micro (<10 ha)
37.75680180179421,7300.702702702489,3.351676786357049,193.36125821852735,Small (10-50 ha)
3.750675675678067,1300.1261261263862,1.8937637432324295,346.63784303113397,Micro (<10 ha)
5.751036036041333,1600.1261261263862,1.88224537973934,278.2326725303945,Micro (<10 ha)
11.001981981979917,3100.288288288284,2.6367058515508064,281.79361621989824,Small (10-50 ha)
3.0005405405408236,1000.0720720724203,1.6286457034322162,333.2973037891917,Micro (<10 ha)
3.0005405405396597,800.054054053966,1.3029106941748627,266.636642046527,Micro (<10 ha)
3.7506756756745743,1100.0900900899433,1.6023912488472534,293.3045096979993,Micro (<10 ha)
2.5004504504497165,900.054054053966,1.6056634958253688,359.9567645469989,Micro (<10 ha)
7.501351351350313,2000.1801801803522,2.0601290858160595,266.64264697057564,Micro (<10 ha)
7.751396396396449,1800.1621621623635,1.823965937362915,232.23714413563496,Micro (<10 ha)
10.50189189189463,2800.2702702702954,2.43759329144828,266.6443626630309,Small (10-50 ha)
10.751936936937273,3300.3063063062727,2.839265223292441,306.9499315019584,Small (10-50 ha)
3.500630630629603,1200.054054053966,1.809350614009209,342.8108191574988,Micro (<10 ha)
3.0005405405396597,1100.0900900899433,1.79152787948662,366.6306371224991,Micro (<10 ha)
21.00378378378926,5500.468468469102,3.385680544813303,261.87988436228187,Small (10-50 ha)
2.750495495494688,1100.0720720719546,1.8711591954316888,399.954144216514,Micro (<10 ha)
3.250585585584631,1400.1621621618979,2.190748901205789,430.74151573525575,Micro (<10 ha)
3.0005405405396597,1300.108108107932,2.117262888743531,433.29129886513783,Micro (<10 ha)
158.77860360360938,32402.756756757386,7.254058264734037,204.07508330058647,Medium (50-200 ha)
5.250945945944404,1600.1441441439092,1.9698601778311058,304.73445368063426,Micro (<10 ha)
2.750495495494688,1000.1081081079319,1.7011262538347056,363.6101603315145,Micro (<10 ha)
18.253288288282928,4300.360360359773,2.8394181983295734,235.59373480778484,Small (10-50 ha)
3.250585585584631,1200.0720720719546,1.8776800604295978,369.18642517640916,Micro (<10 ha)
4.250765765764518,1300.0900900899433,1.7788319805280919,305.84844278195993,Micro (<10 ha)
5.250945945944404,1700.1441441439092,2.092965348389662,323.7786413430945,Micro (<10 ha)
5.500990990992868,2000.288288288284,2.4058425040137363,363.6232619837929,Micro (<10 ha)
4.000720720719546,1500.108108107932,2.1156728294044393,374.95946676281153,Micro (<10 ha)
9.751756756753894,2800.216216215864,2.529561276758904,287.14992447658045,Micro (<10 ha)
2.750495495494688,1000.0900900899433,1.7010956062245182,363.60360950530224,Micro (<10 ha)
3.7506756756745743,1000.054054053966,1.4566787566091743,266.6330390921103,Micro (<10 ha)
55.00990990991239,8800.720720721409,3.3472861502791793,159.9842780170702,Medium (50-200 ha)
63.261396396383645,11701.02702702675,4.15001497126513,184.96314804229712,Medium (50-200 ha)
4.500810810812982,1800.1441441448405,2.3936297337819004,399.95996717304376,Micro (<10 ha)
4.750855855859117,1300.1261261263862,1.6826532420668399,273.66145502456607,Micro (<10 ha)
3.000540540541988,1100.1261261263862,1.7915865651922458,366.64264697042563,Micro (<10 ha)
8.251486486491048,1600.1441441443749,1.5714048098734164,193.92192506938682,Micro (<10 ha)
3.000540540541988,800.0900900904089,1.3029693798806783,266.64865189453116,Micro (<10 ha)
2.5004504504508804,1000.1261261263862,1.7841884103615377,399.9783822734995,Micro (<10 ha)
24.004324324323097,7500.792792792898,4.31874431863758,312.47673091937423,Small (10-50 ha)
5.000900900902925,1800.1261261263862,2.2707738212794566,359.9603675012574,Micro (<10 ha)
4.000720720719546,1200.0900900899433,1.6925433458547372,299.96847414885343,Micro (<10 ha)
2.5004504504508804,900.1261261263862,1.605792069764785,359.9855881823516,Micro (<10 ha)
3.0005405405396597,900.1081081079319,1.4658515559352716,299.9819852279162,Micro (<10 ha)
3.0005405405396597,1000.0900900899433,1.6286750462845552,333.3033087131937,Micro (<10 ha)
2.5004504504497165,800.0720720719546,1.4272992987133142,319.97117636466595,Micro (<10 ha)
6.751216216214234,1600.1441441439092,1.7372533827035255,237.01568619604885,Micro (<10 ha)
3.7506756756745743,1100.0900900899433,1.6023912488472534,293.3045096979993,Micro (<10 ha)
22.003963963963326,3800.3243243242614,2.285416017788678,172.71089566171747,Small (10-50 ha)
3.0005405405396597,1100.0900900899433,1.79152787948662,366.6306371224991,Micro (<10 ha)
5.000900900899433,1500.1621621618979,1.8923834925071483,299.97838227349945,Micro (<10 ha)
4.000720720719546,1200.0900900899433,1.6925433458547372,299.96847414885343,Micro (<10 ha)
2.750495495494688,1100.108108107932,1.8712204906520638,399.9672458689386,Micro (<10 ha)
4.750855855854461,1500.1261261259206,1.9414978584860836,315.75913301543784,Micro (<10 ha)
4.250765765764518,1300.108108107932,1.778856633455507,305.852681551862,Micro (<10 ha)
3.250585585584631,1000.0900900899433,1.564780369859764,307.66459265833265,Micro (<10 ha)
6.001081081079319,1900.1801801798865,2.1881399964616244,316.639644508541,Micro (<10 ha)
3.7506756756745743,1500.1261261259206,2.1850837475272344,399.96156848622127,Micro (<10 ha)
3.500630630629603,1400.1441441439092,2.111031297590414,399.9691175335707,Micro (<10 ha)
2.5004504504497165,1000.0720720719546,1.7840919799069028,399.9567645469989,Micro (<10 ha)
67.26211711711483,15301.081081081647,5.262982404338109,227.48438105865526,Medium (50-200 ha)
4.0007207207218745,1300.1441441443749,1.8336542714539028,324.9774815348225,Micro (<10 ha)
4.750855855854461,1400.0900900899433,1.8120289116070238,294.7027088528939,Micro (<10 ha)
3.7506756756745743,1100.054054053966,1.602338758756475,293.29490181955464,Micro (<10 ha)
18.003243243246107,4500.450450450182,2.992097063074047,249.97998358648627,Small (10-50 ha)
3.000540540541988,1300.1081081083976,2.117262888743468,433.2912988649568,Micro (<10 ha)
109.76977477478911,18001.585585586727,4.846904257177479,163.9940103960308,Medium (50-200 ha)
11.25202702702838,2200.234234234318,1.8503274954901943,195.541143737849,Small (10-50 ha)
3.250585585584631,1100.0720720719546,1.721216119294151,338.42273741397344,Micro (<10 ha)
3.0005405405396597,900.0720720719546,1.465792870229709,299.9699753798604,Micro (<10 ha)
9.251666666666278,2500.2162162163295,2.3187965586944745,270.24495221218893,Micro (<10 ha)
4.250765765765681,1300.1621621623635,1.7789305922381455,305.86539786159403,Micro (<10 ha)
6.001081081079319,1800.1801801798865,2.0729856537690026,299.97598030388826,Micro (<10 ha)
4.750855855854461,1300.0900900899433,1.682606603397513,273.6538698575431,Micro (<10 ha)
14.752657657657982,4700.396396396682,3.452187855146118,318.61353428456636,Small (10-50 ha)
3.250585585584631,1200.1441441439092,1.8777928272338358,369.2085972035892,Micro (<10 ha)
3.0005405405396597,900.1081081079319,1.4658515559352716,299.9819852279162,Micro (<10 ha)
16.502972972975112,4800.450450450648,3.3334655029867983,290.88397940854384,Small (10-50 ha)
6.751216216214234,1400.1441441439092,1.520116271767439,207.39139427666626,Micro (<10 ha)
3.0005405405396597,1300.054054053966,2.117174860185187,433.27328409305403,Micro (<10 ha)
2.5004504504520444,1000.0900900908746,1.7841241233924734,399.9639704558325,Micro (<10 ha)
2.5004504504543728,1000.0540540548973,1.784059836422163,399.9495586377931,Micro (<10 ha)
2.5004504504508804,900.0720720724203,1.6056956393105655,359.9639704558511,Micro (<10 ha)
14.002522522521904,3100.2702702702954,2.337176353914096,221.40798311759656,Small (10-50 ha)
4.250765765766846,1400.1081081083976,1.9156803808318517,329.37785454659496,Micro (<10 ha)
11.502072072074515,3200.234234234318,2.66188195676499,278.23110602863085,Small (10-50 ha)
5.000900900902925,1600.1441441443749,2.0185060258058587,319.9711763645356,Micro (<10 ha)
8.751576576578664,2200.144144144375,2.09798826310567,251.39974779315682,Micro (<10 ha)
5.000900900899433,1400.108108107932,1.7661700437041987,279.97117636466595,Micro (<10 ha)
7.001261261261534,2000.1981981988065,2.1324554042882577,285.6911238645017,Micro (<10 ha)
8.001441441439091,1700.1261261259206,1.6954777454540555,212.4774815348953,Micro (<10 ha)
45.508198198203466,9200.774774776306,3.84746473006718,202.1784016739983,Small (10-50 ha)
3.250585585584631,1300.1261261259206,2.034228576668223,399.96674195923,Micro (<10 ha)
23.004144144142046,5100.414414414205,2.999835859668243,221.71719940787338,Small (10-50 ha)
3.7506756756745743,1500.1261261259206,2.1850837475272344,399.96156848622127,Micro (<10 ha)
7.751396396394121,2300.1801801798865,2.330595757776866,296.7439752210208,Micro (<10 ha)
22.504054054057924,4400.378378379159,2.6167046664797176,195.5371404551743,Small (10-50 ha)
2.750495495494688,1000.1081081079319,1.7011262538347056,363.6101603315145,Micro (<10 ha)
3.7506756756745743,1400.1261261259206,2.0394237453799335,373.29970575877695,Micro (<10 ha)
3.0005405405396597,1000.0720720719546,1.6286457034317738,333.29730378916577,Micro (<10 ha)
3.7506756756745743,1200.0900900899433,1.748051250994554,319.96637242544364,Micro (<10 ha)
3.250585585584631,1100.0720720719546,1.721216119294151,338.42273741397344,Micro (<10 ha)
2.5004504504497165,1000.0720720719546,1.7840919799069028,399.9567645469989,Micro (<10 ha)
24.504414414408384,6900.6306306300685,3.9324361995565877,281.60765296935875,Small (10-50 ha)
4.500810810809489,1400.108108107932,1.8617066910881326,311.0790848496288,Micro (<10 ha)
2.5004504504497165,800.0900900899433,1.427331442198054,319.97838227349945,Micro (<10 ha)
2.5004504504497165,800.0720720719546,1.4272992987133142,319.97117636466595,Micro (<10 ha)
19.253468468462817,4500.39639639575,2.893285877698412,233.74470962296482,Small (10-50 ha)
3.0005405405396597,900.0720720719546,1.465792870229709,299.9699753798604,Micro (<10 ha)
23.254189189187016,4400.504504504614,2.5742275691879204,189.23491456544988,Small (10-50 ha)
3.500630630630767,1200.1441441443749,1.8094864450240584,342.836554546209,Micro (<10 ha)
7.251306306305342,2000.1981981983408,2.0953663940635208,275.8397058001918,Micro (<10 ha)
24.254369369364575,5000.432432432193,2.8642283412882183,206.16625220312608,Small (10-50 ha)
4.00072072072071,1200.1261261263862,1.692594169167004,299.9774815349244,Micro (<10 ha)
5.250945945945569,1900.1621621623635,2.3391978706188645,361.8704480531822,Micro (<10 ha)
16.75301801801892,3100.234234234784,2.136697529333927,185.05526770760275,Small (10-50 ha)
5.000900900901761,1400.1801801803522,1.766260959208497,279.9855881822957,Micro (<10 ha)
6.001081081088632,2300.180180180818,2.648757367231129,383.2943013267122,Micro (<10 ha)
3.5006306306319313,1000.1261261263862,1.5079144262542115,285.698844481014,Micro (<10 ha)
3.500630630633095,1200.1081081083976,1.8094321126176773,342.8262603905045,Micro (<10 ha)
3.2505855855869594,1100.090090090409,1.7212443109953226,338.42828042066924,Micro (<10 ha)
6.5011711711727544,1300.090090090409,1.4383769519597032,199.97782797278418,Micro (<10 ha)
2.5004504504520444,900.0900900904089,1.6057277827949314,359.971176364517,Micro (<10 ha)
7.251306306308834,2300.234234234784,2.409677959529341,317.2165313487747,Micro (<10 ha)
7.251306306306506,2400.234234234318,2.514435897815093,331.00715000093425,Micro (<10 ha)
2.5004504504497165,1100.108108107932,1.962552607473177,439.9639704558324,Micro (<10 ha)
3.7506756756745743,1200.1261261259206,1.7481037410853324,319.9759803038883,Micro (<10 ha)
7.5013513513491485,1400.1261261259206,1.442090360071018,186.64985287938848,Micro (<10 ha)
3.0005405405396597,1200.1261261259206,1.9544393983942476,399.96997537986033,Micro (<10 ha)
3.7506756756745743,1100.108108107932,1.6024174938926425,293.30931363722163,Micro (<10 ha)
2.750495495494688,1000.0900900899433,1.7010956062245182,363.60360950530224,Micro (<10 ha)
9.251666666667443,2800.2882882887498,2.597094924879152,302.67933218755337,Micro (<10 ha)
11.252027027023724,3200.306306305807,2.691356520325322,284.4204247483327,Small (10-50 ha)
3.500630630629603,1200.0900900899433,1.8094049464149884,342.8211133129753,Micro (<10 ha)
4.500810810809489,1500.1261261259206,1.9946994309309822,333.30130707185106,Micro (<10 ha)
3.0005405405396597,1100.1261261259206,1.7915865651921827,366.64264697055495,Micro (<10 ha)
3.500630630629603,1400.1441441439092,2.111031297590414,399.9691175335707,Micro (<10 ha)
3.500630630629603,1100.108108107932,1.6586596863344998,314.2599788970232,Micro (<10 ha)
13.75247747747344,3200.27027026983,2.4343961574883664,232.70499991815097,Small (10-50 ha)
4.500810810809489,1500.1261261259206,1.9946994309309822,333.30130707185106,Micro (<10 ha)
24.254369369362248,5900.558558557648,3.379817102064514,243.27816851058367,Small (10-50 ha)
3.7506756756745743,1500.1621621618979,2.185136237618013,399.97117636466595,Micro (<10 ha)
2.7504954954958523,1000.1261261263862,1.701156901445325,363.61671115774215,Micro (<10 ha)
3.5006306306342596,1300.0900900908746,1.960177372698467,371.38739480643767,Micro (<10 ha)
9.251666666666278,3000.2522522527725,2.7825491861929144,324.2931636374958,Micro (<10 ha)
301.5543243243032,48204.48648648709,7.830684895040175,159.85340815290752,Large (200-500 ha)
7.251306306306506,2400.180180180352,2.5143792719025986,330.9996956124858,Micro (<10 ha)
3.0005405405396597,1000.0900900899433,1.6286750462845552,333.3033087131937,Micro (<10 ha)
4.500810810811817,1500.1441441443749,1.9947233892700562,333.3053103544674,Micro (<10 ha)
5.250945945947897,1400.1081081083976,1.7236054744904414,266.6392155853075,Micro (<10 ha)
354.813918918904,38003.567567566875,5.691400026311256,107.10844626208969,Large (200-500 ha)
4.750855855854461,1600.1261261259206,2.0709201666955943,336.80797201078866,Micro (<10 ha)
2.750495495494688,1000.0720720719546,1.7010649586143307,363.59705867908997,Micro (<10 ha)
7.001261261262698,1800.1621621623635,1.9191925753932213,257.1196952929734,Micro (<10 ha)
3.0005405405408236,1200.1621621623635,1.9544980841001895,399.98198522791625,Micro (<10 ha)
7.251306306304177,1900.108108107932,1.9905140792565077,262.03666316729806,Micro (<10 ha)
10.00180180180585,3400.3063063067384,3.033011009765564,339.9693748873133,Small (10-50 ha)
3.500630630629603,1400.1261261259206,2.1110041313875243,399.96397045583245,Micro (<10 ha)
5.500990990989376,1700.1621621618979,2.0448664412000914,309.06470578605996,Micro (<10 ha)
12.752297297297046,3000.288288288284,2.3700845553645413,235.27433672082125,Small (10-50 ha)
2.5004504504497165,800.1081081079319,1.4273635856827938,319.98558818233295,Micro (<10 ha)
3.0005405405396597,1200.108108107932,1.9544100555414663,399.96397045583245,Micro (<10 ha)
3.0005405405396597,1200.108108107932,1.9544100555414663,399.96397045583245,Micro (<10 ha)
2.5004504504497165,900.0720720719546,1.6056956393101085,359.9639704558324,Micro (<10 ha)
2.5004504504497165,1000.0720720719546,1.7840919799069028,399.9567645469989,Micro (<10 ha)
3.250585585584631,1000.1081081079319,1.5648085615608236,307.67013566512765,Micro (<10 ha)
3.250585585584631,1000.0900900899433,1.564780369859764,307.66459265833265,Micro (<10 ha)
5.500990990989376,1600.1441441439092,1.9245699817727964,290.8828876042418,Micro (<10 ha)
2.5004504504497165,1000.0900900899433,1.7841241233916427,399.9639704558324,Micro (<10 ha)
11.502072072068694,3500.2882882878184,2.911460085764868,304.3180625504703,Small (10-50 ha)
3.0005405405396597,900.0720720719546,1.465792870229709,299.9699753798604,Micro (<10 ha)
4.250765765764518,1700.108108107932,2.326151622960435,399.95337353107726,Micro (<10 ha)
3.500630630630767,1300.1441441443749,1.9602588713074116,371.40283603988985,Micro (<10 ha)
3.250585585589288,800.0720720724203,1.251824295887643,246.13167412645677,Micro (<10 ha)
4.500810810811817,1600.1441441443749,2.127692170773901,355.52352929399285,Micro (<10 ha)
4.500810810812982,1600.1621621623635,2.1277161291125966,355.52753257658617,Micro (<10 ha)
3.25058558559278,1300.1081081083976,2.034200384965342,399.9611989515755,Micro (<10 ha)
5.0009009009005965,1600.1621621623635,2.018528754682359,319.97477931910134,Micro (<10 ha)
6.751216216222383,1800.1261261263862,1.9543709317370836,266.637309260055,Micro (<10 ha)
7.7513963964011054,1700.1621621623635,1.7226436245340935,219.33624281577596,Micro (<10 ha)
5.500990990995197,1500.1261261263862,1.804273522345107,272.7010694222197,Micro (<10 ha)
3.5006306306319313,1100.1261261263862,1.6586868525375398,314.26512597468536,Micro (<10 ha)
2.750495495494688,800.0720720719546,1.3608764849796144,290.8828876042418,Micro (<10 ha)
12.002162162163295,3600.324324324727,2.931615083312389,299.97297784183553,Small (10-50 ha)
3.250585585584631,1200.0900900899433,1.8777082521306572,369.1919681832042,Micro (<10 ha)
6.001081081079319,1800.1621621618979,2.0729649052388215,299.9729778418743,Micro (<10 ha)
3.7506756756745743,1300.1441441439092,1.8937899882780223,346.642646970555,Micro (<10 ha)
3.500630630629603,1500.1261261259206,2.261776557670903,428.5302519495228,Micro (<10 ha)
6.751216216214234,1800.1441441439092,1.954390493639612,266.6399781154314,Micro (<10 ha)
4.250765765764518,1600.1621621618979,2.189401834366448,376.44091684597964,Micro (<10 ha)
6.501171171169262,1800.1801801798865,1.9916601936147718,276.9009048958969,Micro (<10 ha)
5.000900900899433,1000.0900900899433,1.261566266128735,199.9819852279162,Micro (<10 ha)
4.000720720719546,1500.108108107932,2.1156728294044393,374.95946676281153,Micro (<10 ha)
9.001621621618979,2600.27027026983,2.444855420834421,288.8668708341198,Micro (<10 ha)
3.0005405405396597,1300.108108107932,2.117262888743531,433.29129886513783,Micro (<10 ha)
3.250585585584631,1200.0900900899433,1.8777082521306572,369.1919681832042,Micro (<10 ha)
3.0005405405396597,1000.0900900899433,1.6286750462845552,333.3033087131937,Micro (<10 ha)
3.0005405405408236,1000.1081081083976,1.6287043891377788,333.3093136372475,Micro (<10 ha)
6.5011711711704265,2100.1621621623635,2.3235504004362277,323.04366503616683,Micro (<10 ha)
5.250945945949061,1900.1981981983408,2.339242232841639,361.8773108232591,Micro (<10 ha)
2.500450450453209,900.1081081083976,1.6057599262792974,359.9783822731829,Micro (<10 ha)
88.51594594594441,13401.333333333489,4.018207131749181,151.400215973713,Medium (50-200 ha)
6.001081081082812,1600.1441441443749,1.8426354713233968,266.64264697047736,Micro (<10 ha)
5.000900900902925,1500.1081081083976,1.8923153058789834,299.96757341013284,Micro (<10 ha)
16.75301801801892,3800.378378378693,2.619240508328918,226.84738799248876,Small (10-50 ha)
146.7764414414391,27802.432432431728,6.473656997887924,189.42026499207878,Medium (50-200 ha)
4.000720720725367,1200.1081081083976,1.6925687575100907,299.97297784155427,Micro (<10 ha)
4.000720720719546,1000.0900900899433,1.410473964592221,249.9774815348953,Micro (<10 ha)
7.751396396403433,2200.2162162163295,2.229309957492783,283.84772287444963,Micro (<10 ha)
2.5004504504497165,900.0900900899433,1.6057277827948484,359.97117636466595,Micro (<10 ha)
2.5004504504497165,900.0900900899433,1.6057277827948484,359.97117636466595,Micro (<10 ha)
2.5004504504497165,1000.0900900899433,1.7841241233916427,399.9639704558324,Micro (<10 ha)
156.27815315315615,33702.97297297465,7.605261386554217,215.66016933886442,Medium (50-200 ha)
3.500630630629603,1100.108108107932,1.6586596863344998,314.2599788970232,Micro (<10 ha)
2.750495495494688,1100.108108107932,1.8712204906520638,399.9672458689386,Micro (<10 ha)
4.7508558558567895,1500.1981981983408,1.9415911358253086,315.7743033497674,Micro (<10 ha)
8.251486486487556,2700.2882882887498,2.651789852677074,327.24870757658994,Micro (<10 ha)
3.250585585584631,800.0900900899433,1.2518524875888708,246.13721713346115,Micro (<10 ha)
14.252567567569203,3800.324324324727,2.8396785120242285,266.64138277597925,Small (10-50 ha)
21.003783783785767,5400.504504504614,3.3241501406458074,257.1205531392694,Small (10-50 ha)
4.500810810809489,1500.1801801798865,1.9947713059478944,333.3133169199069,Micro (<10 ha)
2.750495495494688,900.0720720719546,1.5309707217969726,327.23997314166587,Micro (<10 ha)
3.7506756756745743,1000.0900900899433,1.4567312466999527,266.64264697055495,Micro (<10 ha)
44.25797297297511,8900.84684684733,3.7742497655606266,201.1128447360746,Small (10-50 ha)
5.500990990989376,1700.1621621618979,2.0448664412000914,309.06470578605996,Micro (<10 ha)
131.2736486486497,21901.981981982477,5.392494454923934,166.8421820178285,Medium (50-200 ha)
5.500990990989376,1700.1621621618979,2.0448664412000914,309.06470578605996,Micro (<10 ha)
3.7506756756745743,1400.108108107932,2.0393975003345446,373.29490181955464,Micro (<10 ha)
3.500630630629603,1300.108108107932,1.9602045389012566,371.39254188440384,Micro (<10 ha)
9.001621621618979,2400.252252251841,2.256792225555458,266.64665025324024,Micro (<10 ha)
4.000720720719546,1100.0900900899433,1.5515086552234791,274.97297784187435,Micro (<10 ha)
2.5004504504497165,1100.1441441439092,1.9626168944426565,439.97838227349945,Micro (<10 ha)
4.250765765764518,1500.1441441439092,2.052553434062801,352.9115050812738,Micro (<10 ha)
75.51360360358959,20001.76576576475,6.49308079826403,264.8763244138696,Medium (50-200 ha)
2.5004504504497165,1100.0720720719546,1.9624883205036974,439.9495586381654,Micro (<10 ha)
6.501171171169262,1700.1621621618979,1.8810035452837324,261.5162895112815,Micro (<10 ha)
4.750855855854461,1500.0900900899433,1.9414512198165346,315.7515478482447,Micro (<10 ha)
17.00306306305807,4200.378378377762,2.873557550638731,247.0365699874259,Small (10-50 ha)
4.000720720726531,1000.0720720724203,1.4104485529357185,249.9729778415543,Micro (<10 ha)
3.000540540541988,1100.090090090409,1.7915278794866831,366.6306371223698,Micro (<10 ha)
15.002702702699462,3500.34234234225,2.549299365509199,233.3141175764569,Small (10-50 ha)
5.250945945945569,1800.1981981983408,2.2161370622838743,342.83312316104383,Micro (<10 ha)
2.500450450456701,1100.0720720724203,1.962488320501787,439.94955863712266,Micro (<10 ha)
2.5004504504520444,1000.1081081088632,1.7841562668772133,399.971176364666,Micro (<10 ha)
3.000540540543152,1000.1081081083976,1.6287043891371469,333.30931363698886,Micro (<10 ha)
2.75049549549818,1100.1081081083976,1.8712204906516678,399.96724586860006,Micro (<10 ha)
2.7504954955005085,900.0720720724203,1.5309707217961448,327.2399731411426,Micro (<10 ha)
12.002162162166787,3400.3603603602387,2.768791592962355,283.31231609908207,Small (10-50 ha)
6.501171171176248,2000.1801801803522,2.212933621190192,307.66459265807373,Micro (<10 ha)
6.75121621621889,2000.1621621628292,2.1715471664778145,296.26693888987114,Micro (<10 ha)
4.7508558558567895,1300.090090090409,1.6826066033977034,273.653869857507,Micro (<10 ha)
6.001081081086304,1800.1801801803522,2.0729856537683324,299.9759803036167,Micro (<10 ha)
7.7513963963987775,2400.180180180818,2.4319180706053984,309.644876540686,Micro (<10 ha)
3.250585585584631,1200.108108107932,1.8777364438317168,369.1975111899992,Micro (<10 ha)
4.25076576576801,1500.1621621623635,2.05257808699001,352.91574385099545,Micro (<10 ha)
3.500630630629603,900.0720720719546,1.3570605013619637,257.117121754166,Micro (<10 ha)
2.750495495494688,1100.0900900899433,1.8711898430418763,399.96069504272634,Micro (<10 ha)
15.002702702702955,4100.414414414205,2.986331862041515,273.311715606779,Small (10-50 ha)
2.750495495494688,1000.0900900899433,1.7010956062245182,363.60360950530224,Micro (<10 ha)
4.000720720719546,1100.108108107932,1.5515340668794073,274.97748153489533,Micro (<10 ha)
3.7506756756745743,1400.1441441439092,2.039449990425323,373.3045096979993,Micro (<10 ha)
5.000900900899433,1900.1801801798865,2.396987270082612,379.9675734102492,Micro (<10 ha)
4.500810810809489,1300.0720720719546,1.728689992906312,288.8528593447213,Micro (<10 ha)
8.001441441439091,2600.198198197875,2.593088895622152,324.96622230234294,Micro (<10 ha)
3.500630630629603,1000.1081081079319,1.5078872600511215,285.6936974033328,Micro (<10 ha)
4.000720720719546,1300.1261261259206,1.8336288597978516,324.97297784187435,Micro (<10 ha)
8.001441441440257,2500.252252252307,2.4934162157572097,312.4752296883975,Micro (<10 ha)
4.000720720719546,1100.0900900899433,1.5515086552234791,274.97297784187435,Micro (<10 ha)
5.500990990989376,1800.1441441439092,2.1651195583614053,327.23997314166587,Micro (<10 ha)
4.500810810809489,1500.1621621618979,1.9947473476089237,333.30931363722163,Micro (<10 ha)
4.500810810809489,1100.0900900899433,1.4627763882375242,244.42042474833275,Micro (<10 ha)
4.750855855854461,1800.1621621618979,2.3298114217841652,378.9132351686834,Micro (<10 ha)
2.5004504504497165,800.0720720719546,1.4272992987133142,319.97117636466595,Micro (<10 ha)
85.76545045044506,16801.639639638364,5.117885286527609,195.90219081687545,Medium (50-200 ha)
3.0005405405396597,900.0720720719546,1.465792870229709,299.9699753798604,Micro (<10 ha)
8.501531531529036,2700.252252251841,2.6124670406515147,317.61950681916596,Micro (<10 ha)
2.5004504504497165,1000.0720720719546,1.7840919799069028,399.9567645469989,Micro (<10 ha)
11.502072072068694,3900.2342342338525,3.2441260155917324,339.08970573268016,Small (10-50 ha)
4.000720720719546,1200.0900900899433,1.6925433458547372,299.96847414885343,Micro (<10 ha)
3.7506756756769026,1600.1801801803522,2.3308224848106573,426.63784303119195,Micro (<10 ha)
5.500990990992868,1600.1261261263862,1.924548310639755,290.8796121910356,Micro (<10 ha)
48.00864864865085,9900.936936936807,4.0309890788371465,206.23236053562707,Small (10-50 ha)
5.250945945949061,2000.1981981983408,2.4623474034001402,380.9214984857025,Micro (<10 ha)
5.000900900901761,1700.1621621623635,2.1446740168569534,339.9711763646008,Micro (<10 ha)
3.5006306306342596,1300.1261261263862,1.9602317051035443,371.39768896178106,Micro (<10 ha)
7.751396396399941,1800.1981981983408,1.8240024499076077,232.2417931089713,Micro (<10 ha)
3.2505855855869594,1100.1081081083976,1.721272502696382,338.4338234274643,Micro (<10 ha)
2.500450450456701,1100.090090090409,1.9625204639865266,439.95676454595616,Micro (<10 ha)
4.750855855859117,1700.1441441448405,2.200365794240007,357.8606035895813,Micro (<10 ha)
5.751036036041333,1900.1801801812835,2.235202154643145,330.40658557397137,Micro (<10 ha)
4.750855855857953,1400.1261261263862,1.8120755502765094,294.71029401996844,Micro (<10 ha)
2.750495495497016,1000.0900900904089,1.70109560622459,363.6036095051637,Micro (<10 ha)
2.5004504504497165,1000.0900900899433,1.7841241233916427,399.9639704558324,Micro (<10 ha)
3.0005405405408236,1200.1261261263862,1.9544393983946267,399.9699753798604,Micro (<10 ha)
3.0005405405396597,1200.108108107932,1.9544100555414663,399.96397045583245,Micro (<10 ha)
2.750495495494688,800.0360360359773,1.3608151897592398,290.8697859518172,Micro (<10 ha)
2.750495495494688,1200.0900900899433,2.0412840798592344,436.3177805801504,Micro (<10 ha)
4.000720720719546,1500.108108107932,2.1156728294044393,374.95946676281153,Micro (<10 ha)
4.000720720719546,1000.1081081079319,1.4104993762481493,249.98198522791625,Micro (<10 ha)
3.0005405405396597,900.054054053966,1.4657635273769276,299.96397045583245,Micro (<10 ha)
2.5004504504497165,1100.108108107932,1.962552607473177,439.9639704558324,Micro (<10 ha)
2.750495495494688,1200.1621621618979,2.0414066702999842,436.34398388499955,Micro (<10 ha)
3.0005405405396597,900.0900900899433,1.4658222130824903,299.97598030388826,Micro (<10 ha)
2.750495495494688,900.0720720719546,1.5309707217969726,327.23997314166587,Micro (<10 ha)
3.500630630629603,800.0900900899433,1.206315241281475,228.5559873382139,Micro (<10 ha)
5.500990990989376,1600.108108107932,1.924526639506815,290.8763367780295,Micro (<10 ha)
3.0005405405396597,1000.0720720719546,1.6286457034317738,333.29730378916577,Micro (<10 ha)
3.250585585584631,1200.0720720719546,1.8776800604295978,369.18642517640916,Micro (<10 ha)
22.254009009004804,5100.432432432193,3.0499866392539885,229.19162252376046,Small (10-50 ha)
2.5004504504497165,800.0720720719546,1.4272992987133142,319.97117636466595,Micro (<10 ha)
2.5004504504497165,1000.1081081079319,1.7841562668763826,399.97117636466595,Micro (<10 ha)
3.250585585584631,1100.0900900899433,1.7212443109952107,338.42828042076843,Micro (<10 ha)
5.000900900899433,1800.1801801798865,2.2708420079077536,359.97117636466595,Micro (<10 ha)
2.5004504504497165,900.0720720719546,1.6056956393101085,359.9639704558324,Micro (<10 ha)
2.5004504504497165,1100.054054053966,1.9624561770189575,439.9423527293319,Micro (<10 ha)
8.001441441439091,2300.198198197875,2.293909137238424,287.47297784187435,Micro (<10 ha)
4.000720720719546,1000.0900900899433,1.410473964592221,249.9774815348953,Micro (<10 ha)
3.7506756756745743,1400.1261261259206,2.0394237453799335,373.29970575877695,Micro (<10 ha)
2.750495495494688,900.0900900899433,1.53100136940716,327.24652396787815,Micro (<10 ha)
5.751036036034347,1400.108108107932,1.6469620579241704,243.45319683883997,Micro (<10 ha)
7.5013513513491485,2000.1981981978752,2.060147643865307,266.64504894016613,Micro (<10 ha)
4.000720720723039,1300.1261261263862,1.833628859797708,324.972977841707,Micro (<10 ha)
2.5004504504578655,1100.0720720724203,1.96248832050133,439.9495586369178,Micro (<10 ha)
4.7508558558567895,1700.1261261263862,2.200342474905169,357.85681100606206,Micro (<10 ha)
5.751036036039004,1400.1441441443749,1.64700444749642,243.45946284640513,Micro (<10 ha)
3.500630630633095,1100.0720720724203,1.658605353928595,314.24968474136625,Micro (<10 ha)
6.001081081082812,1900.1621621623635,2.188119247931343,316.6366420464204,Micro (<10 ha)
6.75121621621889,1800.1981981983408,1.954449179345006,266.6479846806871,Micro (<10 ha)
4.0007207207218745,1400.1261261263862,1.9746635504291916,349.9684741487661,Micro (<10 ha)
2.7504954954993446,1000.0900900904089,1.7010956062238705,363.6036095048559,Micro (<10 ha)
4.0007207207218745,1200.1081081083976,1.6925687575108295,299.97297784181615,Micro (<10 ha)
4.500810810811817,1600.1261261263862,2.1276682124349304,355.51952601130756,Micro (<10 ha)
2.7504954954958523,1200.1801801803522,2.0414373179105314,436.35053471119636,Micro (<10 ha)
3.2505855855869594,1000.1261261263862,1.564836753262051,307.67567867184556,Micro (<10 ha)
2.5004504504497165,900.054054053966,1.6056634958253688,359.9567645469989,Micro (<10 ha)
5.500990990989376,1500.108108107932,1.8042518512125107,272.6977940093175,Micro (<10 ha)
3.250585585584631,900.1081081079319,1.408344620425377,276.9064479026919,Micro (<10 ha)
3.250585585584631,1300.1261261259206,2.034228576668223,399.96674195923,Micro (<10 ha)
4.250765765764518,1800.1441441439092,2.4630246761914973,423.4870240656852,Micro (<10 ha)
11.001981981978751,2800.2342342338525,2.381518524909232,254.52088894715848,Small (10-50 ha)
14.002522522518412,3600.306306305807,2.7141345858253723,257.1184085236006,Small (10-50 ha)
2443.9402702703,284526.14414414205,16.235734943059892,116.4210711715444,Core (>500 ha)
7.001261261259206,2000.1621621618979,2.1324169854750545,285.68597678672546,Micro (<10 ha)
4.250765765764518,1400.0900900899433,1.9156557279043238,329.37361577676376,Micro (<10 ha)
22.254009009004804,3600.378378378693,2.1529754772337024,161.78560801884484,Small (10-50 ha)
4.750855855854461,1800.1621621618979,2.3298114217841652,378.9132351686834,Micro (<10 ha)
3.500630630629603,1200.0900900899433,1.8094049464149884,342.8211133129753,Micro (<10 ha)
14.502612612611847,4300.432432432193,3.185547411971272,296.52811857447165,Small (10-50 ha)
2.750495495494688,900.0720720719546,1.5309707217969726,327.23997314166587,Micro (<10 ha)
3.500630630629603,1400.1441441439092,2.111031297590414,399.9691175335707,Micro (<10 ha)
3.0005405405396597,1300.1261261259206,2.1172922315963123,433.29730378916577,Micro (<10 ha)
3.250585585584631,1200.0900900899433,1.8777082521306572,369.1919681832042,Micro (<10 ha)
3.250585585584631,1300.108108107932,2.0342003849671633,399.961198952435,Micro (<10 ha)
2.5004504504497165,1100.108108107932,1.962552607473177,439.9639704558324,Micro (<10 ha)
3.250585585584631,1300.1441441439092,2.0342567683692825,399.972284966025,Micro (<10 ha)
7.5013513513491485,1900.2162162158638,1.9571690266488708,253.31651954605516,Micro (<10 ha)
3.0005405405396597,1200.108108107932,1.9544100555414663,399.96397045583245,Micro (<10 ha)
3.250585585584631,1400.108108107932,2.19066432610261,430.7248867148707,Micro (<10 ha)
26.0046846846852,5700.594594594557,3.1534752629187377,219.21414021035133,Small (10-50 ha)
2.5004504504497165,700.054054053966,1.24887081463178,279.97117636466595,Micro (<10 ha)
8.501531531529036,2000.1981981978752,1.9351717467154397,235.27504318249953,Micro (<10 ha)
3.250585585584631,1000.1081081079319,1.5648085615608236,307.67013566512765,Micro (<10 ha)
3.250585585584631,1200.108108107932,1.8777364438317168,369.1975111899992,Micro (<10 ha)
4.500810810809489,1300.1261261259206,1.728761867923224,288.8648691927772,Micro (<10 ha)
8.251486486484064,1700.1621621618979,1.6696264576937216,206.04313719070666,Micro (<10 ha)
9.50171171171125,2700.252252252307,2.4711464274741815,284.18587452239103,Micro (<10 ha)
2.5004504504520444,800.0720720724203,1.4272992987134803,319.97117636455425,Micro (<10 ha)
18.7533783783752,3200.3243243242614,2.0847275335266295,170.65321563684776,Small (10-50 ha)
5.0009009009005965,2100.198198198341,2.649300523308638,419.96397045582785,Micro (<10 ha)
2.75049549549818,1000.0720720728859,1.701064958614835,363.5970586789669,Micro (<10 ha)
8.001441441443749,2000.1801801808178,1.994711410100816,249.9774815348662,Micro (<10 ha)
13.252387387390481,3500.288288288284,2.712388045601941,264.12511089275694,Small (10-50 ha)
7.2513063063158185,2000.1441441448405,2.0953097681500004,275.832251411409,Micro (<10 ha)
3.250585585591616,1100.090090090409,1.7212443109940896,338.4282804201844,Micro (<10 ha)
4.000720720725367,1500.1261261263862,2.1156982410594853,374.9639704554033,Micro (<10 ha)
35.006306306304175,8600.828828828875,4.100739941037808,245.69369740331555,Small (10-50 ha)
7.251306306306506,2200.234234234318,2.304920021243388,303.4259126966904,Micro (<10 ha)
3.5006306306319313,1200.1261261263862,1.8094592788208679,342.83140746835676,Micro (<10 ha)
7.251306306309998,1900.1621621623635,1.9905707051686914,262.0441175556004,Micro (<10 ha)
5.250945945949061,1600.126126126852,1.969837996719603,304.73102229538256,Micro (<10 ha)
2.5004504504497165,1000.0360360359773,1.7840276929374232,399.9423527293319,Micro (<10 ha)
115.52081081082927,24502.252252253238,6.430888213404914,212.10249547483545,Medium (50-200 ha)
9.751756756759715,2200.1621621623635,1.9875054561020253,225.617005944827,Micro (<10 ha)
4.750855855854461,1000.0900900899433,1.2943396787689805,210.50735287149078,Micro (<10 ha)
3.500630630630767,1300.1261261263862,1.960231705104522,371.3976889621516,Micro (<10 ha)
17.50315315315267,4800.5585585585795,3.2368956072547936,274.2682142213846,Small (10-50 ha)
4.000720720719546,1400.1621621618979,1.9747143737409658,349.97748153489533,Micro (<10 ha)
5.000900900899433,1700.1261261259206,2.1446285591048038,339.9639704558324,Micro (<10 ha)
3.0005405405396597,900.1081081079319,1.4658515559352716,299.9819852279162,Micro (<10 ha)
3.7506756756745743,1500.1441441439092,2.1851099925726234,399.96637242544364,Micro (<10 ha)
12.002162162163295,3000.288288288284,2.4430272408531284,249.97898276584408,Small (10-50 ha)
4.0007207207218745,1500.1801801803522,2.115774476028193,374.9774815347934,Micro (<10 ha)
13.002342342340853,3200.2702702702954,2.5036344959252324,246.13028837495912,Small (10-50 ha)
3.0005405405396597,1200.1261261259206,1.9544393983942476,399.96997537986033,Micro (<10 ha)
5.500990990989376,1900.1621621618979,2.2854160177887004,345.42179132348406,Micro (<10 ha)
10.00180180180003,2100.234234234318,1.873370508917456,209.9855881823551,Small (10-50 ha)
3.500630630629603,1200.1441441439092,1.8094864450236574,342.83655454619,Micro (<10 ha)
5.250945945944404,1500.108108107932,1.8467106450489974,285.6834032478564,Micro (<10 ha)
3.0005405405396597,1300.1621621618979,2.117350917301875,433.30931363722163,Micro (<10 ha)
3.0005405405396597,1100.108108107932,1.7915572223394014,366.636642046527,Micro (<10 ha)
4.250765765764518,1400.1261261259206,1.915705033759154,329.3820933165679,Micro (<10 ha)
2.5004504504497165,800.0720720719546,1.4272992987133142,319.97117636466595,Micro (<10 ha)
2.750495495494688,900.0900900899433,1.53100136940716,327.24652396787815,Micro (<10 ha)
3.0005405405396597,1200.0900900899433,1.9543807126886847,399.9579655318045,Micro (<10 ha)
3.250585585584631,1100.108108107932,1.72127250269627,338.4338234275634,Micro (<10 ha)
3.500630630629603,1100.0900900899433,1.65863252013161,314.25483181928496,Micro (<10 ha)
2.5004504504497165,1000.1081081079319,1.7841562668763826,399.97117636466595,Micro (<10 ha)
35.756441441439094,7300.558558558114,3.444086192335265,204.17463998800793,Small (10-50 ha)
5.751036036034347,1600.1621621618979,1.8822877693123041,278.23893853833283,Micro (<10 ha)
3.7506756756745743,1100.0900900899433,1.6023912488472534,293.3045096979993,Micro (<10 ha)
5.500990990989376,1600.0900900899433,1.9245049683738245,290.8730613649234,Micro (<10 ha)
4.250765765764518,1200.108108107932,1.6420328860792748,282.3275085570582,Micro (<10 ha)
3.250585585584631,900.1081081079319,1.408344620425377,276.9064479026919,Micro (<10 ha)
2.5004504504497165,1000.1081081079319,1.7841562668763826,399.97117636466595,Micro (<10 ha)
4.250765765764518,1500.1261261259206,2.052528781135386,352.9072663113717,Micro (<10 ha)
5.000900900899433,1800.1801801798865,2.2708420079077536,359.97117636466595,Micro (<10 ha)
5.751036036034347,1700.1801801798865,1.9999400276132788,295.6302428861589,Micro (<10 ha)
2.5004504504497165,800.0720720719546,1.4272992987133142,319.97117636466595,Micro (<10 ha)
3.250585585584631,1100.1261261259206,1.7213006943973297,338.4393664343584,Micro (<10 ha)
6.501171171171591,1400.1441441443749,1.5490734693768364,215.36798636422483,Micro (<10 ha)
5.250945945951389,1100.0720720724203,1.3542456005908938,209.49978982750784,Micro (<10 ha)
4.750855855855625,1700.1801801803522,2.200412432909762,357.8681887569395,Micro (<10 ha)
2.500450450455537,1000.0720720724203,1.7840919799056572,399.9567645462541,Micro (<10 ha)
3.2505855855939445,1300.0540540544316,2.0341158098617993,399.9445699310473,Micro (<10 ha)
5.250945945952553,1300.1081081083976,1.6005003039312167,247.59502792264036,Micro (<10 ha)
4.000720720725367,1100.0720720724203,1.5514832435670791,274.9684741485697,Micro (<10 ha)
9.501711711717071,2400.234234234318,2.196583762898509,252.61071973741954,Micro (<10 ha)
2.75049549549818,900.0900900904089,1.5310013694069802,327.24652396763196,Micro (<10 ha)
5.7510360360436605,2000.1261261263862,2.3527696337977395,347.78535790611096,Micro (<10 ha)
3.7506756756803954,1000.0900900904089,1.4567312466995006,266.6426469702653,Micro (<10 ha)
32.005765765761026,7200.594594594557,3.5904535850497035,224.97804449651926,Small (10-50 ha)
3.250585585584631,1200.0900900899433,1.8777082521306572,369.1919681832042,Micro (<10 ha)
3.2505855855869594,1200.1261261263862,1.8777646355328321,369.203054196673,Micro (<10 ha)
3.750675675678067,1100.1261261263862,1.6024437389379638,293.314117576295,Micro (<10 ha)
21.75391891892301,5800.576576577034,3.50830610958972,266.64513176664025,Small (10-50 ha)
2.5004504504497165,900.0720720719546,1.6056956393101085,359.9639704558324,Micro (<10 ha)
17.753198198198806,5500.594594595488,3.6827005349760267,309.8368267613643,Small (10-50 ha)
2.5004504504497165,700.0900900899433,1.2489351016012598,279.98558818233295,Micro (<10 ha)
56.260135135132586,11601.063063063193,4.363072906913677,206.20396725315925,Medium (50-200 ha)
4.000720720719546,1300.1261261259206,1.8336288597978516,324.97297784187435,Micro (<10 ha)
5.250945945944404,1900.1801801798865,2.3392200517303263,361.87387943833255,Micro (<10 ha)
3.0005405405396597,800.0720720719546,1.302940037027644,266.64264697055495,Micro (<10 ha)
4.500810810809489,1100.0720720719546,1.4627524298985537,244.41642146564746,Micro (<10 ha)
7.5013513513491485,2200.198198197875,2.266141994397314,293.30691166761045,Micro (<10 ha)
6.751216216214234,1500.1441441439092,1.6286848272354821,222.20354023635755,Micro (<10 ha)
4.000720720719546,1100.0900900899433,1.5515086552234791,274.97297784187435,Micro (<10 ha)
2.5004504504497165,900.0720720719546,1.6056956393101085,359.9639704558324,Micro (<10 ha)
5.500990990989376,1400.1441441439092,1.6840204051841876,254.5258020668177,Micro (<10 ha)
2.750495495494688,1000.1261261259206,1.701156901444893,363.6167111577268,Micro (<10 ha)
3.7506756756745743,1500.1261261259206,2.1850837475272344,399.96156848622127,Micro (<10 ha)
10.501891891888809,2100.1801801798865,1.8281753630682234,199.98112738162652,Small (10-50 ha)
2.5004504504497165,1000.0900900899433,1.7841241233916427,399.9639704558324,Micro (<10 ha)
5.751036036034347,2000.2162162158638,2.3528756077300184,347.80102292579653,Micro (<10 ha)
4.000720720719546,1500.1981981978752,2.1157998876840804,374.98198522791625,Micro (<10 ha)
5.751036036034347,1500.1621621618979,1.7646567057975138,260.8507671943474,Micro (<10 ha)
2.750495495494688,1000.0720720719546,1.7010649586143307,363.59705867908997,Micro (<10 ha)
5.751036036034347,2100.162162161898,2.470443086886256,365.17979525825996,Micro (<10 ha)
2.750495495494688,900.0900900899433,1.53100136940716,327.24652396787815,Micro (<10 ha)
10.501891891888809,3300.3243243237957,2.8728828491976106,314.2599788970232,Small (10-50 ha)
3.7506756756745743,1300.1261261259206,1.893763743232633,346.63784303133264,Micro (<10 ha)
6.251126126124291,1700.1621621618979,1.918254756507792,271.9769410917328,Micro (<10 ha)
2.750495495494688,1000.0900900899433,1.7010956062245182,363.60360950530224,Micro (<10 ha)
4.000720720719546,1300.108108107932,1.8336034481419234,324.96847414885343,Micro (<10 ha)
3.7506756756745743,1000.0900900899433,1.4567312466999527,266.64264697055495,Micro (<10 ha)
2.7504954954958523,800.0720720724203,1.3608764849801185,290.88288760428793,Micro (<10 ha)
4.750855855857953,1700.090090090409,2.20029583623535,357.84922583878125,Micro (<10 ha)
6.001081081081647,2200.198198198341,2.5336237730697153,366.6336395844484,Micro (<10 ha)
2.75049549549818,1000.1081081083976,1.7011262538344176,363.6101603312221,Micro (<10 ha)
3.000540540541988,1200.1261261263862,1.9544393983942474,399.9699753797052,Micro (<10 ha)
3.2505855855869594,1300.1081081083976,2.0342003849671633,399.96119895229174,Micro (<10 ha)
3.750675675678067,1100.1441441443749,1.602469983983353,293.31892151551733,Micro (<10 ha)
4.750855855855625,1700.1981981983408,2.2004357522445366,357.8719813405361,Micro (<10 ha)
3.500630630630767,1000.0900900904089,1.5078600938486828,285.6885503256326,Micro (<10 ha)
5.5009909909917045,2000.1621621623635,2.4056908060830557,363.6003340921268,Micro (<10 ha)
5.500990990989376,1200.0720720719546,1.443384144063616,218.15561487696905,Micro (<10 ha)
3.0005405405408236,1100.1261261263862,1.7915865651925935,366.6426469705679,Micro (<10 ha)
2.5004504504508804,900.1261261263862,1.605792069764785,359.9855881823516,Micro (<10 ha)
4.500810810809489,1700.108108107932,2.26061303559977,377.73374166823965,Micro (<10 ha)
2.750495495494688,1200.1261261259206,2.0413453750796093,436.33088223257494,Micro (<10 ha)
6.001081081079319,2000.1621621618979,2.303273590624065,333.30030625117973,Micro (<10 ha)
4.500810810809489,1600.0900900899433,2.12762029575692,355.5115194460174,Micro (<10 ha)
4.000720720719546,1000.0900900899433,1.410473964592221,249.9774815348953,Micro (<10 ha)
332.55990990991035,42803.963963962626,6.621312888200143,128.71053511999722,Large (200-500 ha)
3.0005405405396597,1000.0900900899433,1.6286750462845552,333.3033087131937,Micro (<10 ha)
2.750495495494688,1000.1081081079319,1.7011262538347056,363.6101603315145,Micro (<10 ha)
2.5004504504497165,900.0900900899433,1.6057277827948484,359.97117636466595,Micro (<10 ha)
2.5004504504497165,1000.054054053966,1.7840598364221631,399.9495586381654,Micro (<10 ha)
4.500810810809489,1600.1441441439092,2.127692170773832,355.5235292940733,Micro (<10 ha)
4.250765765764518,1400.1261261259206,1.915705033759154,329.3820933165679,Micro (<10 ha)
5.250945945944404,1900.1621621618979,2.33919787061855,361.87044805317373,Micro (<10 ha)
3.250585585584631,1200.0720720719546,1.8776800604295978,369.18642517640916,Micro (<10 ha)
5.500990990989376,1900.1801801798865,2.285437688921691,345.42506673659017,Micro (<10 ha)
4.000720720719546,1400.1261261259206,1.9746635504291095,349.96847414885343,Micro (<10 ha)
2.750495495494688,800.0720720719546,1.3608764849796144,290.8828876042418,Micro (<10 ha)
2.75049549549818,1200.090090090409,2.0412840798587304,436.3177805797657,Micro (<10 ha)
6.001081081086304,1600.1261261263862,1.8426147227926797,266.63964450830827,Micro (<10 ha)
2.75049549549818,1000.0540540544316,1.7010343110038555,363.5905078525853,Micro (<10 ha)
15.502792792803374,3500.2882882887498,2.507805853169702,225.78436898889828,Small (10-50 ha)
2.500450450453209,1100.1081081083976,1.962552607472637,439.96397045540414,Micro (<10 ha)
4.25076576576801,1400.1621621623635,1.915754339613834,329.39057085621096,Micro (<10 ha)
7.00126126126619,1400.1261261263862,1.492705336416688,199.9819852277832,Micro (<10 ha)
2.750495495494688,1100.0900900899433,1.8711898430418763,399.96069504272634,Micro (<10 ha)
3.250585585588124,1300.1261261263862,2.0342285766678585,399.96674195894343,Micro (<10 ha)
3.0005405405408236,1000.1081081083976,1.6287043891377788,333.3093136372475,Micro (<10 ha)
2.5004504504508804,900.1081081083976,1.605759926280045,359.9783822735181,Micro (<10 ha)
3.0005405405396597,1100.0900900899433,1.79152787948662,366.6306371224991,Micro (<10 ha)
12.252207207204775,2700.2162162163295,2.1761380496660463,220.3861043607308,Small (10-50 ha)
11.502072072076844,2800.2522522527725,2.329186052984288,243.4563298425891,Small (10-50 ha)
6.251126126124291,1500.1261261259206,1.6925585928482942,239.97694109173275,Micro (<10 ha)
4.500810810809489,1200.108108107932,1.595769128080374,266.64264697055495,Micro (<10 ha)
2.5004504504497165,1100.108108107932,1.962552607473177,439.9639704558324,Micro (<10 ha)
3.7506756756745743,1400.1441441439092,2.039449990425323,373.3045096979993,Micro (<10 ha)
4.000720720719546,1400.1261261259206,1.9746635504291095,349.96847414885343,Micro (<10 ha)
2.750495495494688,1000.0720720719546,1.7010649586143307,363.59705867908997,Micro (<10 ha)
5.500990990989376,2000.2162162158638,2.405755819481977,363.6101603315145,Micro (<10 ha)
6.001081081079319,1700.1441441439092,1.9577898140160186,283.30631117520767,Micro (<10 ha)
9.001621621618979,1600.1441441439092,1.5045055622317025,177.76176464703664,Micro (<10 ha)
2.750495495494688,1100.0900900899433,1.8711898430418763,399.96069504272634,Micro (<10 ha)
4.500810810809489,1500.108108107932,1.9946754725920117,333.29730378916577,Micro (<10 ha)
3.7506756756745743,1200.0720720719546,1.7480250059491649,319.96156848622127,Micro (<10 ha)
25.754639639632078,6500.504504503682,3.6133862929156066,252.40129916244274,Small (10-50 ha)
2.5004504504497165,1100.1441441439092,1.9626168944426565,439.97838227349945,Micro (<10 ha)
9.25166666666395,1800.1621621618979,1.6695395380766416,194.5770667082428,Micro (<10 ha)
3.7506756756745743,1600.1441441439092,2.3307699947199243,426.62823515288795,Micro (<10 ha)
3.2505855855869594,1100.090090090409,1.7212443109953226,338.42828042066924,Micro (<10 ha)
2.7504954955005085,1000.0900900904089,1.7010956062235103,363.6036095047021,Micro (<10 ha)
4.25076576576801,1200.090090090409,1.6420082331518224,282.3232697870337,Micro (<10 ha)
2.750495495497016,1000.1081081083976,1.7011262538347776,363.610160331376,Micro (<10 ha)
3.500630630629603,1000.0900900899433,1.5078600938482318,285.6885503255946,Micro (<10 ha)
2.5004504504497165,800.054054053966,1.4272671552285743,319.9639704558324,Micro (<10 ha)
2.5004504504497165,800.0900900899433,1.427331442198054,319.97838227349945,Micro (<10 ha)
2.750495495494688,1000.0900900899433,1.7010956062245182,363.60360950530224,Micro (<10 ha)
2.5004504504497165,1100.0900900899433,1.962520463988437,439.9567645469989,Micro (<10 ha)
3.250585585584631,1000.0900900899433,1.564780369859764,307.66459265833265,Micro (<10 ha)
2.750495495494688,900.0900900899433,1.53100136940716,327.24652396787815,Micro (<10 ha)
3.0005405405396597,1100.108108107932,1.7915572223394014,366.636642046527,Micro (<10 ha)
38.25689189189114,6900.666666666977,3.1472502424249957,180.37708568085822,Small (10-50 ha)
3.7506756756745743,1000.1081081079319,1.4567574917453419,266.6474509097773,Micro (<10 ha)
3.0005405405396597,1000.0720720719546,1.6286457034317738,333.29730378916577,Micro (<10 ha)
3.7506756756745743,1300.0900900899433,1.8937112531418547,346.62823515288795,Micro (<10 ha)
4.500810810809489,1400.1261261259206,1.861730649427103,311.0830881323141,Micro (<10 ha)
3.500630630629603,1100.0900900899433,1.65863252013161,314.25483181928496,Micro (<10 ha)
2.750495495494688,1200.108108107932,2.041314727469422,436.32433140636266,Micro (<10 ha)
3.0005405405396597,1100.108108107932,1.7915572223394014,366.636642046527,Micro (<10 ha)
6.751216216214234,1700.1441441439092,1.8458219381715686,251.82783215574014,Micro (<10 ha)
3.7506756756745743,1400.1261261259206,2.0394237453799335,373.29970575877695,Micro (<10 ha)
2.5004504504497165,800.054054053966,1.4272671552285743,319.9639704558324,Micro (<10 ha)
5.751036036034347,1800.1261261259206,2.117507506769516,313.0090152186224,Micro (<10 ha)
11.252027027023724,2700.2342342338525,2.270811702739713,239.9775816169624,Small (10-50 ha)
2.5004504504497165,1000.0720720719546,1.7840919799069028,399.9567645469989,Micro (<10 ha)
3.000540540541988,1200.1441441443749,1.954468741247029,399.9759803037331,Micro (<10 ha)
2.5004504504508804,800.0720720724203,1.4272992987138127,319.97117636470324,Micro (<10 ha)
3.5006306306342596,1100.072072072886,1.6586053539290213,314.24968474139473,Micro (<10 ha)
4.7508558558567895,1800.1801801808178,2.329834741119574,378.91702775229027,Micro (<10 ha)
26.254729729734827,7100.648648648523,3.909212831469591,270.45217077998234,Small (10-50 ha)
2.750495495497016,1100.090090090409,1.8711898430418763,399.96069504255706,Micro (<10 ha)
7.751396396403433,2300.1981981988065,2.3306140140489617,296.7462997075049,Micro (<10 ha)
5.5009909909917045,1700.1801801803522,2.0448881123332097,309.0679811991199,Micro (<10 ha)
4.750855855860282,1800.1441441448405,2.329788102449169,378.9094425848186,Micro (<10 ha)
2.7504954954958523,900.0720720724203,1.5309707217974406,327.2399731416966,Micro (<10 ha)
4.50081081081531,1300.1081081083976,1.7287379095837545,288.86086590982177,Micro (<10 ha)
6.001081081083976,1800.1621621623635,2.0729649052385533,299.97297784171917,Micro (<10 ha)
3.7506756756757387,1200.1081081083976,1.74807749604035,319.9711763646908,Micro (<10 ha)
5.000900900904089,1900.1801801812835,2.396987270083258,379.9675734101748,Micro (<10 ha)
4.000720720719546,1200.0900900899433,1.6925433458547372,299.96847414885343,Micro (<10 ha)
49.50891891892534,12501.009009009227,5.011854040078197,252.50014102470286,Small (10-50 ha)
2.750495495494688,1100.0900900899433,1.8711898430418763,399.96069504272634,Micro (<10 ha)
4.500810810809489,1400.108108107932,1.8617066910881326,311.0790848496288,Micro (<10 ha)
5.50099099099054,1600.1441441443749,1.9245699817731527,290.88288760426485,Micro (<10 ha)
4.250765765764518,1100.0900900899433,1.5051844857756278,258.7980967923523,Micro (<10 ha)
2.5004504504497165,900.0720720719546,1.6056956393101085,359.9639704558324,Micro (<10 ha)
3.7506756756745743,900.1081081079319,1.3110974895980412,239.985588182333,Micro (<10 ha)
3.0005405405396597,1000.0900900899433,1.6286750462845552,333.3033087131937,Micro (<10 ha)
3.250585585584631,1300.1441441439092,2.0342567683692825,399.972284966025,Micro (<10 ha)
3.0005405405396597,800.0720720719546,1.302940037027644,266.64264697055495,Micro (<10 ha)
3.7506756756745743,1200.1261261259206,1.7481037410853324,319.9759803038883,Micro (<10 ha)
5.500990990989376,2000.1621621618979,2.4056908060830047,363.6003340921961,Micro (<10 ha)
2.5004504504497165,1000.1081081079319,1.7841562668763826,399.97117636466595,Micro (<10 ha)
4.750855855854461,1300.1441441439092,1.6826765614018364,273.6652476083329,Micro (<10 ha)
4.000720720719546,1200.1441441439092,1.6926195808225217,299.98198522791625,Micro (<10 ha)
3.7506756756745743,1200.0900900899433,1.748051250994554,319.96637242544364,Micro (<10 ha)
4.750855855854461,1800.1801801798865,2.3298347411189395,378.91702775228,Micro (<10 ha)
4.500810810809489,1400.1261261259206,1.861730649427103,311.0830881323141,Micro (<10 ha)
5.250945945944404,1900.1261261259206,2.3391535083949977,361.8635852828561,Micro (<10 ha)
2.750495495494688,1000.0900900899433,1.7010956062245182,363.60360950530224,Micro (<10 ha)
3.7506756756745743,1300.1261261259206,1.893763743232633,346.63784303133264,Micro (<10 ha)
3.500630630629603,1200.0900900899433,1.8094049464149884,342.8211133129753,Micro (<10 ha)
5.000900900899433,1600.1261261259206,2.0184832969299458,319.9675734102492,Micro (<10 ha)
3.0005405405396597,1000.0720720719546,1.6286457034317738,333.29730378916577,Micro (<10 ha)
3.0005405405396597,1000.0900900899433,1.6286750462845552,333.3033087131937,Micro (<10 ha)
4.750855855854461,1600.108108107932,2.07089684736082,336.8041794271921,Micro (<10 ha)
3.500630630629603,1200.0900900899433,1.8094049464149884,342.8211133129753,Micro (<10 ha)
8.751576576574006,2700.252252251841,2.5748756270029065,308.54466376718983,Micro (<10 ha)
9.001621621618979,2000.1801801798865,1.8806319527896282,222.2022058087958,Micro (<10 ha)
2.5004504504497165,1000.0900900899433,1.7841241233916427,399.9639704558324,Micro (<10 ha)
5.000900900899433,1800.108108107932,2.2707510924036316,359.9567645469989,Micro (<10 ha)
13.002342342340853,3600.34234234225,2.8166187615982166,276.89951914418435,Small (10-50 ha)
3.5006306306342596,1300.1081081083976,1.9602045389006546,371.3925418840428,Micro (<10 ha)
2.5004504504520444,800.0900900904089,1.4273314421982202,319.97838227338775,Micro (<10 ha)
3.500630630633095,1300.1081081088632,1.9602045389016827,371.3925418842994,Micro (<10 ha)
2.5004504504520444,700.0900900904089,1.248935101601509,279.98558818225854,Micro (<10 ha)
2.750495495497016,1100.090090090409,1.8711898430418763,399.96069504255706,Micro (<10 ha)
4.25076576576801,1500.1621621623635,2.05257808699001,352.91574385099545,Micro (<10 ha)
4.750855855855625,1700.1801801803522,2.200412432909762,357.8681887569395,Micro (<10 ha)
8.251486486488721,2000.1981981988065,1.9642737067483824,242.40458994558162,Micro (<10 ha)
3.0005405405396597,1100.0900900899433,1.79152787948662,366.6306371224991,Micro (<10 ha)
2.750495495494688,1100.0720720719546,1.8711591954316888,399.954144216514,Micro (<10 ha)
3.250585585584631,900.1081081079319,1.408344620425377,276.9064479026919,Micro (<10 ha)
7.001261261259206,1900.1621621618979,2.025804780434129,271.4028360398803,Micro (<10 ha)
3.500630630629603,1200.108108107932,1.809432112617878,342.8262603907135,Micro (<10 ha)
3.7506756756745743,1500.1441441439092,2.1851099925726234,399.96637242544364,Micro (<10 ha)
4.500810810810654,1600.1621621623635,2.1277161291131472,355.52753257677006,Micro (<10 ha)
6.501171171169262,1700.1441441439092,1.8809836107407398,261.513518007884,Micro (<10 ha)
3.0005405405396597,1300.0900900899433,2.1172335458907496,433.2852939411099,Micro (<10 ha)
3.250585585584631,900.0720720719546,1.408288237023258,276.8953618891019,Micro (<10 ha)
2.750495495494688,1200.1441441439092,2.041376022689797,436.33743305878727,Micro (<10 ha)
4.750855855854461,1300.1261261259206,1.682653242067062,273.6614550247363,Micro (<10 ha)
4.250765765764518,1500.1441441439092,2.052553434062801,352.9115050812738,Micro (<10 ha)
3.7506756756745743,1500.1261261259206,2.1850837475272344,399.96156848622127,Micro (<10 ha)
196.78545045045195,31102.882882882375,6.25459538998951,158.05478917108093,Medium (50-200 ha)
3.500630630629603,1000.1081081079319,1.5078872600511215,285.6936974033328,Micro (<10 ha)
4.500810810809489,1600.1801801798865,2.1277400874517736,355.53153585944386,Micro (<10 ha)
4.500810810809489,1200.108108107932,1.595769128080374,266.64264697055495,Micro (<10 ha)
4.000720720719546,1400.0900900899433,1.974612727117253,349.95946676281153,Micro (<10 ha)
9.001621621618979,2200.198198197875,2.068695148068591,244.4224263896754,Micro (<10 ha)
3.7506756756745743,1400.1261261259206,2.0394237453799335,373.29970575877695,Micro (<10 ha)
3.500630630629603,1400.1441441439092,2.111031297590414,399.9691175335707,Micro (<10 ha)
3.500630630629603,1100.108108107932,1.6586596863344998,314.2599788970232,Micro (<10 ha)
3.0005405405396597,1100.1261261259206,1.7915865651921827,366.64264697055495,Micro (<10 ha)
3.0005405405396597,1100.0900900899433,1.79152787948662,366.6306371224991,Micro (<10 ha)
3.0005405405396597,1100.108108107932,1.7915572223394014,366.636642046527,Micro (<10 ha)
42.257612612611844,11201.045045044739,4.860725915921393,265.06573259895356,Small (10-50 ha)
2.750495495494688,1200.108108107932,2.041314727469422,436.32433140636266,Micro (<10 ha)
3.0005405405396597,900.0720720719546,1.465792870229709,299.9699753798604,Micro (<10 ha)
3.250585585584631,1300.108108107932,2.0342003849671633,399.961198952435,Micro (<10 ha)
3.2505855855869594,1000.0900900904089,1.564780369859932,307.6645926582555,Micro (<10 ha)
5.000900900902925,1600.1441441443749,2.0185060258058587,319.9711763645356,Micro (<10 ha)
62.511261261254546,10801.009009008761,3.8537209639199834,172.78501170961647,Medium (50-200 ha)
9.50171171171125,2900.3063063062727,2.6542266787969355,305.24040239313155,Micro (<10 ha)
6.001081081082812,1700.1441441443749,1.957789814015985,283.30631117512036,Micro (<10 ha)
13.002342342349003,3100.2702702702954,2.425402525356756,238.4393664342021,Small (10-50 ha)
4.250765765765681,1300.1441441443749,1.7789059393107305,305.86115909169195,Micro (<10 ha)
2.7504954954958523,1200.1261261263862,2.041345375079969,436.33088223255953,Micro (<10 ha)
6.5011711711727544,2400.1981981988065,2.6555004108863636,369.1947396865466,Micro (<10 ha)
3.000540540543152,1000.1081081083976,1.6287043891371469,333.30931363698886,Micro (<10 ha)
3.7506756756757387,1400.1441441443749,2.0394499904256844,373.30450969800756,Micro (<10 ha)
4.750855855855625,1300.1441441443749,1.6826765614022332,273.6652476083638,Micro (<10 ha)
2.5004504504497165,900.0720720719546,1.6056956393101085,359.9639704558324,Micro (<10 ha)
7.501351351352642,1400.1261261263862,1.4420903600711619,186.64985287936364,Micro (<10 ha)
2.5004504504497165,1000.0900900899433,1.7841241233916427,399.9639704558324,Micro (<10 ha)
11.752117117117159,2900.270270270761,2.3865771784400165,246.78704622901247,Small (10-50 ha)
2.750495495494688,1100.0900900899433,1.8711898430418763,399.96069504272634,Micro (<10 ha)
8.001441441443749,2400.216216216795,2.3936536921207936,299.97297784181615,Micro (<10 ha)
3.500630630629603,1400.108108107932,2.110976965184635,399.9588233780942,Micro (<10 ha)
2.5004504504497165,1000.0900900899433,1.7841241233916427,399.9639704558324,Micro (<10 ha)
3.0005405405396597,1100.0900900899433,1.79152787948662,366.6306371224991,Micro (<10 ha)
4.250765765764518,1200.0900900899433,1.6420082331518597,282.3232697871561,Micro (<10 ha)
7.251306306305342,2400.234234234318,2.5144358978152948,331.0071500009874,Micro (<10 ha)
6.251126126126619,2100.198198198341,2.3696064251773867,335.97117636461536,Micro (<10 ha)
2.5004504504497165,1000.1081081079319,1.7841562668763826,399.97117636466595,Micro (<10 ha)
2.5004504504497165,1100.0900900899433,1.962520463988437,439.9567645469989,Micro (<10 ha)
3.7506756756745743,1100.108108107932,1.6024174938926425,293.30931363722163,Micro (<10 ha)
3.250585585584631,1300.1621621618979,2.034284960070342,399.97782797281997,Micro (<10 ha)
4.500810810809489,1400.1621621618979,1.8617785661050446,311.0910946976847,Micro (<10 ha)
8.001441441440257,2700.288288288284,2.69290532552147,337.4752296883939,Micro (<10 ha)
3.7506756756745743,1400.108108107932,2.0393975003345446,373.29490181955464,Micro (<10 ha)
3.500630630629603,1300.108108107932,1.9602045389012566,371.39254188440384,Micro (<10 ha)
3.250585585584631,900.0720720719546,1.408288237023258,276.8953618891019,Micro (<10 ha)
3.0005405405396597,1100.1261261259206,1.7915865651921827,366.64264697055495,Micro (<10 ha)
3.250585585584631,1100.0900900899433,1.7212443109952107,338.42828042076843,Micro (<10 ha)
2.5004504504497165,1000.054054053966,1.7840598364221631,399.9495586381654,Micro (<10 ha)
4.750855855854461,1700.1801801798865,2.200412432909429,357.8681887569292,Micro (<10 ha)
3.250585585584631,1100.108108107932,1.72127250269627,338.4338234275634,Micro (<10 ha)
4.500810810809489,1700.1441441439092,2.2606609522777115,377.7417482336102,Micro (<10 ha)
16.502972972977442,4600.414414414205,3.1945591165204634,278.76276728726924,Small (10-50 ha)
4.250765765764518,1300.1261261259206,1.7788812863829218,305.85692032176405,Micro (<10 ha)
5.000900900899433,1900.1801801798865,2.396987270082612,379.9675734102492,Micro (<10 ha)
4.250765765764518,1600.1441441439092,2.189377181439033,376.43667807607756,Micro (<10 ha)
2.5004504504497165,900.0900900899433,1.6057277827948484,359.97117636466595,Micro (<10 ha)
2.5004504504497165,1000.1081081079319,1.7841562668763826,399.97117636466595,Micro (<10 ha)
9.25166666666395,1900.1801801798865,1.7623000899374557,205.3878775190536,Micro (<10 ha)
4.000720720719546,1400.1261261259206,1.9746635504291095,349.96847414885343,Micro (<10 ha)
3.250585585584631,1100.0720720719546,1.721216119294151,338.42273741397344,Micro (<10 ha)
3.2505855855869594,1100.1081081083976,1.721272502696382,338.4338234274643,Micro (<10 ha)
3.2505855855857955,1000.0900900904089,1.5647803698602123,307.66459265836573,Micro (<10 ha)
3.500630630633095,1300.1261261263862,1.9602317051038702,371.3976889619046,Micro (<10 ha)
4.000720720723039,1100.090090090409,1.5515086552234587,274.97297784175066,Micro (<10 ha)
41.50747747748042,9200.774774774443,4.028619933612665,221.66547653410777,Small (10-50 ha)
5.500990990995197,1300.1081081083976,1.5637022746236346,236.34070847172794,Micro (<10 ha)
7.2513063063076695,1800.1801801803522,1.8858316421873316,248.25598369971428,Micro (<10 ha)
3.250585585588124,900.0900900904089,1.408316428724289,276.9009048957426,Micro (<10 ha)
2.5004504504497165,800.0720720719546,1.4272992987133142,319.97117636466595,Micro (<10 ha)
3.750675675678067,1400.1261261263862,2.039423745379662,373.2997057585535,Micro (<10 ha)
16.50297297297977,4200.324324324727,2.9167338317545632,254.5192512404823,Small (10-50 ha)
9.501711711713579,2400.198198198341,2.196550784379409,252.60692715391582,Micro (<10 ha)
3.7506756756745743,1400.108108107932,2.0393975003345446,373.29490181955464,Micro (<10 ha)
2.5004504504497165,900.0900900899433,1.6057277827948484,359.97117636466595,Micro (<10 ha)
13.002342342347838,3100.2162162163295,2.4253602378052754,238.4352091791272,Small (10-50 ha)
2.5004504504497165,900.054054053966,1.6056634958253688,359.9567645469989,Micro (<10 ha)
2.750495495494688,900.054054053966,1.5309400741867853,327.2334223154536,Micro (<10 ha)
3.7506756756745743,1200.0900900899433,1.748051250994554,319.96637242544364,Micro (<10 ha)
6.501171171169262,1900.1441441439092,2.102257038316834,292.27720577031977,Micro (<10 ha)
4.750855855854461,1700.1621621618979,2.200389113574654,357.8643961733326,Micro (<10 ha)
8.001441441439091,1800.1261261259206,1.7952043315819648,224.97522968838484,Micro (<10 ha)
3.0005405405396597,1100.0720720719546,1.7914985366338385,366.62463219847115,Micro (<10 ha)
8.251486486486392,2400.2162162163295,2.3571072148105614,290.88288760421614,Micro (<10 ha)
3.250585585584631,1100.0720720719546,1.721216119294151,338.42273741397344,Micro (<10 ha)
3.500630630629603,1200.1441441439092,1.8094864450236574,342.83655454619,Micro (<10 ha)
8.501531531529036,2400.216216215864,2.322185177355946,282.3275085570582,Micro (<10 ha)
3.0005405405396597,1200.054054053966,1.954322026983122,399.94595568374865,Micro (<10 ha)
12.002162162158639,3900.3243243237957,3.1758943331152967,324.9684741488534,Small (10-50 ha)
2.5004504504497165,900.0900900899433,1.6057277827948484,359.97117636466595,Micro (<10 ha)
2.750495495494688,1200.108108107932,2.041314727469422,436.32433140636266,Micro (<10 ha)
3.500630630629603,1400.108108107932,2.110976965184635,399.9588233780942,Micro (<10 ha)
3.0005405405396597,1100.108108107932,1.7915572223394014,366.636642046527,Micro (<10 ha)
29.505315315314803,7800.720720720012,4.051162534081115,264.38357419183484,Small (10-50 ha)
3.0005405405396597,1000.0900900899433,1.6286750462845552,333.3033087131937,Micro (<10 ha)
5.250945945944404,1800.1621621618979,2.216092700059994,342.8262603907135,Micro (<10 ha)
31.255630630627273,8300.720720720477,4.188386366221862,265.57521167359306,Small (10-50 ha)
4.750855855854461,1100.1261261259206,1.4238086256480404,231.56377703403473,Micro (<10 ha)
5.000900900899433,1600.1261261259206,2.0184832969299458,319.9675734102492,Micro (<10 ha)
2.750495495494688,1000.0720720719546,1.7010649586143307,363.59705867908997,Micro (<10 ha)
9.25166666666395,2700.216216215864,2.5042842412119604,291.8626787479722,Micro (<10 ha)
3.250585585584631,1100.0360360359773,1.721159735892032,338.4116514003834,Micro (<10 ha)
3.0005405405396597,900.0720720719546,1.465792870229709,299.9699753798604,Micro (<10 ha)
2.750495495494688,1100.0900900899433,1.8711898430418763,399.96069504272634,Micro (<10 ha)
3.0005405405396597,1100.0900900899433,1.79152787948662,366.6306371224991,Micro (<10 ha)
5.7510360360355115,2100.1621621623635,2.470443086886553,365.179795258267,Micro (<10 ha)
2.5004504504508804,1100.090090090409,1.962520463988811,439.9567645469803,Micro (<10 ha)
4.500810810812982,1500.1261261263862,1.9946994309308277,333.30130707169593,Micro (<10 ha)
3.0005405405454804,1000.0720720724203,1.6286457034309525,333.2973037886744,Micro (<10 ha)
6.501171171171591,2100.180180180352,2.323570334979012,323.04643653950643,Micro (<10 ha)
6.501171171173919,1400.1621621623635,1.5490934039195512,215.37075786754522,Micro (<10 ha)
3.000540540541988,1000.1081081083976,1.6287043891374628,333.3093136371182,Micro (<10 ha)
10.251846846854313,3800.2702702702954,3.3481776833200825,370.69128392572253,Small (10-50 ha)
4.500810810810654,1400.1621621623635,1.861778566105423,311.09109469770766,Micro (<10 ha)
6.751216216215398,2100.198198198341,2.2801548457496135,311.0844225598912,Micro (<10 ha)
9.501711711712414,2700.252252252307,2.4711464274740305,284.18587452235624,Micro (<10 ha)
3.7506756756757387,1200.1261261263862,1.7481037410857392,319.9759803039131,Micro (<10 ha)
6.251126126126619,1900.1981981983408,2.143950920167416,303.9769410916941,Micro (<10 ha)
16.002882882880513,4600.396396396216,3.2440774127342364,287.4729778418616,Small (10-50 ha)
7.2513063063076695,2200.180180180818,2.304863395331196,303.4184583082574,Micro (<10 ha)
3.7506756756769026,1300.1261261263862,1.8937637432327235,346.63784303124163,Micro (<10 ha)
5.250945945946732,1800.1801801803522,2.216114881171852,342.829691775809,Micro (<10 ha)
2.750495495494688,1000.0720720719546,1.7010649586143307,363.59705867908997,Micro (<10 ha)
43.25779279279755,11701.153153153602,5.0187036730269465,270.49815530814254,Small (10-50 ha)
7.751396396394121,2600.2342342338525,2.6346174650794802,335.4536526403756,Micro (<10 ha)
6.001081081082812,2200.198198198341,2.5336237730694697,366.6336395843773,Micro (<10 ha)
3.0005405405396597,900.0720720719546,1.465792870229709,299.9699753798604,Micro (<10 ha)
18.003243243253092,4400.378378378227,2.925564755643614,244.42142556882445,Small (10-50 ha)
3.0005405405396597,1200.108108107932,1.9544100555414663,399.96397045583245,Micro (<10 ha)
4.000720720719546,1200.1261261259206,1.6925941691665936,299.97748153489533,Micro (<10 ha)
27.504954954960848,5800.540540540591,3.1200249389821524,210.89074859562328,Small (10-50 ha)
2.750495495494688,1200.108108107932,2.041314727469422,436.32433140636266,Micro (<10 ha)
2.750495495494688,1200.1261261259206,2.0413453750796093,436.33088223257494,Micro (<10 ha)
2.5004504504497165,1100.054054053966,1.9624561770189575,439.9423527293319,Micro (<10 ha)
2.750495495494688,1100.0900900899433,1.8711898430418763,399.96069504272634,Micro (<10 ha)
6.251126126124291,1900.1441441439092,2.1438899321930625,303.96829400113256,Micro (<10 ha)
15.252747747745598,4600.378378378227,3.3228793869816187,301.6098118490275,Small (10-50 ha)
3.250585585584631,1300.1261261259206,2.034228576668223,399.96674195923,Micro (<10 ha)
3.500630630629603,1200.1261261259206,1.8094592788207677,342.83140746845174,Micro (<10 ha)
3.250585585584631,1000.1081081079319,1.5648085615608236,307.67013566512765,Micro (<10 ha)
3.7506756756745743,1400.1441441439092,2.039449990425323,373.3045096979993,Micro (<10 ha)
39.00702702702023,7500.684684684034,3.38785294822597,192.29060137006337,Small (10-50 ha)
3.0005405405396597,1200.0720720719546,1.9543513698359034,399.9519606077766,Micro (<10 ha)
15.502792792788242,3000.27027026983,2.1495644716040916,193.53095344637052,Small (10-50 ha)
2.5004504504497165,900.0720720719546,1.6056956393101085,359.9639704558324,Micro (<10 ha)
3.250585585584631,1100.0720720719546,1.721216119294151,338.42273741397344,Micro (<10 ha)
4.000720720719546,1500.1261261259206,2.1156982410603677,374.9639704558325,Micro (<10 ha)
2.750495495497016,1200.126126126852,2.041345375080329,436.3308822325442,Micro (<10 ha)
6.501171171171591,1900.1801801803522,2.1022969074029576,292.28274877708174,Micro (<10 ha)
10.501891891889972,2300.2162162163295,2.002303733699783,219.02874642926562,Small (10-50 ha)
3.000540540541988,1200.1081081088632,1.9544100555422244,399.96397045583245,Micro (<10 ha)
4.750855855859117,1800.1621621623635,2.3298114217836257,378.91323516841,Micro (<10 ha)
4.500810810818803,1300.090090090409,1.7287139512441134,288.85686262691235,Micro (<10 ha)
3.7506756756769026,1400.1441441443749,2.039449990425368,373.3045096978917,Micro (<10 ha)
12.502252252256731,3700.3063063067384,2.9521513244433994,295.9711763645475,Small (10-50 ha)
6.001081081083976,1700.1621621623635,1.9578105625459763,283.30931363707936,Micro (<10 ha)
3.000540540544316,800.0720720724203,1.3029400370273911,266.64264697029637,Micro (<10 ha)
2.75049549549818,800.0900900904089,1.36090713258973,290.889438430254,Micro (<10 ha)
2.750495495501673,1000.0720720724203,1.701064958612963,363.5970586783359,Micro (<10 ha)
3.2505855855869594,1300.090090090409,2.034172193266104,399.95565594549674,Micro (<10 ha)
2.5004504504497165,1000.054054053966,1.7840598364221631,399.9495586381654,Micro (<10 ha)
3.500630630629603,1100.0900900899433,1.65863252013161,314.25483181928496,Micro (<10 ha)
3.250585585584631,900.0720720719546,1.408288237023258,276.8953618891019,Micro (<10 ha)
3.5006306306319313,1300.1801801808178,1.960313203713567,371.41313019537574,Micro (<10 ha)
22.003963963963326,6700.540540540591,4.029530474854086,304.5151569741845,Small (10-50 ha)
4.000720720719546,1000.0900900899433,1.410473964592221,249.9774815348953,Micro (<10 ha)
3.0005405405396597,1000.0900900899433,1.6286750462845552,333.3033087131937,Micro (<10 ha)
2.750495495494688,1000.0720720719546,1.7010649586143307,363.59705867908997,Micro (<10 ha)
2.5004504504497165,900.1081081079319,1.6057599262795883,359.97838227349945,Micro (<10 ha)
6.251126126126619,1600.1621621623635,1.8054270040029747,255.97982345524534,Micro (<10 ha)
3.0005405405396597,1100.1261261259206,1.7915865651921827,366.64264697055495,Micro (<10 ha)
80.26445945945801,15901.45945945941,5.006917225453684,198.11333143645373,Medium (50-200 ha)
2.5004504504497165,1000.0720720719546,1.7840919799069028,399.9567645469989,Micro (<10 ha)
4.250765765764518,1700.1621621618979,2.3262255817426802,399.96608984078347,Micro (<10 ha)
6.501171171169262,2000.1801801798865,2.212933621190866,307.66459265833265,Micro (<10 ha)
9.751756756753894,2700.216216215864,2.439226778225884,276.8953618891019,Micro (<10 ha)
2.750495495494688,1100.0900900899433,1.8711898430418763,399.96069504272634,Micro (<10 ha)
2.5004504504497165,900.0720720719546,1.6056956393101085,359.9639704558324,Micro (<10 ha)
18.00324324324145,4300.378378378227,2.859080364892627,238.86687083409936,Small (10-50 ha)
3.500630630629603,1400.108108107932,2.110976965184635,399.9588233780942,Micro (<10 ha)
2.750495495494688,1000.1081081079319,1.7011262538347056,363.6101603315145,Micro (<10 ha)
3.500630630629603,1300.1261261259206,1.9602317051041462,371.39768896214207,Micro (<10 ha)
4.250765765764518,1500.1261261259206,2.052528781135386,352.9072663113717,Micro (<10 ha)
12.002162162158639,2600.252252251841,2.1172922315963123,216.64865189458288,Small (10-50 ha)
4.750855855854461,1800.1441441439092,2.3297881024493905,378.9094425850868,Micro (<10 ha)
3.250585585584631,1200.1261261259206,1.8777646355327764,369.2030541967942,Micro (<10 ha)
4.000720720719546,1000.0720720719546,1.410448552936293,249.97297784187435,Micro (<10 ha)
35.25635135134799,6800.594594594091,3.2308981760061215,192.88991441067193,Small (10-50 ha)
5.500990990989376,1300.108108107932,1.5637022746239018,236.34070847189338,Micro (<10 ha)
6.251126126124291,1900.1981981978752,2.14395092016729,303.9769410917328,Micro (<10 ha)
5.000900900901761,1800.1441441443749,2.2707965501557514,359.963970455758,Micro (<10 ha)
6.251126126130112,2200.180180180818,2.4824138483574614,351.9654116374204,Micro (<10 ha)
4.500810810811817,1100.090090090409,1.4627763882377651,244.42042474830978,Micro (<10 ha)
4.7508558558567895,1400.1261261263862,1.8120755502767316,294.71029402004064,Micro (<10 ha)
3.000540540544316,1000.0900900904089,1.6286750462840496,333.30330871283167,Micro (<10 ha)
72.01297297297279,16901.531531530898,5.618440133241824,234.70120498808203,Medium (50-200 ha)
3.7506756756769026,1300.1441441443749,1.8937899882781124,346.64264697046394,Micro (<10 ha)
4.00072072072071,1100.1081081083976,1.551534066879838,274.97748153493166,Micro (<10 ha)
2.75049549549818,1000.0900900908746,1.7010956062250224,363.6036095051792,Micro (<10 ha)
2.500450450455537,900.0720720724203,1.6056956393090702,359.9639704551807,Micro (<10 ha)
10.001801801801193,2100.180180180352,1.8733222936902372,209.98018375070552,Small (10-50 ha)
4.000720720724202,1100.1081081083976,1.5515340668791613,274.97748153469166,Micro (<10 ha)
3.250585585589288,1000.1081081083976,1.5648085615604312,307.6701356648302,Micro (<10 ha)
3.000540540543152,900.0720720724203,1.4657928702296141,299.96997537966644,Micro (<10 ha)
3.5006306306342596,1400.1261261263862,2.111004131386822,399.9639704554334,Micro (<10 ha)
11.252027027027216,3400.3423423427157,2.8595805083935133,302.19820252609946,Small (10-50 ha)
16.002882882884006,5400.504504504148,3.808292410226597,337.4707259952702,Small (10-50 ha)
5.50099099099636,1500.1261261263862,1.804273522344916,272.701069422162,Micro (<10 ha)
5.751036036042496,1600.1081081088632,1.882224184953513,278.22953952657855,Micro (<10 ha)
4.7508558558567895,1400.126126126852,1.8120755502773342,294.71029402013863,Micro (<10 ha)
4.750855855857953,1300.1441441443749,1.6826765614018206,273.6652476082297,Micro (<10 ha)
4.750855855857953,1700.1441441443749,2.2003657942396737,357.860603589571,Micro (<10 ha)
4.000720720719546,1000.0720720719546,1.410448552936293,249.97297784187435,Micro (<10 ha)
7.001261261261534,1900.1261261263862,2.025766361621724,271.39768896211837,Micro (<10 ha)
8.001441441442585,1900.1621621623635,1.8949668552183814,237.4774815348498,Micro (<10 ha)
10.251846846849658,2400.234234234318,2.114694515459934,234.12700853718843,Small (10-50 ha)
5.50099099099054,1700.1621621623635,2.044866441200435,309.0647057860792,Micro (<10 ha)
7.251306306308834,2500.2702702702954,2.6192315867088545,344.8027382452445,Micro (<10 ha)
4.500810810809489,1500.108108107932,1.9946754725920117,333.29730378916577,Micro (<10 ha)
2.5004504504497165,900.0720720719546,1.6056956393101085,359.9639704558324,Micro (<10 ha)
2.750495495494688,1000.1081081079319,1.7011262538347056,363.6101603315145,Micro (<10 ha)
5.000900900899433,1200.0720720719546,1.513834061602421,239.97117636466595,Micro (<10 ha)
3.7506756756757387,1600.1801801803522,2.330822484811019,426.63784303132434,Micro (<10 ha)
3.250585585584631,1300.1261261259206,2.034228576668223,399.96674195923,Micro (<10 ha)
6.501171171169262,2200.198198197875,2.434226983309953,338.43105192416596,Micro (<10 ha)
2.750495495494688,1000.054054053966,1.7010343110041433,363.5905078528777,Micro (<10 ha)
4.750855855854461,1200.1261261259206,1.5532309338575512,252.61261602938552,Micro (<10 ha)
12.752297297294717,4000.34234234225,3.160079529279569,313.69581880677185,Small (10-50 ha)
3.250585585584631,1100.108108107932,1.72127250269627,338.4338234275634,Micro (<10 ha)
2.750495495494688,800.0720720719546,1.3608764849796144,290.8828876042418,Micro (<10 ha)
3.500630630629603,1200.108108107932,1.809432112617878,342.8262603907135,Micro (<10 ha)
3.500630630629603,1300.1261261259206,1.9602317051041462,371.39768896214207,Micro (<10 ha)
16.252927927923157,4900.414414413739,3.42895725975843,301.5096379031275,Small (10-50 ha)
6.251126126124291,2000.1981981978752,2.2567786726722967,319.97405872819934,Micro (<10 ha)
6.251126126124291,2000.1981981978752,2.2567786726722967,319.97405872819934,Micro (<10 ha)
3.0005405405396597,1100.0900900899433,1.79152787948662,366.6306371224991,Micro (<10 ha)
3.500630630629603,1300.1441441439092,1.960258871307036,371.4028360398803,Micro (<10 ha)
3.7506756756745743,1300.1261261259206,1.893763743232633,346.63784303133264,Micro (<10 ha)
12.502252252248581,2300.162162161898,1.8350985597839742,183.97982345526617,Small (10-50 ha)
5.751036036034347,1700.108108107932,1.9998552484685415,295.61771087079626,Micro (<10 ha)
3.250585585584631,1200.108108107932,1.8777364438317168,369.1975111899992,Micro (<10 ha)
3.0005405405396597,900.0900900899433,1.4658222130824903,299.97598030388826,Micro (<10 ha)
9.501711711708921,3300.306306305807,3.0202882458838762,347.33808038385894,Micro (<10 ha)
2.750495495494688,1100.108108107932,1.8712204906520638,399.9672458689386,Micro (<10 ha)
3.7506756756745743,1100.0900900899433,1.6023912488472534,293.3045096979993,Micro (<10 ha)
6.001081081079319,1400.1261261259206,1.6123060374079723,233.31231609923557,Micro (<10 ha)
2.750495495494688,1000.0900900899433,1.7010956062245182,363.60360950530224,Micro (<10 ha)
2.5004504504508804,800.0720720724203,1.4272992987138127,319.97117636470324,Micro (<10 ha)
3.250585585588124,1300.0900900908746,2.034172193266468,399.9556559454967,Micro (<10 ha)
2.5004504504508804,1100.1081081083976,1.9625526074735506,439.96397045581386,Micro (<10 ha)
4.750855855859117,1500.1441441448405,1.9415211778211119,315.76292559892096,Micro (<10 ha)
8.501531531531363,3100.3243243242614,2.9995327680485144,364.6783303485327,Micro (<10 ha)
2.500450450453209,800.0900900904089,1.4273314421978878,319.97838227323876,Micro (<10 ha)
6.001081081086304,2000.1981981983408,2.3033150876836226,333.3063111748973,Micro (<10 ha)
10.501891891891137,2900.252252252307,2.5246261079352057,276.1647408017682,Small (10-50 ha)
2.5004504504543728,1100.090090090409,1.96252046398744,439.95676454636583,Micro (<10 ha)
114.02054054054199,27802.576576575637,7.344945299960898,243.83831584003013,Medium (50-200 ha)
42.00756756756687,11101.027027027216,4.831638805824873,264.2625524358634,Small (10-50 ha)
2685.983873873804,272024.5945945922,14.806470280864053,101.27558740785382,Core (>500 ha)
5.000900900904089,1900.1441441443749,2.3969418123300223,379.960367501155,Micro (<10 ha)
2.750495495494688,900.054054053966,1.5309400741867853,327.2334223154536,Micro (<10 ha)
6.251126126124291,1600.1261261259206,1.8053863453533006,255.97405872819937,Micro (<10 ha)
10.251846846850821,3000.2522522527725,2.6433324266199563,292.6548062093217,Small (10-50 ha)
4.500810810809489,1400.1261261259206,1.861730649427103,311.0830881323141,Micro (<10 ha)
6.501171171169262,2200.1801801798865,2.43420704876696,338.42828042076843,Micro (<10 ha)
3.0005405405396597,1100.108108107932,1.7915572223394014,366.636642046527,Micro (<10 ha)
2.750495495494688,1000.1081081079319,1.7011262538347056,363.6101603315145,Micro (<10 ha)
3.0005405405396597,800.0720720719546,1.302940037027644,266.64264697055495,Micro (<10 ha)
4.000720720719546,1500.1441441439092,2.1157236527162957,374.96847414885343,Micro (<10 ha)
10.501891891889972,3200.3063063062727,2.785818663882229,304.73616937322424,Small (10-50 ha)
11.752117117120651,3600.3423423427157,2.962653155770531,306.3569147977334,Small (10-50 ha)
3.7506756756745743,1400.1261261259206,2.0394237453799335,373.29970575877695,Micro (<10 ha)
2.750495495494688,1100.108108107932,1.8712204906520638,399.9672458689386,Micro (<10 ha)
10.251846846843836,2500.2342342338525,2.202798188230841,243.88134855951168,Small (10-50 ha)
2.5004504504497165,1000.054054053966,1.7840598364221631,399.9495586381654,Micro (<10 ha)
8.001441441439091,2500.306306305807,2.4934701220196107,312.48198522791625,Micro (<10 ha)
3.7506756756745743,1200.0900900899433,1.748051250994554,319.96637242544364,Micro (<10 ha)
16.252927927925484,5300.468468468636,3.708886289619906,326.1239139171637,Small (10-50 ha)
8.501531531529036,2800.27027026983,2.7092334725007547,329.3842127015189,Micro (<10 ha)
8.251486486484064,2500.252252251841,2.4553465570365254,303.0062833341913,Micro (<10 ha)
2.5004504504497165,900.1081081079319,1.6057599262795883,359.97838227349945,Micro (<10 ha)
2.750495495494688,1100.0900900899433,1.8711898430418763,399.96069504272634,Micro (<10 ha)
2.5004504504497165,700.054054053966,1.24887081463178,279.97117636466595,Micro (<10 ha)
8.251486486484064,2500.1801801798865,2.4552757794125584,302.9975488992416,Micro (<10 ha)
4.000720720719546,1500.1441441439092,2.1157236527162957,374.96847414885343,Micro (<10 ha)
2.5004504504497165,800.0900900899433,1.427331442198054,319.97838227349945,Micro (<10 ha)
19.003423423423666,5000.468468468636,3.235860856589946,263.135139235231,Small (10-50 ha)
2.5004504504497165,800.0720720719546,1.4272992987133142,319.97117636466595,Micro (<10 ha)
4.250765765764518,1500.1261261259206,2.052528781135386,352.9072663113717,Micro (<10 ha)
6.751216216214234,2000.1981981978752,2.171586290281261,296.27227660018457,Micro (<10 ha)
3.0005405405396597,900.0720720719546,1.465792870229709,299.9699753798604,Micro (<10 ha)
3.0005405405396597,1200.108108107932,1.9544100555414663,399.96397045583245,Micro (<10 ha)
2.5004504504497165,700.054054053966,1.24887081463178,279.97117636466595,Micro (<10 ha)
7.5013513513491485,2600.216216215864,2.6781492535108944,346.6330390921103,Micro (<10 ha)
3.500630630629603,1100.1261261259206,1.6586868525373895,314.2651259747614,Micro (<10 ha)
25.5045945945906,7300.6306306300685,4.0779907082095574,286.24766426118754,Small (10-50 ha)
18.25328828828875,6300.5405405410565,4.160086125579016,345.1729047956506,Small (10-50 ha)
2.5004504504520444,1100.1081081083976,1.9625526074730937,439.96397045560906,Micro (<10 ha)
2.5004504504520444,900.0720720724203,1.6056956393101915,359.9639704556835,Micro (<10 ha)
2.500450450455537,800.0540540544316,1.4272671552277438,319.96397045527385,Micro (<10 ha)
30.255450450447388,7800.75675675692,4.000644785013826,257.8298006018142,Small (10-50 ha)
3.000540540543152,1100.090090090409,1.7915278794863354,366.6306371222276,Micro (<10 ha)
37.25671171171591,9000.810810809955,4.159819061477336,241.58897544303463,Small (10-50 ha)
2.5004504504543728,900.0720720724203,1.605695639309444,359.9639704553483,Micro (<10 ha)
3.250585585584631,1200.0720720719546,1.8776800604295978,369.18642517640916,Micro (<10 ha)
3.500630630630767,1400.1081081083976,2.1109769651849857,399.9588233780942,Micro (<10 ha)
5.250945945947897,1700.1621621628292,2.0929875295018885,323.7820727282153,Micro (<10 ha)
3.0005405405408236,1100.1441441443749,1.7916159080453748,366.64865189459584,Micro (<10 ha)
4.750855855861446,1700.1261261263862,2.2003424749040903,357.8568110057113,Micro (<10 ha)
2.750495495494688,1100.108108107932,1.8712204906520638,399.9672458689386,Micro (<10 ha)
2.750495495494688,1200.108108107932,2.041314727469422,436.32433140636266,Micro (<10 ha)
2.750495495494688,1000.0900900899433,1.7010956062245182,363.60360950530224,Micro (<10 ha)
2.750495495494688,900.0720720719546,1.5309707217969726,327.23997314166587,Micro (<10 ha)
3.7506756756745743,1200.0900900899433,1.748051250994554,319.96637242544364,Micro (<10 ha)
2.5004504504497165,1000.054054053966,1.7840598364221631,399.9495586381654,Micro (<10 ha)
8.501531531533692,2600.2162162163295,2.515683176549885,305.8526815517493,Micro (<10 ha)
3.0005405405396597,1000.0900900899433,1.6286750462845552,333.3033087131937,Micro (<10 ha)
3.250585585584631,1000.0900900899433,1.564780369859764,307.66459265833265,Micro (<10 ha)
2.750495495494688,1100.108108107932,1.8712204906520638,399.9672458689386,Micro (<10 ha)
2.5004504504497165,1100.1441441439092,1.9626168944426565,439.97838227349945,Micro (<10 ha)
4.750855855854461,2000.1621621618979,2.5886560382031867,421.010913159385,Micro (<10 ha)
10.001801801801193,3400.3063063062727,3.033011009765855,339.96937488742503,Small (10-50 ha)
3.250585585584631,1300.108108107932,2.0342003849671633,399.961198952435,Micro (<10 ha)
3.250585585584631,1000.1081081079319,1.5648085615608236,307.67013566512765,Micro (<10 ha)
3.7506756756745743,1200.0900900899433,1.748051250994554,319.96637242544364,Micro (<10 ha)
3.7506756756745743,1000.0900900899433,1.4567312466999527,266.64264697055495,Micro (<10 ha)
3.250585585584631,1400.1261261259206,2.1906925178036696,430.7304297216657,Micro (<10 ha)
3.0005405405396597,1000.1081081079319,1.6287043891373365,333.30931363722163,Micro (<10 ha)
3.0005405405396597,1300.108108107932,2.117262888743531,433.29129886513783,Micro (<10 ha)
7.5013513513491485,2200.198198197875,2.266141994397314,293.30691166761045,Micro (<10 ha)
6.251126126124291,2300.216216215864,2.595282259512058,367.96829400113256,Micro (<10 ha)
6.501171171169262,1700.1261261259206,1.8809636761977475,261.5107465044865,Micro (<10 ha)
6.251126126124291,1700.108108107932,1.9181937685335646,271.96829400113256,Micro (<10 ha)
3.250585585584631,900.0900900899433,1.4083164287243173,276.9009048958969,Micro (<10 ha)
124.52243243243545,31903.063063064124,8.06498664414364,256.203339750646,Medium (50-200 ha)
3.0005405405396597,1300.108108107932,2.117262888743531,433.29129886513783,Micro (<10 ha)
3.500630630629603,1000.1081081079319,1.5078872600511215,285.6936974033328,Micro (<10 ha)
5.500990990989376,2200.162162161898,2.6462403826716137,399.9574196296202,Micro (<10 ha)
8.501531531529036,2700.27027026983,2.6124844729036663,317.621626204117,Micro (<10 ha)
4.500810810809489,1600.1441441439092,2.127692170773832,355.5235292940733,Micro (<10 ha)
3.0005405405396597,1100.0720720719546,1.7914985366338385,366.62463219847115,Micro (<10 ha)
5.0009009009005965,1700.1981981983408,2.1447194746092637,339.97838227351343,Micro (<10 ha)
3.0005405405408236,1100.1081081083976,1.7915572223398122,366.63664204654,Micro (<10 ha)
2.7504954954958523,900.0900900904089,1.5310013694076279,327.2465239679089,Micro (<10 ha)
7.001261261261534,2200.198198198341,2.345679814369577,314.2574053581161,Micro (<10 ha)
12.252207207207102,3400.3243243242614,2.740363937868259,277.52749090989033,Small (10-50 ha)
2.500450450453209,900.0900900904089,1.6057277827945575,359.9711763643494,Micro (<10 ha)
27.004864864867415,5300.576576577034,2.877379710333013,196.28228480687338,Small (10-50 ha)
2.5004504504497165,1000.054054053966,1.7840598364221631,399.9495586381654,Micro (<10 ha)
7.50135135135497,2300.1981981988065,2.3691391696633572,306.63784303121884,Micro (<10 ha)
3.250585585584631,1300.108108107932,2.0342003849671633,399.961198952435,Micro (<10 ha)
2.750495495494688,700.0720720719546,1.1907822481622565,254.5258020668177,Micro (<10 ha)
7.751396396399941,2500.252252252307,2.533313408523233,322.55507580718285,Micro (<10 ha)
7.7513963964011054,2200.1621621623635,2.229255188675462,283.8407494143735,Micro (<10 ha)
3.0005405405396597,900.0720720719546,1.465792870229709,299.9699753798604,Micro (<10 ha)
12.002162162162131,2900.2522522527725,2.3615714813998245,241.6441482015692,Small (10-50 ha)
6.001081081083976,1600.1621621623635,1.8426562198533991,266.6456494324396,Micro (<10 ha)
10.001801801804685,1900.1621621623635,1.6949098813507977,189.98198522785222,Small (10-50 ha)
4.000720720719546,1400.108108107932,1.9746381387731813,349.9639704558325,Micro (<10 ha)
2.750495495494688,800.0720720719546,1.3608764849796144,290.8828876042418,Micro (<10 ha)
2.750495495494688,900.0360360359773,1.530909426576598,327.2268714892413,Micro (<10 ha)
4.250765765764518,1500.1261261259206,2.052528781135386,352.9072663113717,Micro (<10 ha)
10.501891891888809,2600.2342342338525,2.263464920817284,247.59674361551532,Small (10-50 ha)
25.25454954955261,6500.5585585585795,3.649017360213825,257.40148505930244,Small (10-50 ha)
3.0005405405396597,1200.108108107932,1.9544100555414663,399.96397045583245,Micro (<10 ha)
10.501891891888809,2400.162162161898,2.0893051813569166,228.54569318273747,Small (10-50 ha)
18.50333333333372,5200.396396396216,3.4104095074641623,281.0518679370982,Small (10-50 ha)
5.50099099099054,1700.1981981983408,2.0449097834664167,309.0712566122915,Micro (<10 ha)
2.5004504504497165,900.0900900899433,1.6057277827948484,359.97117636466595,Micro (<10 ha)
5.000900900899433,1600.1441441439092,2.018506025805976,319.97117636466595,Micro (<10 ha)
2.750495495494688,1200.0720720719546,2.041253432249047,436.3112297539381,Micro (<10 ha)
2.5004504504497165,1000.0720720719546,1.7840919799069028,399.9567645469989,Micro (<10 ha)
3.0005405405396597,1100.0720720719546,1.7914985366338385,366.62463219847115,Micro (<10 ha)
11.502072072068694,3400.2882882878184,2.828282363075374,295.6239768784776,Small (10-50 ha)
4.750855855854461,1700.1801801798865,2.200412432909429,357.8681887569292,Micro (<10 ha)
3.0005405405396597,1200.1261261259206,1.9544393983942476,399.96997537986033,Micro (<10 ha)
2.5004504504497165,900.054054053966,1.6056634958253688,359.9567645469989,Micro (<10 ha)
12.002162162158639,3100.2342342338525,2.5244096431750838,258.30631117520767,Small (10-50 ha)
15.002702702702955,4700.450450450648,3.423338113529077,313.30691166757526,Small (10-50 ha)
2.750495495494688,1000.0900900899433,1.7010956062245182,363.60360950530224,Micro (<10 ha)
4.000720720719546,1700.1621621618979,2.39781844563474,424.9639704558325,Micro (<10 ha)
8.001441441439091,1600.108108107932,1.595733190571918,199.9774815348953,Micro (<10 ha)
4.250765765764518,1300.1261261259206,1.7788812863829218,305.85692032176405,Micro (<10 ha)
2.5004504504497165,900.1081081079319,1.6057599262795883,359.97838227349945,Micro (<10 ha)
8.751576576574006,2000.2162162158638,1.9073432786048674,228.5549579226663,Micro (<10 ha)
7.251306306304177,2200.198198197875,2.3048822706349403,303.4209431044246,Micro (<10 ha)
8.751576576574006,2300.198198197875,2.193396662432752,262.83243688399943,Micro (<10 ha)
4.500810810809489,1600.108108107932,2.1276442540958906,355.5155227287027,Micro (<10 ha)
3.0005405405396597,1300.108108107932,2.117262888743531,433.29129886513783,Micro (<10 ha)
2.5004504504520444,1000.0900900904089,1.7841241233916427,399.9639704556463,Micro (<10 ha)
11.001981981979917,2700.234234234318,2.296471406500827,245.43161756281881,Small (10-50 ha)
3.000540540541988,1100.090090090409,1.7915278794866831,366.6306371223698,Micro (<10 ha)
18.003243243239123,3600.3063063062727,2.393641712951308,199.98098440725784,Small (10-50 ha)
16.502972972970454,4800.34234234225,3.333390431980151,290.8774285823854,Small (10-50 ha)
7.00126126126037,1700.1621621623635,1.8125803703526235,242.8365545462161,Micro (<10 ha)
3.750675675679231,1400.1081081083976,2.0393975003339566,373.2949018192153,Micro (<10 ha)
4.250765765770338,1300.1261261263862,1.778881286382341,305.8569203214548,Micro (<10 ha)
8.001441441443749,2400.216216217261,2.393653692121258,299.97297784187435,Micro (<10 ha)
8.001441441443749,2700.2882882887498,2.692905325521347,337.4752296883048,Micro (<10 ha)
4.25076576576801,1500.1441441448405,2.052553434063232,352.9115050812029,Micro (<10 ha)
3.500630630629603,1000.0900900899433,1.5078600938482318,285.6885503255946,Micro (<10 ha)
13.002342342344345,3300.288288288284,2.5818805623431316,253.82259606719725,Small (10-50 ha)
3.250585585584631,1000.0720720719546,1.5647521781587044,307.65904965153766,Micro (<10 ha)
2.5004504504497165,1000.0720720719546,1.7840919799069028,399.9567645469989,Micro (<10 ha)
14.752657657659148,4200.414414415136,3.0849780327336247,284.7225572427219,Small (10-50 ha)
3.0005405405396597,1100.108108107932,1.7915572223394014,366.636642046527,Micro (<10 ha)
2.750495495494688,1000.0900900899433,1.7010956062245182,363.60360950530224,Micro (<10 ha)
4.500810810809489,1500.1441441439092,1.994723389269953,333.30531035453635,Micro (<10 ha)
3.0005405405396597,1200.1261261259206,1.9544393983942476,399.96997537986033,Micro (<10 ha)
3.250585585584631,800.0900900899433,1.2518524875888708,246.13721713346115,Micro (<10 ha)
2.5004504504497165,700.054054053966,1.24887081463178,279.97117636466595,Micro (<10 ha)
3.0005405405396597,1200.0900900899433,1.9543807126886847,399.9579655318045,Micro (<10 ha)
12.252207207208267,3300.288288288284,2.6597436441863644,269.36275501010505,Small (10-50 ha)
3.0005405405396597,1000.054054053966,1.6286163605789925,333.29129886513783,Micro (<10 ha)
6.251126126124291,2100.1801801798865,2.3695860958525605,335.96829400113256,Micro (<10 ha)
10.001801801803522,3100.2702702702954,2.765384355385633,309.9711763645682,Small (10-50 ha)
10.00180180180003,2900.2702702702954,2.586988014789332,289.9747793190955,Small (10-50 ha)
4.750855855854461,1700.1441441439092,2.2003657942398798,357.860603589736,Micro (<10 ha)
5.500990990989376,1800.1801801798865,2.1651629006273865,327.24652396787815,Micro (<10 ha)
7.251306306304177,2300.198198197875,2.40964020892081,317.211561756551,Micro (<10 ha)
3.250585585584631,1100.108108107932,1.72127250269627,338.4338234275634,Micro (<10 ha)
5.000900900899433,1700.1441441439092,2.1446512879808344,339.9675734102492,Micro (<10 ha)
2.750495495494688,1100.0900900899433,1.8711898430418763,399.96069504272634,Micro (<10 ha)
3.7506756756745743,1100.108108107932,1.6024174938926425,293.30931363722163,Micro (<10 ha)
2.5004504504497165,800.054054053966,1.4272671552285743,319.9639704558324,Micro (<10 ha)
5.000900900899433,1600.1441441439092,2.018506025805976,319.97117636466595,Micro (<10 ha)
10.501891891888809,2900.27027026983,2.524641792349631,276.16645649436447,Small (10-50 ha)
4.750855855854461,1500.1441441439092,1.941521177820858,315.7629255990345,Micro (<10 ha)
3.0005405405396597,1100.108108107932,1.7915572223394014,366.636642046527,Micro (<10 ha)
2.750495495494688,1000.0900900899433,1.7010956062245182,363.60360950530224,Micro (<10 ha)
2.750495495494688,1000.0900900899433,1.7010956062245182,363.60360950530224,Micro (<10 ha)
2.5004504504497165,800.054054053966,1.4272671552285743,319.9639704558324,Micro (<10 ha)
2.5004504504497165,1000.1081081079319,1.7841562668763826,399.97117636466595,Micro (<10 ha)
2.5004504504497165,900.0900900899433,1.6057277827948484,359.97117636466595,Micro (<10 ha)
3.250585585584631,1400.1261261259206,2.1906925178036696,430.7304297216657,Micro (<10 ha)
30.255450450441568,8600.756756755523,4.410927521395336,284.27131735630786,Small (10-50 ha)
2.5004504504497165,1100.0360360359773,1.9624240335342176,439.93514682049835,Micro (<10 ha)
2.5004504504508804,800.0900900904089,1.4273314421985523,319.97838227353674,Micro (<10 ha)
5.50099099099054,1800.1981981983408,2.165184571760708,327.24979938099966,Micro (<10 ha)
3.000540540541988,900.1081081083976,1.4658515559354612,299.9819852278386,Micro (<10 ha)
3.500630630633095,1200.0900900908746,1.8094049464154898,342.82111331289934,Micro (<10 ha)
6.001081081082812,1700.1981981983408,1.9578520596065283,283.31531856116226,Micro (<10 ha)
3.5006306306319313,1100.090090090409,1.6586325201317604,314.25483181920896,Micro (<10 ha)
6.751216216222383,2300.162162162829,2.497252832881186,340.7033767687381,Micro (<10 ha)
3.500630630633095,1300.1081081083976,1.9602045389009806,371.3925418841664,Micro (<10 ha)
6.75121621621889,1400.1261261263862,1.520096709865566,207.38872542146868,Micro (<10 ha)
8.751576576578664,2900.180180180352,2.765520611503532,331.3894536376378,Micro (<10 ha)
3.5006306306319313,1100.126126126852,1.6586868525382419,314.26512597481843,Micro (<10 ha)
4.250765765769175,1300.090090090409,1.7788319805277548,305.84844278173443,Micro (<10 ha)
7.001261261262698,2000.2162162163295,2.1324746136938666,285.6936974032568,Micro (<10 ha)
2.750495495497016,1000.1081081083976,1.7011262538347776,363.610160331376,Micro (<10 ha)
22.754099099097076,6500.6846846845,3.8443626261880364,285.6929055452017,Small (10-50 ha)
2.7504954954958523,1100.1261261263862,1.8712511382626469,399.97379669515084,Micro (<10 ha)
2.75049549549818,900.0720720724203,1.5309707217967927,327.2399731414197,Micro (<10 ha)
9.001621621629456,2800.252252252307,2.632884733904385,311.0830881320038,Micro (<10 ha)
5.250945945947897,1600.1441441443749,1.969860177831024,304.73445368052023,Micro (<10 ha)
4.250765765773831,1700.1261261263862,2.3261762758859392,399.9576123002126,Micro (<10 ha)
2.5004504504508804,1100.1081081083976,1.9625526074735506,439.96397045581386,Micro (<10 ha)
2.5004504504520444,1000.0900900904089,1.7841241233916427,399.9639704556463,Micro (<10 ha)
3.5006306306319313,1400.1081081083976,2.1109769651846344,399.9588233779612,Micro (<10 ha)
9.001621621623634,2200.198198198341,2.068695148068494,244.4224263896007,Micro (<10 ha)
2.5004504504497165,900.0900900899433,1.6057277827948484,359.97117636466595,Micro (<10 ha)
13.252387387386989,3800.4144144146703,2.9449570369627875,286.7720587485791,Small (10-50 ha)
5.000900900902925,1400.1621621623635,1.7662382303322608,279.9819852278138,Micro (<10 ha)
6.001081081080483,1900.2162162163295,2.1881814935223103,316.6456494325851,Micro (<10 ha)
3.500630630629603,1200.108108107932,1.809432112617878,342.8262603907135,Micro (<10 ha)
20.003603603602386,5300.540540540591,3.3431903807743995,264.97928301208856,Small (10-50 ha)
6.501171171169262,2100.162162161898,2.323550400435921,323.043665036153,Micro (<10 ha)
5.7510360360355115,2100.198198198341,2.4704854764589217,365.1860612659483,Micro (<10 ha)
3.500630630629603,1200.0720720719546,1.8093777802120987,342.81596623523706,Micro (<10 ha)
4.00072072072071,1500.1621621623635,2.1157490643725727,374.97297784188163,Micro (<10 ha)
2.5004504504497165,1000.0720720719546,1.7840919799069028,399.9567645469989,Micro (<10 ha)
13.502432432435453,3000.2522522527725,2.303280506800911,222.20087138118805,Small (10-50 ha)
11.252027027024887,2600.2702702702954,2.1867451664581266,231.09349666731333,Small (10-50 ha)
5.500990990989376,1400.0900900899433,1.6839553917852155,254.5159758274993,Micro (<10 ha)
7.001261261259206,2200.162162161898,2.345641395556906,314.25225828041584,Micro (<10 ha)
3.250585585584631,1100.0720720719546,1.721216119294151,338.42273741397344,Micro (<10 ha)
3.0005405405396597,900.0720720719546,1.465792870229709,299.9699753798604,Micro (<10 ha)
2.750495495494688,1000.0720720719546,1.7010649586143307,363.59705867908997,Micro (<10 ha)
61.26103603603784,15601.333333332557,5.622955096029351,254.6697598152733,Medium (50-200 ha)
4.750855855854461,1300.1261261259206,1.682653242067062,273.6614550247363,Micro (<10 ha)
7.251306306304177,2300.216216215864,2.4096590842249745,317.2140465527005,Micro (<10 ha)
3.0005405405396597,1200.108108107932,1.9544100555414663,399.96397045583245,Micro (<10 ha)
6.001081081079319,2300.144144143909,2.6487158701717495,383.28829640312387,Micro (<10 ha)
6.501171171169262,1900.1801801798865,2.102296907402819,292.28274877711476,Micro (<10 ha)
5.751036036034347,1800.1621621618979,2.1175498963418846,313.01528122630367,Micro (<10 ha)
3.250585585584631,900.0900900899433,1.4083164287243173,276.9009048958969,Micro (<10 ha)
3.0005405405396597,1100.0900900899433,1.79152787948662,366.6306371224991,Micro (<10 ha)
13.75247747747344,3600.306306305807,2.7386973904279053,261.79328867857515,Small (10-50 ha)
5.250945945944404,1600.1441441439092,1.9698601778311058,304.73445368063426,Micro (<10 ha)
3.250585585584631,900.0720720719546,1.408288237023258,276.8953618891019,Micro (<10 ha)
6.501171171169262,1700.1441441439092,1.8809836107407398,261.513518007884,Micro (<10 ha)
5.751036036034347,1500.1261261259206,1.764614316225145,260.8445011866661,Micro (<10 ha)
2.750495495494688,1100.108108107932,1.8712204906520638,399.9672458689386,Micro (<10 ha)
2.750495495494688,1000.0900900899433,1.7010956062245182,363.60360950530224,Micro (<10 ha)
2.750495495494688,1100.0720720719546,1.8711591954316888,399.954144216514,Micro (<10 ha)
2.750495495494688,1200.108108107932,2.041314727469422,436.32433140636266,Micro (<10 ha)
5.50099099099054,2200.1621621623635,2.646240382671894,399.9574196296202,Micro (<10 ha)
4.00072072072071,1600.1441441443749,2.256758343347882,399.96397045583245,Micro (<10 ha)
2.7504954954958523,1100.090090090409,1.8711898430422722,399.9606950427263,Micro (<10 ha)
13.502432432429632,4000.3063063062727,3.071017621812191,296.2656044623847,Small (10-50 ha)
3.500630630630767,1500.1621621623635,2.261830890077008,428.54054610498974,Micro (<10 ha)
6.001081081082812,2000.1621621628292,2.303273590624467,333.30030625114097,Micro (<10 ha)
4.250765765766846,1400.1261261263862,1.9157050337592665,329.38209331649705,Micro (<10 ha)
15.002702702700626,4200.414414414205,3.059161863115391,279.9771812886815,Small (10-50 ha)
2.500450450453209,800.0900900904089,1.4273314421978878,319.97838227323876,Micro (<10 ha)
5.751036036039004,1600.1441441448405,1.882266574526453,278.2358055344288,Micro (<10 ha)
6.001081081082812,1900.1801801803522,2.1881399964615236,316.63964450843434,Micro (<10 ha)
3.250585585588124,1200.1081081083976,1.8777364438314363,369.19751118974574,Micro (<10 ha)
3.750675675678067,1300.1081081088632,1.8937374981877186,346.6330390920358,Micro (<10 ha)
4.500810810812982,1300.1081081083976,1.728737909584202,288.8608659099712,Micro (<10 ha)
2.750495495494688,1000.054054053966,1.7010343110041433,363.5905078528777,Micro (<10 ha)
10.501891891893465,2700.234234234784,2.3505134217186554,257.11883744672014,Small (10-50 ha)
3.0005405405396597,1200.108108107932,1.9544100555414663,399.96397045583245,Micro (<10 ha)
3.250585585584631,1200.0900900899433,1.8777082521306572,369.1919681832042,Micro (<10 ha)
3.2505855855869594,1200.1261261263862,1.8777646355328321,369.203054196673,Micro (<10 ha)
2.5004504504497165,1000.1081081079319,1.7841562668763826,399.97117636466595,Micro (<10 ha)
6.501171171169262,1900.1801801798865,2.102296907402819,292.28274877711476,Micro (<10 ha)
4.000720720719546,1100.0900900899433,1.5515086552234791,274.97297784187435,Micro (<10 ha)
3.7506756756745743,1500.1261261259206,2.1850837475272344,399.96156848622127,Micro (<10 ha)
2.750495495494688,900.1081081079319,1.5310320170173475,327.2530747940904,Micro (<10 ha)
9.25166666666977,2900.2702702712268,2.6898220555360393,313.4862479124756,Micro (<10 ha)
2.5004504504497165,900.0900900899433,1.6057277827948484,359.97117636466595,Micro (<10 ha)
2.5004504504497165,1100.108108107932,1.962552607473177,439.9639704558324,Micro (<10 ha)
3.250585585584631,900.0900900899433,1.4083164287243173,276.9009048958969,Micro (<10 ha)
3.250585585584631,1200.0720720719546,1.8776800604295978,369.18642517640916,Micro (<10 ha)
3.0005405405396597,1000.054054053966,1.6286163605789925,333.29129886513783,Micro (<10 ha)
3.500630630629603,1200.0900900899433,1.8094049464149884,342.8211133129753,Micro (<10 ha)
3.0005405405396597,1100.0720720719546,1.7914985366338385,366.62463219847115,Micro (<10 ha)
2.750495495494688,900.0900900899433,1.53100136940716,327.24652396787815,Micro (<10 ha)
2.750495495494688,1100.0900900899433,1.8711898430418763,399.96069504272634,Micro (<10 ha)
2.750495495494688,900.0900900899433,1.53100136940716,327.24652396787815,Micro (<10 ha)
3.7506756756745743,1600.1441441439092,2.3307699947199243,426.62823515288795,Micro (<10 ha)
10.001801801798866,3200.2342342338525,2.854550382199519,319.9657719330408,Small (10-50 ha)
3.250585585584631,1100.0720720719546,1.721216119294151,338.42273741397344,Micro (<10 ha)
9.501711711708921,2400.1801801798865,2.1965342951197693,252.60503086219234,Micro (<10 ha)
5.250945945944404,1400.1441441439092,1.7236498367139939,266.64607835571377,Micro (<10 ha)
2.750495495494688,900.054054053966,1.5309400741867853,327.2334223154536,Micro (<10 ha)
19.503513513510114,3700.324324324727,2.363624215896214,189.72603688876399,Small (10-50 ha)
3.250585585584631,1100.1261261259206,1.7213006943973297,338.4393664343584,Micro (<10 ha)
2.750495495494688,800.054054053966,1.3608458373694272,290.8763367780295,Micro (<10 ha)
3.0005405405396597,1000.0900900899433,1.6286750462845552,333.3033087131937,Micro (<10 ha)
27.754999999997672,6900.684684684034,3.6950186575167128,248.62852403835754,Small (10-50 ha)
2.5004504504497165,1100.1261261259206,1.9625847509579168,439.97117636466595,Micro (<10 ha)
4.750855855854461,1500.1261261259206,1.9414978584860836,315.75913301543784,Micro (<10 ha)
2.5004504504497165,800.054054053966,1.4272671552285743,319.9639704558324,Micro (<10 ha)
3.500630630629603,1400.1441441439092,2.111031297590414,399.9691175335707,Micro (<10 ha)
7.251306306304177,2200.1801801798865,2.3048633953307753,303.41845830827515,Micro (<10 ha)
17.00306306305807,5600.504504503682,3.831410067518308,329.3820933165679,Small (10-50 ha)
10.001801801798866,2900.2342342338525,2.586955871304327,289.97117636466595,Small (10-50 ha)
7.251306306304177,2500.198198197875,2.6191560854925484,344.79279906080376,Micro (<10 ha)
2.5004504504497165,900.0900900899433,1.6057277827948484,359.97117636466595,Micro (<10 ha)
18.25328828828642,5300.450450450182,3.4997521619541385,290.38331980170443,Small (10-50 ha)
3.0005405405396597,1200.0720720719546,1.9543513698359034,399.9519606077766,Micro (<10 ha)
3.7506756756757387,1300.1261261263862,1.8937637432330172,346.6378430313492,Micro (<10 ha)
4.500810810810654,1500.1261261263862,1.9946994309313437,333.3013070718683,Micro (<10 ha)
3.2505855855857955,1000.0900900904089,1.5647803698602123,307.66459265836573,Micro (<10 ha)
3.5006306306319313,1300.1081081083976,1.9602045389013063,371.39254188428987,Micro (<10 ha)
8.00144144144142,2400.180180180352,2.3936177546122215,299.9684741488243,Micro (<10 ha)
4.0007207207218745,1600.1261261263862,2.2567329316916256,399.9594667626951,Micro (<10 ha)
6.501171171175083,1600.1621621623635,1.770366831495408,246.13444562991486,Micro (<10 ha)
11.502072072072188,3600.2882882887498,2.9946378084546814,313.0121482224489,Small (10-50 ha)
6.251126126130112,2000.1801801803522,2.256758343347028,319.9711763644425,Micro (<10 ha)
2.7504954954993446,1200.108108109329,2.0413147274700703,436.3243314061319,Micro (<10 ha)
4.000720720725367,1300.1081081088632,1.833603448141903,324.9684741486134,Micro (<10 ha)
2.5004504504497165,900.054054053966,1.6056634958253688,359.9567645469989,Micro (<10 ha)
6.25112612613244,1900.1621621623635,2.143910261516933,303.9711763643442,Micro (<10 ha)
3.5006306306319313,1300.1081081083976,1.9602045389013063,371.39254188428987,Micro (<10 ha)
26.754819819820113,4900.41441441467,2.672556291078676,183.16006040842095,Small (10-50 ha)
3.500630630633095,1500.1621621623635,2.2618308900762556,428.54054610470473,Micro (<10 ha)
3.000540540543152,1200.1261261263862,1.9544393983938684,399.96997537955,Micro (<10 ha)
3.7506756756757387,1400.1261261263862,2.039423745380295,373.29970575878525,Micro (<10 ha)
2.5004504504520444,1100.1081081083976,1.9625526074730937,439.96397045560906,Micro (<10 ha)
3.2505855855857955,1000.1081081083976,1.564808561561272,307.67013566516073,Micro (<10 ha)
3.0005405405396597,1000.0900900899433,1.6286750462845552,333.3033087131937,Micro (<10 ha)
2.5004504504497165,1100.0720720719546,1.9624883205036974,439.9495586381654,Micro (<10 ha)
7.00126126126619,2100.198198198341,2.239067609327925,299.97426461107614,Micro (<10 ha)
4.250765765765681,1600.1621621623635,2.1894018343667856,376.4409168459861,Micro (<10 ha)
27.004864864868576,5600.5585585585795,3.0402227625838014,207.39072706283048,Small (10-50 ha)
5.5009909909917045,1600.1441441443749,1.9245699817729491,290.8828876042033,Micro (<10 ha)
3.7506756756745743,1000.0900900899433,1.4567312466999527,266.64264697055495,Micro (<10 ha)
3.7506756756745743,1300.108108107932,1.893737498187244,346.6330390921103,Micro (<10 ha)
21.503873873876874,6500.594594594557,3.954483777882289,302.29876871122957,Small (10-50 ha)
5.000900900899433,1300.108108107932,1.6400247815293403,259.9747793190827,Micro (<10 ha)
7.751396396396449,2600.216216216795,2.6345992088074763,335.4513281536745,Micro (<10 ha)
3.500630630629603,1000.0900900899433,1.5078600938482318,285.6885503255946,Micro (<10 ha)
9.001621621621307,3400.3783783782274,3.197142084158201,377.75175644027746,Micro (<10 ha)
12.75229729729588,4400.432432432659,3.4761316056679643,345.06978074968254,Small (10-50 ha)
3.500630630629603,1200.0900900899433,1.8094049464149884,342.8211133129753,Micro (<10 ha)
4.000720720719546,1500.1621621618979,2.115749064372224,374.97297784187435,Micro (<10 ha)
3.500630630629603,800.0720720719546,1.2062880750785854,228.55084026047567,Micro (<10 ha)
2.750495495494688,900.0720720719546,1.5309707217969726,327.23997314166587,Micro (<10 ha)
2.5004504504497165,1000.0900900899433,1.7841241233916427,399.9639704558324,Micro (<10 ha)
5.751036036034347,1600.1801801798865,1.8823089640984885,278.24207154217345,Micro (<10 ha)
13.002342342343182,3800.288288288284,2.973040415181794,292.2772057702509,Small (10-50 ha)
4.250765765764518,1300.1441441439092,1.7789059393103368,305.86115909166614,Micro (<10 ha)
4.000720720719546,1100.0720720719546,1.551483243567551,274.96847414885343,Micro (<10 ha)
2.5004504504497165,1000.1081081079319,1.7841562668763826,399.97117636466595,Micro (<10 ha)
2.750495495494688,1000.0900900899433,1.7010956062245182,363.60360950530224,Micro (<10 ha)
4.750855855854461,1500.108108107932,1.941474539151309,315.75534043184126,Micro (<10 ha)
2.5004504504497165,1000.0900900899433,1.7841241233916427,399.9639704558324,Micro (<10 ha)
6.751216216214234,2200.216216215864,2.388742963119202,325.8992373746907,Micro (<10 ha)
10.501891891888809,2700.2342342338525,2.350513421718366,257.11883744674543,Small (10-50 ha)
2.750495495494688,1100.1261261259206,1.8712511382622512,399.9737966951509,Micro (<10 ha)
48.758783783783436,9700.82882882841,3.919019978035679,198.95551275121807,Small (10-50 ha)
2.5004504504497165,1000.0900900899433,1.7841241233916427,399.9639704558324,Micro (<10 ha)
2.5004504504497165,1100.108108107932,1.962552607473177,439.9639704558324,Micro (<10 ha)
5.751036036034347,1800.1801801798865,2.117571091128069,313.01841423014434,Micro (<10 ha)
2.5004504504497165,1000.0900900899433,1.7841241233916427,399.9639704558324,Micro (<10 ha)
3.7506756756745743,1600.1801801798865,2.3308224848107026,426.63784303133264,Micro (<10 ha)
5.250945945944404,1900.1801801798865,2.3392200517303263,361.87387943833255,Micro (<10 ha)
10.001801801798866,2900.216216215864,2.586939799561957,289.96937488745755,Small (10-50 ha)
5.250945945944404,2000.1621621618979,2.462303041177106,380.914635715634,Micro (<10 ha)
3.250585585584631,1100.0900900899433,1.7212443109952107,338.42828042076843,Micro (<10 ha)
4.750855855855625,1200.1081081083976,1.5532076145231892,252.60882344582504,Micro (<10 ha)
10.00180180180003,2700.2702702702954,2.408591674192548,269.9783822735146,Small (10-50 ha)
5.751036036036676,1800.1801801808178,2.117571091128736,313.01841423017953,Micro (<10 ha)
5.500990990994032,1800.126126126852,2.1650978872286184,327.236697728452,Micro (<10 ha)
5.751036036036676,1800.1981981983408,2.1175922859143723,313.0215472339392,Micro (<10 ha)
3.0005405405454804,900.0720720724203,1.4657928702290455,299.96997537943366,Micro (<10 ha)
3.7506756756803954,1400.1261261263862,2.0394237453790294,373.29970575832175,Micro (<10 ha)
8.751576576578664,2900.2522522527725,2.7655893371651836,331.39768896207215,Micro (<10 ha)
3.000540540543152,900.1081081083976,1.4658515559351768,299.98198522772225,Micro (<10 ha)
3.7506756756745743,1200.0900900899433,1.748051250994554,319.96637242544364,Micro (<10 ha)
8.251486486488721,1800.1621621623635,1.7678304111077858,218.16216570311462,Micro (<10 ha)
8.251486486492214,2700.2522522527725,2.651754463864342,327.2443403589304,Micro (<10 ha)
10.001801801802358,2700.180180180818,2.4085113154808333,269.9693748874564,Small (10-50 ha)
4.7508558558567895,1600.1621621623635,2.070966805365239,336.81555717791474,Micro (<10 ha)
105.01891891892883,20601.96396396449,5.671134136226902,196.17383397241528,Medium (50-200 ha)
9.001621621622471,2200.1981981988065,2.0686951480690654,244.422426389684,Micro (<10 ha)
4.750855855855625,1400.1261261263862,1.8120755502769537,294.7102940201129,Micro (<10 ha)
6.751216216217727,2200.198198198341,2.388723401217235,325.89656851946756,Micro (<10 ha)
8.00144144144142,2200.1981981988065,2.194182551111124,274.9752296884212,Micro (<10 ha)
5.751036036034347,1400.1261261259206,1.6469832527103547,243.45632984268065,Micro (<10 ha)
2.750495495494688,1100.0720720719546,1.8711591954316888,399.954144216514,Micro (<10 ha)
40.00720720720827,8300.702702702489,3.7020374663595184,207.4801837506647,Small (10-50 ha)
3.0005405405396597,1100.0900900899433,1.79152787948662,366.6306371224991,Micro (<10 ha)
5.751036036036676,1900.1801801803522,2.2352021546429546,330.4065855740769,Micro (<10 ha)
4.250765765764518,1400.108108107932,1.9156803808317389,329.3778545466658,Micro (<10 ha)
5.000900900899433,1900.1621621618979,2.3969645412065814,379.9639704558324,Micro (<10 ha)
3.7506756756745743,1000.1081081079319,1.4567574917453419,266.6474509097773,Micro (<10 ha)
2.5004504504497165,800.054054053966,1.4272671552285743,319.9639704558324,Micro (<10 ha)
6.001081081079319,2000.1441441439092,2.303252842093884,333.29730378916577,Micro (<10 ha)
2.5004504504497165,900.0900900899433,1.6057277827948484,359.97117636466595,Micro (<10 ha)
5.000900900899433,1600.1261261259206,2.0184832969299458,319.9675734102492,Micro (<10 ha)
7.751396396394121,2600.27027026983,2.634653977624584,335.45830161381656,Micro (<10 ha)
4.000720720719546,1000.0720720719546,1.410448552936293,249.97297784187435,Micro (<10 ha)
4.500810810809489,1800.1801801798865,2.393677650459532,399.96797373851774,Micro (<10 ha)
3.250585585584631,1400.1441441439092,2.190720709504729,430.73597272846075,Micro (<10 ha)
11.001981981979917,3000.3243243242614,2.551689380752319,272.70762024864933,Small (10-50 ha)
6.251126126124291,2000.1621621618979,2.2567380140228113,319.96829400113256,Micro (<10 ha)
3.0005405405396597,1000.0720720719546,1.6286457034317738,333.29730378916577,Micro (<10 ha)
3.0005405405396597,1000.0720720719546,1.6286457034317738,333.29730378916577,Micro (<10 ha)
6.751216216214234,2200.216216215864,2.388742963119202,325.8992373746907,Micro (<10 ha)
4.250765765764518,1200.108108107932,1.6420328860792748,282.3275085570582,Micro (<10 ha)
3.7506756756745743,1200.1441441439092,1.7481299861307216,319.98078424311063,Micro (<10 ha)
9.25166666666395,1900.1801801798865,1.7623000899374557,205.3878775190536,Micro (<10 ha)
3.7506756756745743,1400.1261261259206,2.0394237453799335,373.29970575877695,Micro (<10 ha)
11.752117117113666,3600.306306305807,2.9626235024028387,306.3538484536518,Small (10-50 ha)
9.501711711708921,2900.27027026983,2.654193700277331,305.2366098095608,Micro (<10 ha)
3.7506756756745743,1400.108108107932,2.0393975003345446,373.29490181955464,Micro (<10 ha)
10.501891891888809,2700.27027026983,2.350544790547468,257.12226883190425,Small (10-50 ha)
11.001981981978751,2700.27027026983,2.29650205411074,245.4348929759086,Small (10-50 ha)
9.25166666666395,2700.27027026983,2.504334373017964,291.8685213767562,Micro (<10 ha)
3.7506756756745743,1200.0900900899433,1.748051250994554,319.96637242544364,Micro (<10 ha)
2.750495495494688,900.0900900899433,1.53100136940716,327.24652396787815,Micro (<10 ha)
3.0005405405408236,1300.1441441443749,2.1173215744494414,433.3033087131808,Micro (<10 ha)
7.00126126126037,1800.1081081083976,1.919134947174693,257.11197467645155,Micro (<10 ha)
5.751036036036676,1700.1621621623635,1.9999188328272373,295.6271098822795,Micro (<10 ha)
2.5004504504520444,1100.0900900908746,1.9625204639891847,439.9567645469618,Micro (<10 ha)
4.250765765773831,1500.1261261263862,2.0525287811337747,352.907266310708,Micro (<10 ha)
5.000900900906418,1600.108108109329,2.0184605680542678,319.9639704556649,Micro (<10 ha)
2.5004504504520444,800.0720720724203,1.4272992987134803,319.97117636455425,Micro (<10 ha)
3.0005405405478087,1300.0720720724203,2.1172042030358513,433.27928901606043,Micro (<10 ha)
20.25364864864503,4900.486486486159,3.0717270913964283,241.95573703773132,Small (10-50 ha)
75.76364864864736,15301.459459458943,4.959038537476253,201.9630750680871,Medium (50-200 ha)
18.753378378384514,4600.414414414205,2.9967620851629544,245.31123521278312,Small (10-50 ha)
8.751576576575172,3100.288288288284,2.9563374101580067,354.25483181929104,Micro (<10 ha)
5.75103603603784,1900.1801801808178,2.235202154643276,330.406585574091,Micro (<10 ha)
4.250765765764518,1200.1261261259206,1.6420575390066898,282.3317473269602,Micro (<10 ha)
45.758243243251925,7700.666666667443,3.2113579879009717,168.29026030852,Small (10-50 ha)
6.001081081079319,1600.108108107932,1.8425939742630348,266.636642046527,Micro (<10 ha)
14.752657657667296,3700.3603603602387,2.7177152772665067,250.82669483874835,Small (10-50 ha)
3.250585585584631,1200.108108107932,1.8777364438317168,369.1975111899992,Micro (<10 ha)
11.75211711711483,2500.1621621623635,2.057335835139078,212.7414266933513,Small (10-50 ha)
7.251306306304177,2300.1801801798865,2.409621333616645,317.2090769604015,Micro (<10 ha)
3.7506756756745743,1100.108108107932,1.6024174938926425,293.30931363722163,Micro (<10 ha)
6.751216216214234,2000.1441441439092,2.171527604575698,296.264270034814,Micro (<10 ha)
4.750855855854461,1900.1621621618979,2.459233729993676,399.96207416403416,Micro (<10 ha)
16.753018018020086,4100.324324324261,2.8259648114664544,244.75138270094502,Small (10-50 ha)
2.750495495494688,900.0900900899433,1.53100136940716,327.24652396787815,Micro (<10 ha)
3.250585585584631,1000.0900900899433,1.564780369859764,307.66459265833265,Micro (<10 ha)
8.001441441439091,2400.162162161898,2.393599785857877,299.96622230234294,Micro (<10 ha)
3.250585585584631,1300.1441441439092,2.0342567683692825,399.972284966025,Micro (<10 ha)
3.250585585584631,1000.0720720719546,1.5647521781587044,307.65904965153766,Micro (<10 ha)
7.251306306304177,2400.252252251841,2.5144547731191738,331.00963479712584,Micro (<10 ha)
5.000900900899433,1800.1441441439092,2.270796550155693,359.9639704558324,Micro (<10 ha)
7.001261261259206,2000.1801801798865,2.132436194881337,285.6885503255946,Micro (<10 ha)
3.250585585584631,1200.108108107932,1.8777364438317168,369.1975111899992,Micro (<10 ha)
5.500990990989376,1600.1621621618979,1.9245916529057872,290.88616301734794,Micro (<10 ha)
2.750495495494688,1100.0900900899433,1.8711898430418763,399.96069504272634,Micro (<10 ha)
8.501531531529036,2300.252252251841,2.22547104226316,270.5691608295583,Micro (<10 ha)
5.250945945944404,1800.1621621618979,2.216092700059994,342.8262603907135,Micro (<10 ha)
3.500630630629603,1200.108108107932,1.809432112617878,342.8262603907135,Micro (<10 ha)
3.250585585584631,1100.108108107932,1.72127250269627,338.4338234275634,Micro (<10 ha)
43.75788288288517,7800.720720720477,3.3266081477772205,178.27006716934972,Small (10-50 ha)
3.0005405405396597,1000.054054053966,1.6286163605789925,333.29129886513783,Micro (<10 ha)
12.25220720720361,3000.27027026983,2.4179553678723793,244.8759002790811,Small (10-50 ha)
5.250945945944404,1300.1261261259206,1.6005224850436617,247.59845930809473,Micro (<10 ha)
2.750495495494688,1000.0900900899433,1.7010956062245182,363.60360950530224,Micro (<10 ha)
7.5013513513491485,2200.162162161898,2.2661048782981794,293.30210772838814,Micro (<10 ha)
6.001081081079319,1600.1261261259206,1.842614722793216,266.639644508541,Micro (<10 ha)
2.5004504504497165,900.0720720719546,1.6056956393101085,359.9639704558324,Micro (<10 ha)
4.000720720719546,1200.1261261259206,1.6925941691665936,299.97748153489533,Micro (<10 ha)
16.002882882878183,4700.39639639575,3.3145947580497737,293.7218519186191,Small (10-50 ha)
2.750495495494688,900.0900900899433,1.53100136940716,327.24652396787815,Micro (<10 ha)
5.250945945944404,2200.1801801798865,2.708535563405994,419.00644242571326,Micro (<10 ha)
6.001081081080483,1500.1441441443749,1.7274811286311438,249.9789827659314,Micro (<10 ha)
2.5004504504543728,900.0720720728859,1.6056956393102746,359.9639704555346,Micro (<10 ha)
5.250945945946732,1800.1621621623635,2.216092700060076,342.8262603906502,Micro (<10 ha)
3.750675675679231,1300.1081081083976,1.8937374981867465,346.6330390918041,Micro (<10 ha)
6.501171171171591,1900.1441441443749,2.102257038316973,292.2772057702867,Micro (<10 ha)
11.00198198198108,2900.2162162163295,2.4665503195129523,263.60852262494797,Small (10-50 ha)
7.501351351352642,2300.234234234318,2.36917628576238,306.64264697047423,Micro (<10 ha)
3.000540540543152,900.0900900904089,1.4658222130823955,299.9759803036943,Micro (<10 ha)
2.5004504504508804,1100.1081081083976,1.9625526074735506,439.96397045581386,Micro (<10 ha)
14.00252252252074,3700.3603603602387,2.7895615482715153,264.2638392053161,Small (10-50 ha)
6.501171171173919,2000.2342342347838,2.212993424820081,307.67290716844803,Micro (<10 ha)
3.7506756756769026,1100.1261261263862,1.6024437389382125,293.3141175763861,Micro (<10 ha)
13.252387387386989,4300.396396396216,3.3323951675535888,324.4997501724961,Small (10-50 ha)
2.500450450453209,800.0900900904089,1.4273314421978878,319.97838227323876,Micro (<10 ha)
7.001261261268519,2300.1621621623635,2.452253600596697,328.5353990268905,Micro (<10 ha)
3.500630630633095,1100.1081081083976,1.6586596863343743,314.25997889684265,Micro (<10 ha)
4.000720720719546,1300.0900900899433,1.8335780364859953,324.96397045583245,Micro (<10 ha)
15.252747747756075,3900.3063063067384,2.8172133598944322,255.71171639421732,Small (10-50 ha)
6.5011711711727544,2100.1621621623635,2.3235504004358116,323.04366503605115,Micro (<10 ha)
4.500810810809489,1700.1441441439092,2.2606609522777115,377.7417482336102,Micro (<10 ha)
7.001261261262698,2000.1801801803522,2.132436194881302,285.6885503255186,Micro (<10 ha)
12.752297297301702,4000.432432432659,3.160150696150468,313.70288342314,Small (10-50 ha)
2.5004504504497165,1100.0900900899433,1.962520463988437,439.9567645469989,Micro (<10 ha)
3.0005405405396597,1200.108108107932,1.9544100555414663,399.96397045583245,Micro (<10 ha)
4.750855855854461,1600.1261261259206,2.0709201666955943,336.80797201078866,Micro (<10 ha)
27.504954954956194,5000.468468468171,2.6896780083122884,181.8024598352277,Small (10-50 ha)
4.000720720719546,1600.1261261259206,2.2567329316916256,399.95946676281153,Micro (<10 ha)
9.001621621620142,2900.3063063062727,2.7269586843051026,322.1982025261206,Micro (<10 ha)
2.750495495494688,900.0900900899433,1.53100136940716,327.24652396787815,Micro (<10 ha)
4.500810810809489,1600.1621621618979,2.127716129112803,355.5275325767586,Micro (<10 ha)
3.0005405405396597,800.0900900899433,1.3029693798804256,266.6486518945829,Micro (<10 ha)
14.00252252252074,4600.432432432193,3.4680917989524405,328.543119643847,Small (10-50 ha)
3.500630630629603,1000.1081081079319,1.5078872600511215,285.6936974033328,Micro (<10 ha)
2.750495495494688,1000.0900900899433,1.7010956062245182,363.60360950530224,Micro (<10 ha)
6.001081081081647,2000.2342342343181,2.3033565847448787,333.3123160991839,Micro (<10 ha)
26.004684684686364,5400.540540540591,2.9874902904221377,207.6756786718841,Small (10-50 ha)
2.5004504504497165,900.0900900899433,1.6057277827948484,359.97117636466595,Micro (<10 ha)
13.252387387388152,4000.3783783782274,3.0999099496186644,301.8609599493939,Small (10-50 ha)
9.751756756757386,2800.252252252307,2.529593829731263,287.1536198143887,Micro (<10 ha)
3.0005405405396597,900.0900900899433,1.4658222130824903,299.97598030388826,Micro (<10 ha)
2.5004504504497165,900.0900900899433,1.6057277827948484,359.97117636466595,Micro (<10 ha)
5.250945945944404,1300.0720720719546,1.600455941708333,247.58816515261827,Micro (<10 ha)
3.0005405405396597,900.0900900899433,1.4658222130824903,299.97598030388826,Micro (<10 ha)
2.5004504504497165,900.0900900899433,1.6057277827948484,359.97117636466595,Micro (<10 ha)
4.500810810809489,1600.1261261259206,2.1276682124348616,355.519526011388,Micro (<10 ha)
2.5004504504497165,1100.0900900899433,1.962520463988437,439.9567645469989,Micro (<10 ha)
2.5004504504497165,800.0720720719546,1.4272992987133142,319.97117636466595,Micro (<10 ha)
3.7506756756745743,1300.1261261259206,1.893763743232633,346.63784303133264,Micro (<10 ha)
3.0005405405396597,900.054054053966,1.4657635273769276,299.96397045583245,Micro (<10 ha)
3.7506756756745743,1300.1261261259206,1.893763743232633,346.63784303133264,Micro (<10 ha)
4.750855855854461,1900.1621621618979,2.459233729993676,399.96207416403416,Micro (<10 ha)
3.0005405405396597,1200.0900900899433,1.9543807126886847,399.9579655318045,Micro (<10 ha)
73.0131531531585,16301.351351352409,5.381683138818809,223.265954795259,Medium (50-200 ha)
32.25581081081065,6200.486486486625,3.0797598416305427,192.2285111000375,Small (10-50 ha)
7.751396396394121,1700.1801801798865,1.7226618808069496,219.338567302634,Micro (<10 ha)
4.500810810809489,1200.108108107932,1.595769128080374,266.64264697055495,Micro (<10 ha)
32.005765765756365,6600.576576575637,3.2912648422886575,206.230859304661,Small (10-50 ha)
4.750855855854461,1800.1441441439092,2.3297881024493905,378.9094425850868,Micro (<10 ha)
19.253468468462817,4800.450450449716,3.086189364563651,249.3291252073804,Small (10-50 ha)
3.0005405405396597,1200.108108107932,1.9544100555414663,399.96397045583245,Micro (<10 ha)
3.000540540541988,900.0900900904089,1.46582221308268,299.97598030381073,Micro (<10 ha)
10.001801801804685,2900.234234234318,2.5869558713039895,289.9711763645438,Small (10-50 ha)
8.251486486485227,2300.234234234318,2.2589209558026204,278.76604270052167,Micro (<10 ha)
2.7504954954993446,1000.0720720728859,1.701064958614475,363.59705867881297,Micro (<10 ha)
3.2505855855869594,1300.1081081083976,2.0342003849671633,399.96119895229174,Micro (<10 ha)
4.7508558558567895,1300.1081081083976,1.682629922732478,273.6576624411036,Micro (<10 ha)
5.000900900902925,1300.1261261263862,1.6400475104053855,259.978382273411,Micro (<10 ha)
2.750495495497016,800.0720720724203,1.3608764849798305,290.88288760416486,Micro (<10 ha)
5.250945945949061,1600.1261261263862,1.9698379967190298,304.7310222952939,Micro (<10 ha)
2.500450450455537,1000.0720720728859,1.7840919799064878,399.95676454644035,Micro (<10 ha)
4.50081081081531,1600.1261261263862,2.127668212434105,355.51952601103164,Micro (<10 ha)
2.5004504504520444,800.0720720724203,1.4272992987134803,319.97117636455425,Micro (<10 ha)
2.500450450453209,900.0720720724203,1.6056956393098176,359.9639704555159,Micro (<10 ha)
2.750495495497016,1000.1081081083976,1.7011262538347776,363.610160331376,Micro (<10 ha)
2.7504954954958523,1000.0900900904089,1.70109560622495,363.6036095053176,Micro (<10 ha)
4.500810810814146,1500.1441441443749,1.9947233892695404,333.30531035429493,Micro (<10 ha)
8.001441441446078,1900.1981981983408,1.8950027927264237,237.4819852277671,Micro (<10 ha)
6.251126126125455,2200.2162162163295,2.4824545070073456,351.9711763646749,Micro (<10 ha)
12.252207207215251,2800.2162162163295,2.2567293014543677,228.54789907301756,Small (10-50 ha)
3.0005405405408236,1300.1441441443749,2.1173215744494414,433.3033087131808,Micro (<10 ha)
3.000540540543152,1100.0900900908746,1.791527879487094,366.6306371223828,Micro (<10 ha)
5.250945945949061,1400.1441441443749,1.7236498367138031,266.646078355566,Micro (<10 ha)
4.500810810812982,1300.126126126852,1.7287618679237917,288.86486919275995,Micro (<10 ha)
2.750495495497016,900.0900900908746,1.5310013694080962,327.2465239679397,Micro (<10 ha)
6.251126126127783,2200.180180180352,2.4824138483573988,351.965411637477,Micro (<10 ha)
3.2505855855857955,1100.1081081083976,1.7212725026966904,338.4338234275855,Micro (<10 ha)
4.25076576576801,1300.1081081083976,1.7788566334554132,305.85268155172025,Micro (<10 ha)
36.75662162162247,8900.846846846864,4.141508934018421,242.15628243730774,Small (10-50 ha)
12.00216216216446,3800.3243243251927,3.094467916514651,316.63664204648984,Small (10-50 ha)
3.2505855855857955,1200.1261261263862,1.8777646355331685,369.2030541968052,Micro (<10 ha)
2.5004504504497165,1000.0900900899433,1.7841241233916427,399.9639704558324,Micro (<10 ha)
6.001081081079319,1600.108108107932,1.8425939742630348,266.636642046527,Micro (<10 ha)
3.7506756756745743,1200.108108107932,1.7480774960399432,319.97117636466595,Micro (<10 ha)
4.250765765764518,1700.1441441439092,2.326200928815265,399.9618510708814,Micro (<10 ha)
9.501711711714742,3700.4144144146703,3.3864487485292445,389.4471361252097,Micro (<10 ha)
5.250945945944404,1600.1261261259206,1.9698379967193296,304.73102229547544,Micro (<10 ha)
5.250945945944404,1800.1801801798865,2.2161148811717704,342.82969177587233,Micro (<10 ha)
8.501531531529036,2200.162162161898,2.128634881405315,258.79597740740127,Micro (<10 ha)
2.5004504504497165,900.0900900899433,1.6057277827948484,359.97117636466595,Micro (<10 ha)
3.0005405405396597,1300.108108107932,2.117262888743531,433.29129886513783,Micro (<10 ha)
2.5004504504497165,900.0900900899433,1.6057277827948484,359.97117636466595,Micro (<10 ha)
4.250765765764518,1200.0720720719546,1.6419835802244447,282.3190310172541,Micro (<10 ha)
15.252747747744433,4700.414414414205,3.3951359830177643,308.1683701947604,Small (10-50 ha)
11.25202702702838,3000.2522522527725,2.5231173796737107,266.6410456574533,Small (10-50 ha)
89.51612612613127,22502.108108108863,6.709152060057586,251.374909548729,Medium (50-200 ha)
2.750495495494688,1000.1081081079319,1.7011262538347056,363.6101603315145,Micro (<10 ha)
3.500630630629603,1300.108108107932,1.9602045389012566,371.39254188440384,Micro (<10 ha)
2.750495495494688,900.0720720719546,1.5309707217969726,327.23997314166587,Micro (<10 ha)
32.00576576575986,10000.900900900364,4.986778525251362,312.4718519186141,Small (10-50 ha)
20.003603603604716,6100.5405405410565,3.847771429473844,304.97207710323346,Small (10-50 ha)
6.251126126124291,2200.216216215864,2.482454507007052,351.97117636466595,Micro (<10 ha)
8.001441441439091,2000.1801801798865,1.9947114101004677,249.9774815348953,Micro (<10 ha)
8.001441441439091,2800.27027026983,2.792613942894883,349.9707259953639,Micro (<10 ha)
3.0005405405396597,1100.1261261259206,1.7915865651921827,366.64264697055495,Micro (<10 ha)
3.250585585584631,1300.108108107932,2.0342003849671633,399.961198952435,Micro (<10 ha)
14.252567567563382,3200.306306305807,2.3913330216964805,224.54244059078903,Small (10-50 ha)
7.001261261259206,2000.1621621618979,2.1324169854750545,285.68597678672546,Micro (<10 ha)
3.0005405405396597,900.1081081079319,1.4658515559352716,299.9819852279162,Micro (<10 ha)
17.253108108103042,3900.3423423417844,2.6488912207223896,226.0660698294681,Small (10-50 ha)
6.501171171169262,1900.1441441439092,2.102257038316834,292.27720577031977,Micro (<10 ha)
4.750855855854461,1200.1261261259206,1.5532309338575512,252.61261602938552,Micro (<10 ha)
2.750495495494688,1100.0900900899433,1.8711898430418763,399.96069504272634,Micro (<10 ha)
3.0005405405396597,1200.108108107932,1.9544100555414663,399.96397045583245,Micro (<10 ha)
3.250585585584631,1000.0720720719546,1.5647521781587044,307.65904965153766,Micro (<10 ha)
9.001621621618979,2700.2342342338525,2.5388446657140222,299.97197702120303,Micro (<10 ha)
4.000720720719546,1600.1801801798865,2.2568091666594103,399.97297784187435,Micro (<10 ha)
4.250765765764518,1500.1441441439092,2.052553434062801,352.9115050812738,Micro (<10 ha)
2.750495495494688,1200.1441441439092,2.041376022689797,436.33743305878727,Micro (<10 ha)
3.0005405405396597,900.0900900899433,1.4658222130824903,299.97598030388826,Micro (<10 ha)
6.751216216214234,2000.1801801798865,2.171566728379407,296.2696077450611,Micro (<10 ha)
5.000900900899433,1500.1261261259206,1.8923380347550873,299.97117636466595,Micro (<10 ha)
3.250585585584631,1200.108108107932,1.8777364438317168,369.1975111899992,Micro (<10 ha)
3.0005405405396597,1300.0720720719546,2.1172042030379683,433.27928901708196,Micro (<10 ha)
9.001621621618979,2200.162162161898,2.068661265860687,244.4184231069901,Micro (<10 ha)
3.0005405405396597,900.0720720719546,1.465792870229709,299.9699753798604,Micro (<10 ha)
5.250945945944404,1800.1261261259206,2.2160483378364417,342.8193976203959,Micro (<10 ha)
22.504054054052105,5500.504504504614,3.2708995834656838,244.4228267179347,Small (10-50 ha)
2.7504954954958523,1000.0900900904089,1.70109560622495,363.6036095053176,Micro (<10 ha)
4.250765765766846,1600.126126126852,2.189352528512293,376.4324393061884,Micro (<10 ha)
4.25076576576801,1400.1261261263862,1.915705033759004,329.38209331640684,Micro (<10 ha)
5.751036036040168,1200.0720720724203,1.4116575413220545,208.67058814305756,Micro (<10 ha)
15.502792792790569,4500.432432432193,3.2243660711074096,290.29817353458265,Small (10-50 ha)
2.750495495497016,800.0900900904089,1.360907132590018,290.88943843037714,Micro (<10 ha)
3.7506756756769026,1200.1261261263862,1.7481037410854678,319.97598030381386,Micro (<10 ha)
7.0012612612638625,1900.1801801803522,2.025823989840234,271.40540957863544,Micro (<10 ha)
4.250765765770338,1100.090090090409,1.5051844857752343,258.7980967921075,Micro (<10 ha)
4.500810810812982,1700.1621621623635,2.2606849106164244,377.7457515161059,Micro (<10 ha)
3.0005405405466443,1100.090090090409,1.7915278794852931,366.6306371218009,Micro (<10 ha)
5.500990990995197,1800.1441441448405,2.16511955836138,327.23997314148886,Micro (<10 ha)
4.500810810814146,1300.126126126852,1.7287618679235681,288.86486919268526,Micro (<10 ha)
3.2505855855869594,1100.1081081083976,1.721272502696382,338.4338234274643,Micro (<10 ha)
23.75427927928162,5400.486486486625,3.125770028318823,227.34794110116007,Small (10-50 ha)
2.7504954954993446,1100.1261261263862,1.8712511382614594,399.973796694643,Micro (<10 ha)
11.001981981986901,2900.2702702702954,2.4665962909275807,263.6134357444677,Small (10-50 ha)
2.750495495494688,800.0720720719546,1.3608764849796144,290.8828876042418,Micro (<10 ha)
2.5004504504497165,800.054054053966,1.4272671552285743,319.9639704558324,Micro (<10 ha)
3.2505855855869594,1300.1261261263862,2.0342285766682227,399.96674195908673,Micro (<10 ha)
20.00360360360821,5500.468468469102,3.469290185196971,274.97387858040435,Small (10-50 ha)
5.751036036039004,1400.1261261263862,1.6469832527102357,243.4563298425645,Micro (<10 ha)
19.75355855855858,3700.3423423427157,2.3486283624276965,187.32535362543456,Small (10-50 ha)
4.00072072072071,1600.1441441443749,2.256758343347882,399.96397045583245,Micro (<10 ha)
4.500810810812982,1600.1621621623635,2.1277161291125966,355.52753257658617,Micro (<10 ha)
4.00072072072071,1500.1261261263862,2.1156982410607164,374.9639704558397,Micro (<10 ha)
2.5004504504497165,900.0720720719546,1.6056956393101085,359.9639704558324,Micro (<10 ha)
2.750495495494688,1000.0900900899433,1.7010956062245182,363.60360950530224,Micro (<10 ha)
5.000900900901761,1600.1621621623635,2.0185287546821242,319.9747793190269,Micro (<10 ha)
3.250585585584631,1300.108108107932,2.0342003849671633,399.961198952435,Micro (<10 ha)
12.002162162167952,3800.34234234225,3.094482587939833,316.6381432773271,Small (10-50 ha)
10.501891891888809,2900.2342342338525,2.524610423520529,276.16302510920565,Small (10-50 ha)
3.0005405405396597,1100.108108107932,1.7915572223394014,366.636642046527,Micro (<10 ha)
2.750495495494688,800.0720720719546,1.3608764849796144,290.8828876042418,Micro (<10 ha)
4.750855855854461,1600.1261261259206,2.0709201666955943,336.80797201078866,Micro (<10 ha)
3.250585585584631,1100.108108107932,1.72127250269627,338.4338234275634,Micro (<10 ha)
13.002342342344345,3400.324324324727,2.6601407246122615,261.51628951123604,Small (10-50 ha)
4.500810810809489,1600.1621621618979,2.127716129112803,355.5275325767586,Micro (<10 ha)
3.0005405405396597,1200.108108107932,1.9544100555414663,399.96397045583245,Micro (<10 ha)
4.000720720719546,1600.1621621618979,2.256783755003482,399.96847414885343,Micro (<10 ha)
3.0005405405396597,1100.0720720719546,1.7914985366338385,366.62463219847115,Micro (<10 ha)
4.250765765764518,1600.0900900899433,2.189303222656788,376.4239617663714,Micro (<10 ha)
4.250765765764518,1100.108108107932,1.5052091387030426,258.80233556225437,Micro (<10 ha)
2.750495495494688,900.1081081079319,1.5310320170173475,327.2530747940904,Micro (<10 ha)
2.750495495494688,800.0720720719546,1.3608764849796144,290.8828876042418,Micro (<10 ha)
2.5004504504497165,1000.0720720719546,1.7840919799069028,399.9567645469989,Micro (<10 ha)
9.251666666665114,3400.4144144142047,3.1536749466458973,367.5461445953639,Micro (<10 ha)
4.000720720719546,1300.108108107932,1.8336034481419234,324.96847414885343,Micro (<10 ha)
18.50333333333023,5200.432432432193,3.4104331398244696,281.0538154800792,Small (10-50 ha)
4.250765765764518,1600.1261261259206,2.189352528511618,376.4324393061755,Micro (<10 ha)
10.751936936933781,3400.252252251841,2.9252490751523883,316.2455539124023,Small (10-50 ha)
35.00630630630534,5800.558558559045,2.7656151092882824,165.70038860438834,Small (10-50 ha)
4.250765765764518,1600.1441441439092,2.189377181439033,376.43667807607756,Micro (<10 ha)
2.750495495494688,1000.0720720719546,1.7010649586143307,363.59705867908997,Micro (<10 ha)
2.5004504504497165,700.0720720719546,1.2489029581165199,279.97838227349945,Micro (<10 ha)
4.000720720719546,1700.1441441439092,2.397793033978812,424.95946676281153,Micro (<10 ha)
3.0005405405396597,1300.1261261259206,2.1172922315963123,433.29730378916577,Micro (<10 ha)
8.001441441439091,2500.216216215864,2.4933802782484706,312.4707259953639,Micro (<10 ha)
5.500990990989376,2100.144144143909,2.5259439232443186,381.775601447802,Micro (<10 ha)
3.500630630629603,1400.1261261259206,2.1110041313875243,399.96397045583245,Micro (<10 ha)
5.000900900899433,1300.108108107932,1.6400247815293403,259.9747793190827,Micro (<10 ha)
4.500810810809489,1700.1621621618979,2.260684910616682,377.7457515162955,Micro (<10 ha)
2.750495495494688,900.054054053966,1.5309400741867853,327.2334223154536,Micro (<10 ha)
9.001621621618979,2700.2342342338525,2.5388446657140222,299.97197702120303,Micro (<10 ha)
3.7506756756757387,1000.1081081083976,1.456757491745794,266.6474509098187,Micro (<10 ha)
2.5004504504520444,900.0540540544316,1.6056634958254516,359.95676454685,Micro (<10 ha)
2.5004504504520444,1000.1081081083976,1.7841562668763824,399.9711763644798,Micro (<10 ha)
3.000540540541988,1100.1261261263862,1.7915865651922458,366.64264697042563,Micro (<10 ha)
4.750855855859117,1800.1621621623635,2.3298114217836257,378.91323516841,Micro (<10 ha)
4.00072072072071,1700.1441441443749,2.3977930339791196,424.95946676280425,Micro (<10 ha)
7.0012612612638625,1800.1801801812835,1.9192117848003367,257.1222688319328,Micro (<10 ha)
2.7504954955005085,1000.0900900904089,1.7010956062235103,363.6036095047021,Micro (<10 ha)
10.751936936940766,2600.2162162163295,2.2369752351882943,241.83700401763755,Small (10-50 ha)
11.502072072072188,3100.288288288284,2.5787491950068886,269.541719862458,Small (10-50 ha)
8.751576576578664,2800.2882882887498,2.6702668449147504,319.9752940267927,Micro (<10 ha)
2.5004504504497165,900.0900900899433,1.6057277827948484,359.97117636466595,Micro (<10 ha)
2.5004504504520444,1100.1441441443749,1.9626168944425735,439.97838227327605,Micro (<10 ha)
2.750495495494688,1000.0720720719546,1.7010649586143307,363.59705867908997,Micro (<10 ha)
2.5004504504497165,900.0900900899433,1.6057277827948484,359.97117636466595,Micro (<10 ha)
2.750495495494688,900.0720720719546,1.5309707217969726,327.23997314166587,Micro (<10 ha)
2.750495495494688,900.0900900899433,1.53100136940716,327.24652396787815,Micro (<10 ha)
7.501351351353805,2400.180180180352,2.472117786879466,319.9663724253071,Micro (<10 ha)
13.752477477480424,3200.324324324727,2.434437275572293,232.7089304138279,Small (10-50 ha)
5.500990990989376,1700.1441441439092,2.044844770067101,309.06143037295385,Micro (<10 ha)
22.00396396396798,5400.540540541522,3.247744350941427,245.4348929758764,Small (10-50 ha)
2.5004504504497165,1100.0900900899433,1.962520463988437,439.9567645469989,Micro (<10 ha)
12.752297297302867,3300.2882882887498,2.6070702375018846,258.799509715537,Small (10-50 ha)
9.251666666672099,2400.198198198341,2.2260360068329716,259.4341414012176,Micro (<10 ha)
11.752117117119488,3600.3243243242614,2.9626383290863916,306.3553816256319,Small (10-50 ha)
8.251486486487556,3000.234234234784,2.9463486297013532,363.59924228778635,Micro (<10 ha)
3.7506756756745743,1200.1441441439092,1.7481299861307216,319.98078424311063,Micro (<10 ha)
2.750495495494688,900.0720720719546,1.5309707217969726,327.23997314166587,Micro (<10 ha)
2.750495495494688,1100.1261261259206,1.8712511382622512,399.9737966951509,Micro (<10 ha)
3.0005405405396597,1300.0900900899433,2.1172335458907496,433.2852939411099,Micro (<10 ha)
43.757882882880516,12801.081081080716,5.459005923846114,292.5434284684945,Small (10-50 ha)
3.7506756756745743,1000.1081081079319,1.4567574917453419,266.6474509097773,Micro (<10 ha)
3.500630630629603,1300.1261261259206,1.9602317051041462,371.39768896214207,Micro (<10 ha)
2.750495495494688,1000.0720720719546,1.7010649586143307,363.59705867908997,Micro (<10 ha)
4.500810810809489,1600.1801801798865,2.1277400874517736,355.53153585944386,Micro (<10 ha)
3.0005405405396597,1200.0900900899433,1.9543807126886847,399.9579655318045,Micro (<10 ha)
4.000720720719546,1200.108108107932,1.6925687575106654,299.97297784187435,Micro (<10 ha)
5.000900900899433,1300.108108107932,1.6400247815293403,259.9747793190827,Micro (<10 ha)
7.5013513513491485,2300.198198197875,2.3691391696633173,306.63784303133264,Micro (<10 ha)
2.5004504504497165,1000.1081081079319,1.7841562668763826,399.97117636466595,Micro (<10 ha)
7.251306306304177,1900.2162162158638,1.990627331081497,262.05157194419496,Micro (<10 ha)
4.500810810809489,1500.1621621618979,1.9947473476089237,333.30931363722163,Micro (<10 ha)
5.000900900899433,1900.1801801798865,2.396987270082612,379.9675734102492,Micro (<10 ha)
7.251306306304177,1800.1621621618979,1.885812766883133,248.25349890362014,Micro (<10 ha)
20.75373873873381,4900.450450450182,3.0344703453639403,236.12374195037015,Small (10-50 ha)
3.7506756756745743,1100.108108107932,1.6024174938926425,293.30931363722163,Micro (<10 ha)
9.25166666666395,2300.2342342338525,2.1333255867787106,248.62917321936888,Micro (<10 ha)
4.500810810809489,1700.1801801798865,2.2607088689556525,377.7497547989808,Micro (<10 ha)
3.7506756756745743,1400.1441441439092,2.039449990425323,373.3045096979993,Micro (<10 ha)
18.003243243237957,4000.3783783777617,2.6596271926367754,222.20320662946713,Small (10-50 ha)
5.500990990989376,1600.1261261259206,1.9245483106398058,290.87961219113566,Micro (<10 ha)
4.500810810809489,1700.1621621618979,2.260684910616682,377.7457515162955,Micro (<10 ha)
3.0005405405396597,1200.108108107932,1.9544100555414663,399.96397045583245,Micro (<10 ha)
3.7506756756745743,1100.108108107932,1.6024174938926425,293.30931363722163,Micro (<10 ha)
6.501171171169262,2400.252252251841,2.655560214515024,369.2030541967942,Micro (<10 ha)
4.250765765764518,1400.108108107932,1.9156803808317389,329.3778545466658,Micro (<10 ha)
6.751216216214234,2200.1801801798865,2.388703839315493,325.8938996644436,Micro (<10 ha)
18.253288288284093,5200.522522522137,3.4337723013604204,284.90880330094285,Small (10-50 ha)
2.5004504504520444,1000.0900900904089,1.7841241233916427,399.9639704556463,Micro (<10 ha)
2.7504954954958523,1200.1441441443749,2.0413760226901565,436.3374330587718,Micro (<10 ha)
9.251666666665114,3000.288288288284,2.78258260739666,324.2970587233422,Micro (<10 ha)
2.750495495497016,1000.0900900908746,1.7010956062253821,363.60360950533305,Micro (<10 ha)
20.253648648646195,4600.378378378693,2.883613072805829,227.13825336780462,Small (10-50 ha)
9.251666666665114,2800.180180180352,2.596994661267038,302.66764693001136,Micro (<10 ha)
12.752297297294717,3600.3243243242614,2.8440843863885004,282.32750855706894,Small (10-50 ha)
5.250945945946732,2200.198198198341,2.7085577445177433,419.009873810775,Micro (<10 ha)
3.750675675678067,1100.090090090409,1.6023912488471854,293.30450969785034,Micro (<10 ha)
3.7506756756838877,1600.1081081083976,2.3307175046269304,426.6186272735081,Micro (<10 ha)
6.501171171177411,2300.216216216795,2.544883631640427,353.81566730848107,Micro (<10 ha)
7.2513063063076695,2200.198198198341,2.3048822706348733,303.4209431043427,Micro (<10 ha)
2.500450450453209,800.0720720724203,1.4272992987131479,319.97117636440527,Micro (<10 ha)
5.250945945951389,1700.126126126852,2.0929431672776406,323.77520995768236,Micro (<10 ha)
8.001441441443749,2700.252252252307,2.692869388012426,337.4707259952257,Micro (<10 ha)
4.500810810814146,1400.1261261263862,1.8617306494267594,311.0830881320957,Micro (<10 ha)
5.751036036039004,2000.1621621628292,2.3528120233716083,347.79162391415485,Micro (<10 ha)
7.50135135135497,2300.198198198341,2.3691391696628776,306.63784303115676,Micro (<10 ha)
11.252027027027216,3000.234234234318,2.5231022270894297,266.63944434436536,Small (10-50 ha)
4.50081081081531,1300.090090090409,1.7287139512447838,288.8568626271365,Micro (<10 ha)
5.50099099099054,2100.180180180352,2.525987265510593,381.78215227401813,Micro (<10 ha)
3.0005405405396597,1100.108108107932,1.7915572223394014,366.636642046527,Micro (<10 ha)
65.01171171172406,12601.04504504567,4.408652129568019,193.8273076229929,Medium (50-200 ha)
6.751216216214234,1700.108108107932,1.84578281436786,251.82249444549308,Micro (<10 ha)
4.750855855859117,1700.1801801803522,2.200412432908953,357.86818875667643,Micro (<10 ha)
21.75391891891719,6400.486486486625,3.871143764494747,294.2222277440212,Small (10-50 ha)
7.00126126126037,2000.1441441443749,2.1323977760690913,285.6834032478754,Micro (<10 ha)
6.501171171169262,1900.1621621618979,2.1022769728598263,292.2799772737173,Micro (<10 ha)
3.500630630629603,1200.1261261259206,1.8094592788207677,342.83140746845174,Micro (<10 ha)
2.5004504504497165,900.0900900899433,1.6057277827948484,359.97117636466595,Micro (<10 ha)
2.5004504504497165,900.1261261259206,1.605792069764328,359.98558818233295,Micro (<10 ha)
37.756801801810504,8200.702702702489,3.764857439035701,217.19802290853065,Small (10-50 ha)
3.500630630629603,1300.1261261259206,1.9602317051041462,371.39768896214207,Micro (<10 ha)
2.750495495494688,1100.108108107932,1.8712204906520638,399.9672458689386,Micro (<10 ha)
5.000900900899433,1900.1981981978752,2.3970099989586426,379.97117636466595,Micro (<10 ha)
9.751756756753894,2800.216216215864,2.529561276758904,287.14992447658045,Micro (<10 ha)
22.754099099099403,5900.5585585585795,3.4894611716206194,259.31848731344064,Small (10-50 ha)
8.251486486484064,2000.1801801798865,1.9642560123420303,242.40240633686815,Micro (<10 ha)
5.500990990989376,1400.1441441439092,1.6840204051841876,254.5258020668177,Micro (<10 ha)
2.750495495494688,1200.1261261259206,2.0413453750796093,436.33088223257494,Micro (<10 ha)
2.750495495494688,1200.1261261259206,2.0413453750796093,436.33088223257494,Micro (<10 ha)
62.51126126126503,11801.04504504567,4.210526502507414,188.78270581877,Medium (50-200 ha)
5.500990990989376,1900.1441441439092,2.2853943466557096,345.4185159103779,Micro (<10 ha)
4.500810810809489,1400.108108107932,1.8617066910881326,311.0790848496288,Micro (<10 ha)
10.001801801802358,3300.2702702702954,2.9437806959825568,329.96757341018053,Small (10-50 ha)
2.750495495494688,1200.0900900899433,2.0412840798592344,436.3177805801504,Micro (<10 ha)
3.500630630629603,1400.1441441439092,2.111031297590414,399.9691175335707,Micro (<10 ha)
6.251126126124291,1900.1621621618979,2.143910261517805,303.97117636466595,Micro (<10 ha)
11.502072072068694,2600.216216215864,2.1628006336512775,226.06502549485455,Small (10-50 ha)
3.250585585584631,1300.1261261259206,2.034228576668223,399.96674195923,Micro (<10 ha)
4.750855855854461,1600.1261261259206,2.0709201666955943,336.80797201078866,Micro (<10 ha)
8.001441441440257,2400.2702702702954,2.3937075983835356,299.9797333814203,Micro (<10 ha)
10.501891891888809,3100.27027026983,2.698738794151794,295.21064415682474,Small (10-50 ha)
3.7506756756745743,1400.1261261259206,2.0394237453799335,373.29970575877695,Micro (<10 ha)
14.752657657653327,4100.342342341784,3.0114804885450193,277.9392322043496,Small (10-50 ha)
2.750495495494688,1100.0720720719546,1.8711591954316888,399.954144216514,Micro (<10 ha)
2.5004504504508804,1100.1081081083976,1.9625526074735506,439.96397045581386,Micro (<10 ha)
3.000540540544316,1000.0720720728859,1.6286457034320265,333.2973037889589,Micro (<10 ha)
4.500810810811817,1500.1081081083976,1.994675472592115,333.2973037890969,Micro (<10 ha)
3.5006306306342596,900.0720720724203,1.3570605013617631,257.117121753957,Micro (<10 ha)
7.001261261261534,2400.1621621623635,2.5588658056388285,342.8185397740587,Micro (<10 ha)
10.251846846848494,3200.288288288284,2.819571521232457,312.167001331285,Small (10-50 ha)
9.501711711712414,2200.2162162163295,2.013536490095808,231.55998445040206,Micro (<10 ha)
24.254369369369233,6900.576576576568,3.952623551848453,284.50859601780803,Small (10-50 ha)
7.501351351356134,2200.2162162163295,2.2661605524463058,293.3093136370106,Micro (<10 ha)
4.500810810814146,1300.1081081083976,1.7287379095839783,288.8608659098965,Micro (<10 ha)
3.0005405405396597,900.0900900899433,1.4658222130824903,299.97598030388826,Micro (<10 ha)
9.751756756756222,2500.2522522527725,2.2585903341328075,256.3899320520423,Micro (<10 ha)
4.750855855857953,1800.1801801803522,2.329834741118686,378.91702775209944,Micro (<10 ha)
21.003783783782275,4600.396396396216,2.8316629150762997,219.02703073663974,Small (10-50 ha)
2.5004504504508804,1100.1441441443749,1.9626168944430304,439.97838227348086,Micro (<10 ha)
2.750495495494688,900.0900900899433,1.53100136940716,327.24652396787815,Micro (<10 ha)
3.0005405405396597,900.0720720719546,1.465792870229709,299.9699753798604,Micro (<10 ha)
14.502612612611847,4600.360360360704,3.4077191701844827,317.2090769603893,Small (10-50 ha)
2.5004504504497165,900.0900900899433,1.6057277827948484,359.97117636466595,Micro (<10 ha)
2.5004504504497165,900.054054053966,1.6056634958253688,359.9567645469989,Micro (<10 ha)
11.502072072071023,2500.252252252307,2.0796528849160336,217.37407282669895,Small (10-50 ha)
9.501711711710087,2400.198198198341,2.1965507843798124,252.60692715400867,Micro (<10 ha)
6.5011711711704265,2200.198198198341,2.43422698331025,338.4310519241769,Micro (<10 ha)
4.250765765764518,1400.1261261259206,1.915705033759154,329.3820933165679,Micro (<10 ha)
5.250945945944404,1600.1441441439092,1.9698601778311058,304.73445368063426,Micro (<10 ha)
3.7506756756745743,1100.0900900899433,1.6023912488472534,293.3045096979993,Micro (<10 ha)
5.250945945944404,1900.1801801798865,2.3392200517303263,361.87387943833255,Micro (<10 ha)
7.251306306305342,2100.180180180352,2.200105457045217,289.6278396561665,Micro (<10 ha)
5.000900900899433,1700.1621621618979,2.144674016856865,339.97117636466595,Micro (<10 ha)
71.76292792792782,18401.567567567807,6.127732718721201,256.4216385659274,Medium (50-200 ha)
3.250585585584631,1200.108108107932,1.8777364438317168,369.1975111899992,Micro (<10 ha)
3.250585585584631,900.0900900899433,1.4083164287243173,276.9009048958969,Micro (<10 ha)
8.501531531529036,2900.2342342338525,2.805947607593541,341.1425604290188,Micro (<10 ha)
3.500630630629603,1300.1441441439092,1.960258871307036,371.4028360398803,Micro (<10 ha)
3.7506756756745743,1000.1081081079319,1.4567574917453419,266.6474509097773,Micro (<10 ha)
2.750495495494688,900.0720720719546,1.5309707217969726,327.23997314166587,Micro (<10 ha)
8.501531531529036,2100.162162161898,2.031885881808226,247.03339090999935,Micro (<10 ha)
8.001441441439091,2300.2342342338525,2.2939450747468797,287.47748153489533,Micro (<10 ha)
12.002162162158639,2800.252252251841,2.2801450647983774,233.31231609923557,Small (10-50 ha)
2.5004504504497165,800.0720720719546,1.4272992987133142,319.97117636466595,Micro (<10 ha)
5.751036036034347,1800.1801801798865,2.117571091128069,313.01841423014434,Micro (<10 ha)
3.250585585584631,1200.0900900899433,1.8777082521306572,369.1919681832042,Micro (<10 ha)
3.250585585584631,1100.108108107932,1.72127250269627,338.4338234275634,Micro (<10 ha)
4.750855855854461,1800.1621621618979,2.3298114217841652,378.9132351686834,Micro (<10 ha)
4.500810810809489,1600.108108107932,2.1276442540958906,355.5155227287027,Micro (<10 ha)
2.5004504504497165,900.0720720719546,1.6056956393101085,359.9639704558324,Micro (<10 ha)
5.500990990989376,2000.1801801798865,2.4057124772159955,363.60360950530224,Micro (<10 ha)
14.252567567563382,3600.306306305807,2.6902210396320956,252.60755925125673,Small (10-50 ha)
4.000720720719546,1300.0900900899433,1.8335780364859953,324.96397045583245,Micro (<10 ha)
10.251846846843836,2900.27027026983,2.5552446283849273,282.9022237259344,Small (10-50 ha)
3.7506756756745743,1400.1621621618979,2.039476235470712,373.30931363722163,Micro (<10 ha)
9.001621621618979,3200.306306305807,3.009028065567357,355.52553093541593,Micro (<10 ha)
2.750495495494688,1000.0720720719546,1.7010649586143307,363.59705867908997,Micro (<10 ha)
15.002702702698297,3400.306306305807,2.4764431193899195,226.64624992497173,Small (10-50 ha)
4.500810810809489,1400.1441441439092,1.8617546077660738,311.0870914149994,Micro (<10 ha)
65.51180180179537,13101.117117116693,4.566081142164029,199.9810226064894,Medium (50-200 ha)
3.250585585584631,1000.0900900899433,1.564780369859764,307.66459265833265,Micro (<10 ha)
2.750495495494688,1200.108108107932,2.041314727469422,436.32433140636266,Micro (<10 ha)
6.251126126124291,1900.1441441439092,2.1438899321930625,303.96829400113256,Micro (<10 ha)
6.001081081079319,1900.1261261259206,2.188077750871081,316.6306371224991,Micro (<10 ha)
4.250765765764518,1400.1441441439092,1.915729686686569,329.38633208646996,Micro (<10 ha)
2.750495495494688,1100.108108107932,1.8712204906520638,399.9672458689386,Micro (<10 ha)
6.751216216217727,2300.234234234784,2.4973310804894644,340.7140521894672,Micro (<10 ha)
4.750855855855625,1700.1441441443749,2.200365794240213,357.86060358974635,Micro (<10 ha)
4.750855855859117,1900.1621621623635,2.4592337299930733,399.96207416374017,Micro (<10 ha)
5.250945945950225,1700.1621621623635,2.092987529500851,323.78207272798306,Micro (<10 ha)
7.751396396397613,2400.2162162163295,2.4319545831502136,309.6495255141134,Micro (<10 ha)
2.500450450455537,1000.0720720728859,1.7840919799064878,399.95676454644035,Micro (<10 ha)
3.2505855855869594,1000.1261261263862,1.564836753262051,307.67567867184556,Micro (<10 ha)
8.251486486491048,2600.216216216795,2.5535151216384815,315.1209446290373,Micro (<10 ha)
4.25076576576801,1400.1621621623635,1.915754339613834,329.39057085621096,Micro (<10 ha)
31.005585585589287,8300.75675675692,4.205259364098686,267.71810949492044,Small (10-50 ha)
4.25076576576801,1300.1261261263862,1.7788812863828283,305.85692032162234,Micro (<10 ha)
3.500630630630767,1400.1261261263862,2.111004131387875,399.96397045583245,Micro (<10 ha)
2.750495495494688,900.054054053966,1.5309400741867853,327.2334223154536,Micro (<10 ha)
4.750855855859117,1400.1441441448405,1.8120988696116644,294.71408660359083,Micro (<10 ha)
6.501171171175083,2000.1801801803522,2.2129336211903907,307.6645926581288,Micro (<10 ha)
5.751036036039004,2100.144144144375,2.4704218920996186,365.1766622542046,Micro (<10 ha)
9.001621621623634,2900.252252253238,2.726907860993593,322.19219760207113,Micro (<10 ha)
2.750495495494688,800.0720720719546,1.3608764849796144,290.8828876042418,Micro (<10 ha)
3.500630630630767,1400.1441441443749,2.111031297590765,399.9691175335707,Micro (<10 ha)
2.5004504504497165,800.054054053966,1.4272671552285743,319.9639704558324,Micro (<10 ha)
32.25581081081065,8000.738738738,3.973938807002389,248.04023019804308,Small (10-50 ha)
3.7506756756745743,1200.1261261259206,1.7481037410853324,319.9759803038883,Micro (<10 ha)
17.50315315315267,4300.360360360704,2.8996245729046546,245.69060915667774,Small (10-50 ha)
10.25184684685315,2900.234234234318,2.5552128793129603,282.89870864824303,Small (10-50 ha)
2.5004504504497165,800.054054053966,1.4272671552285743,319.9639704558324,Micro (<10 ha)
3.500630630629603,1100.108108107932,1.6586596863344998,314.2599788970232,Micro (<10 ha)
2.750495495494688,1100.108108107932,1.8712204906520638,399.9672458689386,Micro (<10 ha)
3.7506756756745743,1300.108108107932,1.893737498187244,346.6330390921103,Micro (<10 ha)
12.002162162166787,3200.2702702702954,2.605865402628392,266.6411457394058,Small (10-50 ha)
3.250585585584631,1300.1261261259206,2.034228576668223,399.96674195923,Micro (<10 ha)
4.500810810809489,1500.1621621618979,1.9947473476089237,333.30931363722163,Micro (<10 ha)
3.250585585584631,1200.054054053966,1.8776518687285382,369.18088216961416,Micro (<10 ha)
3.250585585584631,1300.108108107932,2.0342003849671633,399.961198952435,Micro (<10 ha)
3.7506756756745743,1100.0720720719546,1.6023650038018642,293.29970575877695,Micro (<10 ha)
4.750855855854461,1500.1261261259206,1.9414978584860836,315.75913301543784,Micro (<10 ha)
6.001081081079319,1900.0900900899433,2.188036253810719,316.62463219847115,Micro (<10 ha)
4.750855855854461,1400.1261261259206,1.8120755502765729,294.7102940200871,Micro (<10 ha)
2.5004504504497165,1100.108108107932,1.962552607473177,439.9639704558324,Micro (<10 ha)
7.001261261259206,2500.198198197875,2.6655164294922478,357.10682759868956,Micro (<10 ha)
5.000900900899433,1500.108108107932,1.892315305879057,299.9675734102492,Micro (<10 ha)
3.0005405405396597,1100.0900900899433,1.79152787948662,366.6306371224991,Micro (<10 ha)
4.500810810809489,1600.0720720719546,2.1275963374179496,355.5075161633321,Micro (<10 ha)
2.5004504504497165,800.0720720719546,1.4272992987133142,319.97117636466595,Micro (<10 ha)
4.000720720719546,1300.0900900899433,1.8335780364859953,324.96397045583245,Micro (<10 ha)
4.500810810809489,1400.1261261259206,1.861730649427103,311.0830881323141,Micro (<10 ha)
8.001441441440257,2700.198198198341,2.6928154817503303,337.46397045584155,Micro (<10 ha)
2.750495495497016,1100.090090090409,1.8711898430418763,399.96069504255706,Micro (<10 ha)
8.501531531531363,3200.270270270761,3.096229470889587,376.4345586911331,Micro (<10 ha)
3.7506756756757387,1100.1081081083976,1.602417493893072,293.3093136372547,Micro (<10 ha)
2.5004504504508804,900.0900900904089,1.6057277827953051,359.9711763646846,Micro (<10 ha)
5.751036036039004,1200.1081081088632,1.4116999308951137,208.67685415086208,Micro (<10 ha)
4.250765765769175,1800.1441441443749,2.4630246761907855,423.48702406533084,Micro (<10 ha)
16.753018018020086,4300.34234234225,2.9638182678930387,256.6906056996216,Small (10-50 ha)
2.5004504504543728,800.0720720724203,1.4272992987128157,319.97117636425634,Micro (<10 ha)
2.5004504504543728,800.0720720724203,1.4272992987128157,319.97117636425634,Micro (<10 ha)
5.500990990992868,2000.1981981988065,2.405734148349343,363.60688491834685,Micro (<10 ha)
5.000900900902925,1800.1621621628292,2.270819279032105,359.967573410184,Micro (<10 ha)
2.5004504504508804,1100.1081081083976,1.9625526074735506,439.96397045581386,Micro (<10 ha)
2.7504954954993446,1000.0900900904089,1.7010956062238705,363.6036095048559,Micro (<10 ha)
5.751036036034347,1800.108108107932,2.1174863119833316,313.0058822147817,Micro (<10 ha)
115.5208108108025,19001.711711710785,4.987210262278472,164.4873471571402,Medium (50-200 ha)
5.5009909909917045,1600.1981981983408,1.9246349951719213,290.89271384352173,Micro (<10 ha)
2.5004504504497165,800.0900900899433,1.427331442198054,319.97838227349945,Micro (<10 ha)
2.750495495494688,900.0720720719546,1.5309707217969726,327.23997314166587,Micro (<10 ha)
3.7506756756745743,1100.0900900899433,1.6023912488472534,293.3045096979993,Micro (<10 ha)
6.001081081081647,1500.1441441443749,1.7274811286309761,249.97898276588288,Micro (<10 ha)
31.75572072072886,5800.414414415136,2.9036422308394108,182.65730655040238,Small (10-50 ha)
4.250765765764518,1500.1441441439092,2.052553434062801,352.9115050812738,Micro (<10 ha)
4.750855855854461,1500.1441441439092,1.941521177820858,315.7629255990345,Micro (<10 ha)
3.2505855855857955,1300.1441441443749,2.0342567683696466,399.972284966025,Micro (<10 ha)
4.250765765764518,1300.108108107932,1.778856633455507,305.852681551862,Micro (<10 ha)
15.002702702702955,4500.432432433125,3.277664988859444,299.9747793190827,Small (10-50 ha)
51.009189189194004,10900.972972974181,4.305624193272262,213.70606250066584,Medium (50-200 ha)
16.753018018023578,4900.396396396682,3.3773786371727614,292.5082746956182,Small (10-50 ha)
5.751036036034347,2000.1801801798865,2.3528332181576497,347.7947569181152,Micro (<10 ha)
6.251126126126619,1900.1801801803522,2.1439305908426736,303.9740587281606,Micro (<10 ha)
4.250765765764518,1600.1261261259206,2.189352528511618,376.4324393061755,Micro (<10 ha)
5.000900900899433,1700.1801801798865,2.1446967457328956,339.9747793190827,Micro (<10 ha)
2.750495495494688,1100.108108107932,1.8712204906520638,399.9672458689386,Micro (<10 ha)
3.7506756756745743,1200.0900900899433,1.748051250994554,319.96637242544364,Micro (<10 ha)
2.5004504504497165,900.0900900899433,1.6057277827948484,359.97117636466595,Micro (<10 ha)
2.5004504504497165,900.054054053966,1.6056634958253688,359.9567645469989,Micro (<10 ha)
4.000720720719546,1400.1261261259206,1.9746635504291095,349.96847414885343,Micro (<10 ha)
2.5004504504497165,900.0720720719546,1.6056956393101085,359.9639704558324,Micro (<10 ha)
6.251126126124291,1800.1441441439092,2.031062179688056,287.97117636466595,Micro (<10 ha)
2.5004504504497165,900.054054053966,1.6056634958253688,359.9567645469989,Micro (<10 ha)
7.751396396394121,2000.2162162158638,2.0266653318370116,258.04592023526834,Micro (<10 ha)
7.751396396394121,2600.198198197875,2.6345809525343764,335.44900366693463,Micro (<10 ha)
16.25292792792665,4200.396396396216,2.939135040277508,258.43936643433153,Small (10-50 ha)
9.001621621618979,2800.216216215864,2.6328508516975755,311.0790848496288,Micro (<10 ha)
27.004864864856938,4100.306306305807,2.225821663260647,151.83583872111072,Small (10-50 ha)
6.251126126124291,2300.198198197875,2.595261930187316,367.9654116375992,Micro (<10 ha)
2.750495495494688,800.0720720719546,1.3608764849796144,290.8828876042418,Micro (<10 ha)
22.25400900900597,5600.522522522137,3.3490334580096808,251.66353263610446,Small (10-50 ha)
9.001621621621307,2400.216216216795,2.2567583433481375,266.64264697058945,Micro (<10 ha)
2.7504954954958523,800.0720720724203,1.3608764849801185,290.88288760428793,Micro (<10 ha)
4.750855855855625,1500.1441441443749,1.9415211778212231,315.76292559905505,Micro (<10 ha)
2.75049549549818,1000.0720720724203,1.701064958614043,363.59705867879757,Micro (<10 ha)
2.75049549549818,900.0720720724203,1.5309707217967927,327.2399731414197,Micro (<10 ha)
7.0012612612638625,2100.198198198341,2.239067609328297,299.9742646111759,Micro (<10 ha)
9.751756756756222,3300.3063063062727,2.9813151518550463,338.4319757585987,Micro (<10 ha)
4.750855855855625,1800.1621621623635,2.3298114217844823,378.9132351686885,Micro (<10 ha)
2.5004504504543728,1000.0720720724203,1.7840919799060722,399.95676454644035,Micro (<10 ha)
5.0009009009005965,1800.1621621623635,2.2708192790320463,359.9675734102585,Micro (<10 ha)
40.2572522522544,10200.82882882841,4.535325519254431,253.39108503753292,Small (10-50 ha)
5.250945945947897,1800.1081081083976,2.2160261567245017,342.81596623509773,Micro (<10 ha)
3.5006306306342596,1100.090090090409,1.6586325201312089,314.25483181899995,Micro (<10 ha)
3.250585585584631,1100.0900900899433,1.7212443109952107,338.42828042076843,Micro (<10 ha)
4.750855855857953,1700.126126126852,2.2003424749055016,357.8568110060724,Micro (<10 ha)
4.500810810812982,1700.1261261263862,2.260636993938483,377.7377449507353,Micro (<10 ha)
3.250585585588124,1200.1081081083976,1.8777364438314363,369.19751118974574,Micro (<10 ha)
39.007027027040024,10400.86486486625,4.697784559385518,266.6407993015278,Small (10-50 ha)
2.750495495494688,1200.108108107932,2.041314727469422,436.32433140636266,Micro (<10 ha)
4.000720720724202,1500.1081081083976,2.115672829403865,374.9594667624915,Micro (<10 ha)
3.250585585584631,1300.108108107932,2.0342003849671633,399.961198952435,Micro (<10 ha)
3.250585585584631,1100.108108107932,1.72127250269627,338.4338234275634,Micro (<10 ha)
3.500630630629603,1200.108108107932,1.809432112617878,342.8262603907135,Micro (<10 ha)
2.750495495494688,1000.1081081079319,1.7011262538347056,363.6101603315145,Micro (<10 ha)
11.50207207207568,3200.2882882887498,2.661926917696353,278.2358055344041,Small (10-50 ha)
10.251846846847329,3200.2882882887498,2.8195715212330277,312.16700133136595,Small (10-50 ha)
9.0016216216248,2700.2162162163295,2.5388277246096864,299.9699753797181,Micro (<10 ha)
3.250585585584631,1200.108108107932,1.8777364438317168,369.1975111899992,Micro (<10 ha)
2.750495495494688,900.0900900899433,1.53100136940716,327.24652396787815,Micro (<10 ha)
2.750495495494688,800.0720720719546,1.3608764849796144,290.8828876042418,Micro (<10 ha)
2.5004504504497165,900.0720720719546,1.6056956393101085,359.9639704558324,Micro (<10 ha)
3.500630630629603,1300.054054053966,1.9601230402925875,371.3771006511892,Micro (<10 ha)
4.000720720719546,1300.1261261259206,1.8336288597978516,324.97297784187435,Micro (<10 ha)
3.0005405405396597,1200.0900900899433,1.9543807126886847,399.9579655318045,Micro (<10 ha)
5.500990990989376,1700.1441441439092,2.044844770067101,309.06143037295385,Micro (<10 ha)
2.5004504504497165,1100.108108107932,1.962552607473177,439.9639704558324,Micro (<10 ha)
6.501171171169262,2600.27027026983,2.876853576634111,399.96951346262745,Micro (<10 ha)
4.750855855854461,1300.108108107932,1.6826299227322874,273.65766244113973,Micro (<10 ha)
12.25220720720361,3800.3423423417844,3.06274346597168,310.1761403535027,Small (10-50 ha)
6.751216216214234,2500.2342342338525,2.7144681914251856,370.33834410888807,Micro (<10 ha)
3.0005405405396597,1200.0900900899433,1.9543807126886847,399.9579655318045,Micro (<10 ha)
4.000720720719546,1100.0900900899433,1.5515086552234791,274.97297784187435,Micro (<10 ha)
41.25743243243895,10000.936936936807,4.392225795166915,242.40327978028753,Small (10-50 ha)
2.750495495494688,1100.108108107932,1.8712204906520638,399.9672458689386,Micro (<10 ha)
119.02144144144026,31502.720720720943,8.145739706391616,264.6810552720503,Medium (50-200 ha)
3.7506756756745743,1200.0900900899433,1.748051250994554,319.96637242544364,Micro (<10 ha)
5.000900900899433,1800.1261261259206,2.270773821279662,359.96036750141565,Micro (<10 ha)
3.500630630629603,1100.108108107932,1.6586596863344998,314.2599788970232,Micro (<10 ha)
7.251306306304177,2300.216216215864,2.4096590842249745,317.2140465527005,Micro (<10 ha)
4.000720720719546,1400.1441441439092,1.9746889620850376,349.97297784187435,Micro (<10 ha)
2.5004504504497165,800.0900900899433,1.427331442198054,319.97838227349945,Micro (<10 ha)
5.000900900899433,1500.1801801798865,1.892406221383179,299.9819852279162,Micro (<10 ha)
4.750855855854461,1400.1441441439092,1.8120988696113474,294.71408660368365,Micro (<10 ha)
2.5004504504497165,900.0720720719546,1.6056956393101085,359.9639704558324,Micro (<10 ha)
10.751936936933781,2700.216216215864,2.3230055899428925,251.1376538063947,Small (10-50 ha)
5.000900900899433,1500.1441441439092,1.892360763631118,299.9747793190827,Micro (<10 ha)
6.5011711711704265,1500.1261261263862,1.65969024862202,230.74705874208104,Micro (<10 ha)
4.250765765766846,1500.126126126852,2.052528781136098,352.9072663113975,Micro (<10 ha)
27.504954954953863,6900.576576577034,3.711718047965344,250.88485285209256,Small (10-50 ha)
2.5004504504520444,800.0720720724203,1.4272992987134803,319.97117636455425,Micro (<10 ha)
3.000540540543152,1000.0720720724203,1.6286457034315842,333.29730378893305,Micro (<10 ha)
21.253828828829572,6000.5405405410565,3.6716971545636783,282.32750855703114,Small (10-50 ha)
4.500810810812982,1400.1261261263862,1.8617306494270003,311.0830881321762,Micro (<10 ha)
153.77770270268783,25702.432432432193,5.846858852764557,167.14017689628906,Medium (50-200 ha)
3.000540540543152,1100.090090090409,1.7915278794863354,366.6306371222276,Micro (<10 ha)
10.751936936943093,2600.198198198341,2.2369597342232566,241.83532822483323,Small (10-50 ha)
3.2505855855904517,900.0720720724203,1.4082882370227254,276.89536188874933,Micro (<10 ha)
20.253648648646195,6000.5765765761025,3.7612864937178268,296.271386981782,Small (10-50 ha)
9.25166666666977,2900.252252253238,2.6898053449340376,313.48430036954767,Micro (<10 ha)
2.750495495494688,1000.0720720719546,1.7010649586143307,363.59705867908997,Micro (<10 ha)
4.000720720725367,1700.1441441443749,2.3977930339777243,424.9594667623096,Micro (<10 ha)
2.5004504504508804,900.0900900904089,1.6057277827953051,359.9711763646846,Micro (<10 ha)
2.5004504504520444,1000.1081081083976,1.7841562668763824,399.9711763644798,Micro (<10 ha)
4.500810810814146,1300.1261261263862,1.7287618679229488,288.86486919258175,Micro (<10 ha)
4.500810810812982,1400.1261261263862,1.8617306494270003,311.0830881321762,Micro (<10 ha)
7.251306306309998,2300.1981981988065,2.4096402089208184,317.21156175642477,Micro (<10 ha)
5.250945945947897,2000.1981981992722,2.4623474034015596,380.9214984859643,Micro (<10 ha)
3.750675675678067,1200.1261261263862,1.7481037410851967,319.9759803037145,Micro (<10 ha)
3.750675675678067,1500.1441441448405,2.1851099925729627,399.9663724253195,Micro (<10 ha)
3.000540540543152,1300.1081081083976,2.117262888743057,433.2912988647887,Micro (<10 ha)
2.750495495494688,1000.0720720719546,1.7010649586143307,363.59705867908997,Micro (<10 ha)
3.250585585584631,1200.108108107932,1.8777364438317168,369.1975111899992,Micro (<10 ha)
3.250585585584631,1200.1261261259206,1.8777646355327764,369.2030541967942,Micro (<10 ha)
3.750675675678067,1300.1441441443749,1.8937899882778186,346.64264697035634,Micro (<10 ha)
3.0005405405396597,1000.0900900899433,1.6286750462845552,333.3033087131937,Micro (<10 ha)
3.2505855855857955,1200.1081081083976,1.877736443832109,369.1975111900102,Micro (<10 ha)
6.001081081081647,1700.1621621623635,1.9578105625463562,283.3093136371893,Micro (<10 ha)
7.251306306306506,2100.2162162163295,2.2001432076533707,289.63280924841894,Micro (<10 ha)
4.500810810809489,1400.108108107932,1.8617066910881326,311.0790848496288,Micro (<10 ha)
2.5004504504497165,800.054054053966,1.4272671552285743,319.9639704558324,Micro (<10 ha)
3.250585585584631,1200.108108107932,1.8777364438317168,369.1975111899992,Micro (<10 ha)
7.501351351351477,2400.180180180818,2.472117786880329,319.9663724254685,Micro (<10 ha)
5.75103603603784,1900.1441441443749,2.23515976507036,330.40031956632873,Micro (<10 ha)
3.0005405405396597,1200.0900900899433,1.9543807126886847,399.9579655318045,Micro (<10 ha)
2.750495495494688,900.054054053966,1.5309400741867853,327.2334223154536,Micro (<10 ha)
15.752837837840197,3800.252252252307,2.701021815495151,241.24239018849335,Small (10-50 ha)
13.252387387385825,3800.34234234225,2.9449011880123295,286.766620326808,Small (10-50 ha)
2.5004504504497165,800.054054053966,1.4272671552285743,319.9639704558324,Micro (<10 ha)
7.501351351350313,2100.2162162163295,2.1631633771811893,279.9783822735181,Micro (<10 ha)
29.255270270266337,6700.648648648523,3.4946996524378964,229.04073648086387,Small (10-50 ha)
4.000720720719546,1200.108108107932,1.6925687575106654,299.97297784187435,Micro (<10 ha)
3.7506756756745743,1500.0900900899433,2.185031257436456,399.95196060777664,Micro (<10 ha)
2.750495495494688,1100.0900900899433,1.8711898430418763,399.96069504272634,Micro (<10 ha)
2.750495495494688,1200.1261261259206,2.0413453750796093,436.33088223257494,Micro (<10 ha)
5.500990990989376,1400.1261261259206,1.6839987340511968,254.52252665371157,Micro (<10 ha)
2.750495495494688,1100.0900900899433,1.8711898430418763,399.96069504272634,Micro (<10 ha)
18.253288288289912,5300.522522522602,3.499799749303903,290.3872682448708,Small (10-50 ha)
4.250765765764518,1500.1441441439092,2.052553434062801,352.9115050812738,Micro (<10 ha)
2.5004504504497165,800.0900900899433,1.427331442198054,319.97838227349945,Micro (<10 ha)
5.751036036034347,2000.1981981978752,2.352854412943834,347.79788992195586,Micro (<10 ha)
3.500630630629603,1500.1261261259206,2.261776557670903,428.5302519495228,Micro (<10 ha)
3.250585585584631,1400.1621621618979,2.190748901205789,430.74151573525575,Micro (<10 ha)
15.752837837842526,4000.432432432659,2.8432994849250237,253.94995324731593,Small (10-50 ha)
3.250585585584631,1200.1261261259206,1.8777646355327764,369.2030541967942,Micro (<10 ha)
4.750855855854461,1500.1261261259206,1.9414978584860836,315.75913301543784,Micro (<10 ha)
2.5004504504497165,900.1261261259206,1.605792069764328,359.98558818233295,Micro (<10 ha)
2.5004504504497165,1000.0720720719546,1.7840919799069028,399.9567645469989,Micro (<10 ha)
3.0005405405396597,1300.108108107932,2.117262888743531,433.29129886513783,Micro (<10 ha)
4.250765765764518,1100.1261261259206,1.5052337916304577,258.80657433215646,Micro (<10 ha)
3.0005405405396597,1100.1261261259206,1.7915865651921827,366.64264697055495,Micro (<10 ha)
6.751216216214234,2100.198198197875,2.2801548457493044,311.08442255987586,Micro (<10 ha)
2.5004504504508804,900.1081081083976,1.605759926280045,359.9783822735181,Micro (<10 ha)
11.001981981982244,2200.180180180352,1.8711898430419753,199.980347521342,Small (10-50 ha)
2.5004504504520444,1000.1081081088632,1.7841562668772133,399.971176364666,Micro (<10 ha)
28.505135135132587,5200.450450451113,2.7477326778342075,182.43907372470431,Small (10-50 ha)
6.001081081080483,1800.1981981983408,2.073006402299519,299.97898276592167,Micro (<10 ha)
14.502612612614175,4000.324324324727,2.963242185202794,275.8347362078264,Small (10-50 ha)
72.0129729729693,14601.369369369466,4.853815733332218,202.76026341601283,Medium (50-200 ha)
10.501891891891137,2800.3423423427157,2.4376560291072953,266.65122543348156,Small (10-50 ha)
6.751216216221219,1500.126126126852,1.6286652653337965,222.2008713811421,Micro (<10 ha)
2.750495495501673,900.0540540544316,1.5309400741856334,327.2334223147919,Micro (<10 ha)
3.750675675679231,1200.0720720724203,1.7480250059487579,319.9615684859482,Micro (<10 ha)
4.250765765765681,1500.1621621623635,2.052578086990572,352.9157438511888,Micro (<10 ha)
4.500810810812982,1800.1621621623635,2.393653692120252,399.96397045562554,Micro (<10 ha)
3.750675675678067,1300.1261261263862,1.8937637432324295,346.63784303113397,Micro (<10 ha)
2.75049549549818,800.0720720724203,1.3608764849795427,290.88288760404174,Micro (<10 ha)
18.503333333336048,5900.522522522137,3.869550814195563,318.889705774884,Small (10-50 ha)
5.000900900906418,1700.1441441448405,2.1446512879805115,339.9675734099606,Micro (<10 ha)
4.00072072072071,1500.1621621623635,2.1157490643725727,374.97297784188163,Micro (<10 ha)
4.500810810814146,1200.090090090409,1.5957451697411973,266.63864368769725,Micro (<10 ha)
2.5004504504520444,800.0720720724203,1.4272992987134803,319.97117636455425,Micro (<10 ha)
7.001261261268519,1900.1621621623635,2.025804780433278,271.4028360395858,Micro (<10 ha)
2.5004504504520444,800.0720720724203,1.4272992987134803,319.97117636455425,Micro (<10 ha)
7.251306306309998,2500.252252253238,2.6192127114054555,344.80025344916805,Micro (<10 ha)
2.5004504504497165,1000.0900900899433,1.7841241233916427,399.9639704558324,Micro (<10 ha)
3.2505855855869594,1100.090090090409,1.7212443109953226,338.42828042066924,Micro (<10 ha)
4.500810810811817,1800.1621621628292,2.3936536921211804,399.9639704558325,Micro (<10 ha)
2.5004504504497165,800.054054053966,1.4272671552285743,319.9639704558324,Micro (<10 ha)
6.251126126127783,1500.1441441443749,1.6925789221730894,239.9798234552066,Micro (<10 ha)
3.0005405405396597,1100.108108107932,1.7915572223394014,366.636642046527,Micro (<10 ha)
6.00108108108514,1900.1801801803522,2.1881399964610995,316.6396445083115,Micro (<10 ha)
23.754279279282784,6500.5585585585795,3.7624853169278722,273.6584209577775,Small (10-50 ha)
6.001081081081647,1800.1441441443749,2.0729441567087745,299.9699753798216,Micro (<10 ha)
14.002522522521904,3800.3603603602387,2.8649477614130787,271.40540957871497,Small (10-50 ha)
7.7513963963987775,2200.2162162163295,2.2293099574934527,283.84772287462016,Micro (<10 ha)
6.00108108108514,2100.180180180352,2.418448681846231,349.96697291758454,Micro (<10 ha)
6.251126126126619,2200.198198198341,2.482434177682372,351.96829400107595,Micro (<10 ha)
5.500990990989376,1900.1621621618979,2.2854160177887004,345.42179132348406,Micro (<10 ha)
4.250765765764518,1200.0900900899433,1.6420082331518597,282.3232697871561,Micro (<10 ha)
2.5004504504497165,1000.054054053966,1.7840598364221631,399.9495586381654,Micro (<10 ha)
4.500810810809489,1400.1261261259206,1.861730649427103,311.0830881323141,Micro (<10 ha)
3.500630630629603,1000.1081081079319,1.5078872600511215,285.6936974033328,Micro (<10 ha)
21.253828828835395,5200.450450450182,3.1821265088299873,244.6829929953445,Small (10-50 ha)
2.750495495494688,900.0900900899433,1.53100136940716,327.24652396787815,Micro (<10 ha)
2.750495495494688,800.054054053966,1.3608458373694272,290.8763367780295,Micro (<10 ha)
3.250585585584631,900.0720720719546,1.408288237023258,276.8953618891019,Micro (<10 ha)
11.252027027027216,3100.3063063062727,2.6072596788754034,275.5331371724738,Small (10-50 ha)
14.002522522528889,3600.3243243242614,2.714148168926153,257.11969529287603,Small (10-50 ha)
3.0005405405396597,1200.1441441439092,1.954468741247029,399.97598030388826,Micro (<10 ha)
2.5004504504497165,800.0900900899433,1.427331442198054,319.97838227349945,Micro (<10 ha)
5.500990990989376,1600.1621621618979,1.9245916529057872,290.88616301734794,Micro (<10 ha)
10.001801801801193,3400.2702702702954,3.0329788662811152,339.9657719330083,Small (10-50 ha)
6.501171171169262,1900.1801801798865,2.102296907402819,292.28274877711476,Micro (<10 ha)
5.250945945944404,1700.1441441439092,2.092965348389662,323.7786413430945,Micro (<10 ha)
2.5004504504497165,1000.0720720719546,1.7840919799069028,399.9567645469989,Micro (<10 ha)
3.250585585584631,1400.1261261259206,2.1906925178036696,430.7304297216657,Micro (<10 ha)
4.000720720719546,1300.0900900899433,1.8335780364859953,324.96397045583245,Micro (<10 ha)
2.5004504504497165,900.0720720719546,1.6056956393101085,359.9639704558324,Micro (<10 ha)
11.752117117113666,3100.252252251841,2.5511385433543947,263.80372330847456,Small (10-50 ha)
3.7506756756745743,1300.108108107932,1.893737498187244,346.6330390921103,Micro (<10 ha)
2.750495495494688,800.0720720719546,1.3608764849796144,290.8828876042418,Micro (<10 ha)
11.752117117117159,3500.3243243242614,2.8803502332873503,297.846276499915,Small (10-50 ha)
3.0005405405396597,1200.1261261259206,1.9544393983942476,399.96997537986033,Micro (<10 ha)
11.752117117113666,2900.2882882878184,2.386592005123509,246.78857940109881,Small (10-50 ha)
6.001081081079319,1900.1801801798865,2.1881399964616244,316.639644508541,Micro (<10 ha)
6.501171171169262,2200.1801801798865,2.43420704876696,338.42828042076843,Micro (<10 ha)
3.500630630629603,1400.1261261259206,2.1110041313875243,399.96397045583245,Micro (<10 ha)
2.750495495494688,800.0900900899433,1.360907132589802,290.88943843045405,Micro (<10 ha)
4.000720720719546,1600.0900900899433,2.2566821083797692,399.95045937676963,Micro (<10 ha)
18.5033333333279,4000.3423423417844,2.6234164701156724,216.19576701547246,Small (10-50 ha)
2.750495495494688,900.0720720719546,1.5309707217969726,327.23997314166587,Micro (<10 ha)
4.250765765764518,1500.108108107932,2.052504128207971,352.9030275414696,Micro (<10 ha)
5.000900900899433,1400.1261261259206,1.766192772580229,279.9747793190827,Micro (<10 ha)
4.000720720719546,1600.1621621618979,2.256783755003482,399.96847414885343,Micro (<10 ha)
2.5004504504497165,900.0900900899433,1.6057277827948484,359.97117636466595,Micro (<10 ha)
4.500810810809489,1500.1441441439092,1.994723389269953,333.30531035453635,Micro (<10 ha)
3.500630630629603,1400.108108107932,2.110976965184635,399.9588233780942,Micro (<10 ha)
3.250585585584631,1300.1261261259206,2.034228576668223,399.96674195923,Micro (<10 ha)
4.750855855854461,1700.1441441439092,2.2003657942398798,357.860603589736,Micro (<10 ha)
5.751036036034347,1700.1441441439092,1.9998976380409101,295.6239768784776,Micro (<10 ha)
70.76274774774676,17001.65765765682,5.701432550137625,240.26282470352754,Medium (50-200 ha)
3.500630630629603,1400.1261261259206,2.1110041313875243,399.96397045583245,Micro (<10 ha)
5.500990990989376,1400.108108107932,1.6839770629182063,254.51925124060543,Micro (<10 ha)
5.250945945944404,1500.1261261259206,1.8467328261607736,285.68683463301517,Micro (<10 ha)
5.500990990989376,1800.1441441439092,2.1651195583614053,327.23997314166587,Micro (<10 ha)
4.750855855854461,1100.0900900899433,1.4237619869784914,231.55619186684154,Micro (<10 ha)
8.251486486484064,3000.27027026983,2.9463840185130454,363.60360950530224,Micro (<10 ha)
3.500630630629603,1100.0900900899433,1.65863252013161,314.25483181928496,Micro (<10 ha)
3.250585585584631,1200.0900900899433,1.8777082521306572,369.1919681832042,Micro (<10 ha)
7.251306306306506,2100.216216216795,2.2001432076538583,289.63280924848317,Micro (<10 ha)
21.503873873868724,5300.414414414205,3.2243824026939953,246.48649101570538,Small (10-50 ha)
4.500810810810654,1700.1441441443749,2.2606609522780383,377.74174823361597,Micro (<10 ha)
4.0007207207218745,1400.1441441448405,1.9746889620857766,349.97297784190346,Micro (<10 ha)
4.750855855860282,1800.1441441443749,2.3297881024485663,378.9094425847206,Micro (<10 ha)
4.0007207207218745,1400.1441441443749,1.9746889620851198,349.97297784178704,Micro (<10 ha)
7.501351351350313,2500.288288288284,2.5752263104434396,333.31171560684317,Micro (<10 ha)
4.500810810810654,1400.1261261263862,1.8617306494274817,311.0830881323371,Micro (<10 ha)
4.250765765766846,1700.1261261263862,2.3261762758878506,399.9576123008698,Micro (<10 ha)
3.750675675679231,1200.1081081088632,1.7480774960402146,319.971176364517,Micro (<10 ha)
31.005585585582303,6100.540540540591,3.090604385352203,196.75617877629642,Small (10-50 ha)
30.755540540544317,8100.77477477584,4.120595116651052,263.3923719889357,Small (10-50 ha)
3.7506756756815594,1100.090090090409,1.6023912488464394,293.3045096975772,Micro (<10 ha)
2.5004504504520444,1100.090090090409,1.962520463988354,439.95676454677556,Micro (<10 ha)
8.751576576577499,2300.234234234318,2.1934310252633624,262.8365545461383,Micro (<10 ha)
2.75049549549818,900.0900900908746,1.5310013694077722,327.24652396780124,Micro (<10 ha)
3.000540540544316,1100.0720720724203,1.7914985366332066,366.62463219805744,Micro (<10 ha)
2.7504954955005085,800.0540540544316,1.3608458373687793,290.8763367775832,Micro (<10 ha)
3.000540540543152,1300.1081081083976,2.117262888743057,433.2912988647887,Micro (<10 ha)
3.000540540541988,1100.090090090409,1.7915278794866831,366.6306371223698,Micro (<10 ha)
2.750495495497016,900.0720720724203,1.5309707217971167,327.23997314155815,Micro (<10 ha)
21.253828828827245,5200.450450450648,3.182126508830882,244.68299299546024,Small (10-50 ha)
6.00108108108514,1800.1801801808178,2.0729856537690696,299.9759803037525,Micro (<10 ha)
7.251306306306506,2200.234234234318,2.304920021243388,303.4259126966904,Micro (<10 ha)
4.500810810814146,1600.1441441443749,2.1276921707733507,355.5235292938089,Micro (<10 ha)
5.000900900906418,1400.1441441443749,1.7662155014556136,279.97838227320153,Micro (<10 ha)
2.750495495497016,800.0720720724203,1.3608764849798305,290.88288760416486,Micro (<10 ha)
4.750855855855625,1700.1261261263862,2.2003424749054386,357.85681100614977,Micro (<10 ha)
2.75049549549818,900.0900900904089,1.5310013694069802,327.24652396763196,Micro (<10 ha)
7.251306306309998,2400.2162162163295,2.514417022510323,331.0046652046253,Micro (<10 ha)
2.7504954954958523,1200.090090090409,2.041284079859594,436.317780580135,Micro (<10 ha)
2.7504954954958523,1100.1081081083976,1.8712204906524597,399.96724586893856,Micro (<10 ha)
19.753558558563235,5500.450450450648,3.49116723234755,278.45364844736713,Small (10-50 ha)
2.5004504504497165,800.0720720719546,1.4272992987133142,319.97117636466595,Micro (<10 ha)
2.5004504504497165,900.0900900899433,1.6057277827948484,359.97117636466595,Micro (<10 ha)
2.5004504504497165,900.0900900899433,1.6057277827948484,359.97117636466595,Micro (<10 ha)
3.0005405405396597,1200.108108107932,1.9544100555414663,399.96397045583245,Micro (<10 ha)
4.500810810810654,1300.1441441443749,1.7287858262625904,288.8688724754912,Micro (<10 ha)
5.5009909909917045,1700.1441441443749,2.044844770067228,309.06143037290764,Micro (<10 ha)
13.752477477474605,3600.3243243242614,2.738711096456089,261.7945988438293,Small (10-50 ha)
30.005405405407075,7700.666666666511,3.965734571657911,256.6426469704964,Small (10-50 ha)
4.500810810811817,1500.1441441443749,1.9947233892700562,333.3053103544674,Micro (<10 ha)
3.0005405405396597,1300.1261261259206,2.1172922315963123,433.29730378916577,Micro (<10 ha)
12.002162162162131,2800.216216216795,2.2801157219460224,233.30931363723133,Small (10-50 ha)
8.501531531537184,2200.198198198341,2.1286697459090473,258.8002161771101,Micro (<10 ha)
3.250585585584631,1200.1261261259206,1.8777646355327764,369.2030541967942,Micro (<10 ha)
4.750855855854461,1700.1441441439092,2.2003657942398798,357.860603589736,Micro (<10 ha)
17.75319819819648,5300.522522522137,3.5487503748277134,298.5671912940514,Small (10-50 ha)
5.751036036034347,2000.1621621618979,2.3528120233714653,347.7916239142745,Micro (<10 ha)
9.001621621618979,2700.1801801798865,2.538793842402166,299.9659720971751,Micro (<10 ha)
4.000720720719546,1600.1441441439092,2.2567583433475535,399.9639704558325,Micro (<10 ha)
2.750495495494688,1200.0900900899433,2.0412840798592344,436.3177805801504,Micro (<10 ha)
2.5004504504497165,1100.108108107932,1.962552607473177,439.9639704558324,Micro (<10 ha)
2.5004504504497165,900.0720720719546,1.6056956393101085,359.9639704558324,Micro (<10 ha)
7.5013513513491485,2100.216216215864,2.1631633771808776,279.9783822734995,Micro (<10 ha)
7.001261261259206,2200.198198197875,2.3456798143694706,314.2574053581541,Micro (<10 ha)
3.7506756756745743,1100.0900900899433,1.6023912488472534,293.3045096979993,Micro (<10 ha)
4.750855855854461,1400.1441441439092,1.8120988696113474,294.71408660368365,Micro (<10 ha)
2.5004504504497165,1000.0720720719546,1.7840919799069028,399.9567645469989,Micro (<10 ha)
3.0005405405396597,1000.0720720719546,1.6286457034317738,333.29730378916577,Micro (<10 ha)
3.250585585584631,1000.0900900899433,1.564780369859764,307.66459265833265,Micro (<10 ha)
3.7506756756745743,1000.0900900899433,1.4567312466999527,266.64264697055495,Micro (<10 ha)
3.7506756756745743,1100.108108107932,1.6024174938926425,293.30931363722163,Micro (<10 ha)
2.750495495494688,1000.0900900899433,1.7010956062245182,363.60360950530224,Micro (<10 ha)
3.500630630629603,1300.1261261259206,1.9602317051041462,371.39768896214207,Micro (<10 ha)
5.000900900899433,1600.1621621618979,2.0185287546820065,319.9747793190827,Micro (<10 ha)
5.250945945944404,1900.1621621618979,2.33919787061855,361.87044805317373,Micro (<10 ha)
13.752477477474605,4000.3603603602387,3.043012329395615,290.882887604251,Small (10-50 ha)
4.500810810809489,1700.1981981978752,2.2607328272946234,377.7537580816661,Micro (<10 ha)
4.500810810809489,1400.1261261259206,1.861730649427103,311.0830881323141,Micro (<10 ha)
2.750495495494688,1000.1261261259206,1.701156901444893,363.6167111577268,Micro (<10 ha)
2.5004504504497165,1100.1441441439092,1.9626168944426565,439.97838227349945,Micro (<10 ha)
2.750495495494688,1000.0900900899433,1.7010956062245182,363.60360950530224,Micro (<10 ha)
3.0005405405396597,1100.1441441439092,1.791615908044964,366.6486518945829,Micro (<10 ha)
21.753918918916025,6100.540540540125,3.689730385873115,280.4340938880409,Small (10-50 ha)
2.5004504504497165,1100.0900900899433,1.962520463988437,439.9567645469989,Micro (<10 ha)
2.5004504504497165,900.0720720719546,1.6056956393101085,359.9639704558324,Micro (<10 ha)
3.000540540541988,1200.1441441443749,1.954468741247029,399.9759803037331,Micro (<10 ha)
3.5006306306319313,1200.1081081083976,1.8094321126179782,342.82626039061853,Micro (<10 ha)
4.00072072072071,1400.1261261263862,1.9746635504294787,349.968474148868,Micro (<10 ha)
5.751036036039004,1300.1261261263862,1.5293521891954929,226.06815849859314,Micro (<10 ha)
2.750495495497016,900.0900900904089,1.5310013694073041,327.24652396777043,Micro (<10 ha)
10.001801801803522,2300.2162162163295,2.051750777771512,229.98018375064734,Small (10-50 ha)
4.750855855860282,1400.1441441443749,1.81209886961084,294.7140866034206,Micro (<10 ha)
21.003783783782275,3900.3423423427157,2.4007615464540235,185.6971287884948,Small (10-50 ha)
4.00072072072071,1500.1261261263862,2.1156982410607164,374.9639704558397,Micro (<10 ha)
10.251846846846165,3500.2702702702954,3.0838666650092907,341.4282638593166,Small (10-50 ha)
7.0012612612638625,2200.234234234318,2.345718233181752,314.26255243574974,Micro (<10 ha)
4.75085585586261,1900.1621621623635,2.459233729992169,399.9620741634462,Micro (<10 ha)
7.251306306308834,1900.1981981988065,1.9906084557776684,262.04908714800564,Micro (<10 ha)
14.002522522528889,3100.234234234318,2.3371491877106236,221.40540957861703,Small (10-50 ha)
10.501891891889972,2700.288288288284,2.3505604749622946,257.1239845244995,Small (10-50 ha)
8.50153153153602,2600.1981981988065,2.5156657442978396,305.85056216676924,Micro (<10 ha)
9.251666666672099,3000.2342342352495,2.7825324755904695,324.2912160944141,Micro (<10 ha)
3.000540540541988,900.0900900904089,1.46582221308268,299.97598030381073,Micro (<10 ha)
3.250585585584631,1100.0900900899433,1.7212443109952107,338.42828042076843,Micro (<10 ha)
2.5004504504497165,800.0720720719546,1.4272992987133142,319.97117636466595,Micro (<10 ha)
3.0005405405396597,1200.0720720719546,1.9543513698359034,399.9519606077766,Micro (<10 ha)
4.000720720723039,1500.1441441443749,2.1157236527160292,374.96847414864243,Micro (<10 ha)
6.751216216217727,2600.2522522527725,2.8230563087953637,385.1531589236416,Micro (<10 ha)
2.5004504504497165,900.0720720719546,1.6056956393101085,359.9639704558324,Micro (<10 ha)
46.5083783783752,12201.117117116693,5.046950733464452,262.34234653061554,Small (10-50 ha)
21.253828828831903,5900.558558558114,3.610518739673327,277.62332171197806,Small (10-50 ha)
9.25166666666395,2600.2342342338525,2.4115571105551488,281.0557630230174,Micro (<10 ha)
54.25977477477747,12701.171171170194,4.864070305131185,234.0807941774632,Medium (50-200 ha)
4.000720720719546,1400.1261261259206,1.9746635504291095,349.96847414885343,Micro (<10 ha)
9.50171171171125,2500.198198198341,2.2880661761514274,263.1313466516505,Micro (<10 ha)
2.5004504504497165,1000.0720720719546,1.7840919799069028,399.9567645469989,Micro (<10 ha)
26.004684684684033,4300.324324324261,2.378868757329882,165.36729348835448,Small (10-50 ha)
2.5004504504497165,1100.0900900899433,1.962520463988437,439.9567645469989,Micro (<10 ha)
7.251306306304177,2100.198198197875,2.200124332349071,289.6303244522982,Micro (<10 ha)
3.7506756756745743,1100.0900900899433,1.6023912488472534,293.3045096979993,Micro (<10 ha)
15.252747747747925,4300.396396396216,3.106200700489224,281.9424058875668,Small (10-50 ha)
2.750495495494688,1000.0720720719546,1.7010649586143307,363.59705867908997,Micro (<10 ha)
3.250585585584631,1000.1081081079319,1.5648085615608236,307.67013566512765,Micro (<10 ha)
26.75481981981662,7000.6306306300685,3.8179586155764857,261.65867226079683,Small (10-50 ha)
36.006486486481734,10100.972972972784,4.748625327726001,280.53203626977296,Small (10-50 ha)
3.250585585584631,1100.0900900899433,1.7212443109952107,338.42828042076843,Micro (<10 ha)
10.001801801798866,2700.2882882878184,2.4086077459346424,269.98018375070785,Small (10-50 ha)
2.750495495494688,1000.0900900899433,1.7010956062245182,363.60360950530224,Micro (<10 ha)
2.750495495494688,1100.0900900899433,1.8711898430418763,399.96069504272634,Micro (<10 ha)
59.76076576577034,15101.333333333489,5.510643104708542,252.69644958236466,Medium (50-200 ha)
3.7506756756745743,1200.108108107932,1.7480774960399432,319.97117636466595,Micro (<10 ha)
2.750495495494688,1000.0900900899433,1.7010956062245182,363.60360950530224,Micro (<10 ha)
3.7506756756745743,1500.0900900899433,2.185031257436456,399.95196060777664,Micro (<10 ha)
19.753558558559742,5600.558558558114,3.554706418795486,283.5215002884249,Small (10-50 ha)
6.001081081079319,1600.1621621618979,1.842656219853578,266.6456494325689,Micro (<10 ha)
2.5004504504497165,1100.054054053966,1.9624561770189575,439.9423527293319,Micro (<10 ha)
6.501171171169262,2100.216216215864,2.323610204064898,323.05197954634554,Micro (<10 ha)
16.00288288288168,4300.360360360239,3.032499965131327,268.7241037651,Small (10-50 ha)
3.500630630629603,1200.0900900899433,1.8094049464149884,342.8211133129753,Micro (<10 ha)
3.250585585584631,1100.0900900899433,1.7212443109952107,338.42828042076843,Micro (<10 ha)
3.7506756756769026,1200.090090090409,1.7480512509946895,319.9663724253692,Micro (<10 ha)
3.750675675678067,1300.1081081088632,1.8937374981877186,346.6330390920358,Micro (<10 ha)
12.252207207205938,4700.396396396682,3.788108294914417,383.63670454677094,Small (10-50 ha)
2.5004504504520444,1000.0720720724203,1.7840919799069028,399.9567645468128,Micro (<10 ha)
8.00144144144142,1900.1621621623635,1.894966855218519,237.4774815348844,Micro (<10 ha)
3.500630630633095,1000.0900900904089,1.5078600938481814,285.68855032544263,Micro (<10 ha)
9.251666666666278,2600.252252252307,2.4115738211572784,281.057710565925,Micro (<10 ha)
5.000900900905253,2000.1981981983408,2.5231552611326196,399.96757340987676,Micro (<10 ha)
7.751396396399941,2000.1621621623635,2.0266105630190667,258.0389467749732,Micro (<10 ha)
5.50099099099636,1700.1261261263862,2.044823098933372,309.05815495953993,Micro (<10 ha)
5.250945945947897,1700.1621621628292,2.0929875295018885,323.7820727282153,Micro (<10 ha)
3.750675675679231,1200.090090090409,1.748051250994147,319.9663724251705,Micro (<10 ha)
5.751036036039004,1600.1261261263862,1.882245379739721,278.23267253050716,Micro (<10 ha)
35.00630630630767,6100.486486486159,2.9086160290787118,174.26821422135967,Small (10-50 ha)
2.500450450455537,900.0720720724203,1.6056956393090702,359.9639704551807,Micro (<10 ha)
2.750495495497016,900.1081081083976,1.5310320170174914,327.2530747939827,Micro (<10 ha)
2.7504954954958523,1100.1081081083976,1.8712204906524597,399.96724586893856,Micro (<10 ha)
3.500630630629603,1200.108108107932,1.809432112617878,342.8262603907135,Micro (<10 ha)
2.5004504504497165,1000.0720720719546,1.7840919799069028,399.9567645469989,Micro (<10 ha)
10.751936936934944,3000.2162162163295,2.58109665420597,279.03960317233793,Small (10-50 ha)
4.750855855855625,1600.1441441443749,2.070943486030718,336.8117645944007,Micro (<10 ha)
3.0005405405396597,900.0720720719546,1.465792870229709,299.9699753798604,Micro (<10 ha)
4.000720720719546,1200.108108107932,1.6925687575106654,299.97297784187435,Micro (<10 ha)
4.00072072072071,1700.1441441443749,2.3977930339791196,424.95946676280425,Micro (<10 ha)
10.501891891893465,3100.2882882887498,2.698754478566558,295.2123598493619,Small (10-50 ha)
4.500810810809489,1400.1261261259206,1.861730649427103,311.0830881323141,Micro (<10 ha)
15.252747747745598,3700.34234234225,2.672778254922366,242.6016874821241,Small (10-50 ha)
4.500810810810654,1400.1441441443749,1.8617546077664524,311.08709141502237,Micro (<10 ha)
2.750495495494688,1200.108108107932,2.041314727469422,436.32433140636266,Micro (<10 ha)
3.0005405405396597,1100.108108107932,1.7915572223394014,366.636642046527,Micro (<10 ha)
10.751936936938437,3500.3063063067384,3.0113259328011956,325.5512310792472,Small (10-50 ha)
7.001261261259206,2400.198198197875,2.558904224451322,342.8236868518444,Micro (<10 ha)
8.751576576575172,2700.288288288284,2.5749099898337833,308.54878142939253,Micro (<10 ha)
12.502252252253237,3400.3243243242614,2.7128218927398846,271.9769410916687,Small (10-50 ha)
19.25346846846747,4600.414414415136,2.9575870399873656,238.9395148177848,Small (10-50 ha)
7.001261261259206,2400.1801801798865,2.55888501504504,342.8211133129753,Micro (<10 ha)
22.003963963965653,5000.432432432659,3.0071297609535024,227.2514370874955,Small (10-50 ha)
2.5004504504497165,1000.0720720719546,1.7840919799069028,399.9567645469989,Micro (<10 ha)
2.5004504504497165,900.0720720719546,1.6056956393101085,359.9639704558324,Micro (<10 ha)
3.500630630629603,1400.1261261259206,2.1110041313875243,399.96397045583245,Micro (<10 ha)
2.750495495494688,1000.1081081079319,1.7011262538347056,363.6101603315145,Micro (<10 ha)
12.502252252249745,3500.3063063062727,2.7925887866392047,279.97405872821054,Small (10-50 ha)
5.250945945944404,1400.0900900899433,1.7235832933786652,266.6357842002373,Micro (<10 ha)
4.000720720719546,1200.108108107932,1.6925687575106654,299.97297784187435,Micro (<10 ha)
15.25274774774909,4300.450450450648,3.1062397440391094,281.94594977716605,Small (10-50 ha)
2.5004504504497165,1000.0720720719546,1.7840919799069028,399.9567645469989,Micro (<10 ha)
4.750855855854461,1600.1441441439092,2.070943486030369,336.81176459438524,Micro (<10 ha)
2.5004504504497165,800.054054053966,1.4272671552285743,319.9639704558324,Micro (<10 ha)
2.5004504504497165,1100.108108107932,1.962552607473177,439.9639704558324,Micro (<10 ha)
5.751036036034347,1600.1261261259206,1.8822453797399354,278.2326725306515,Micro (<10 ha)
77.01387387387105,19001.675675675273,6.108048607569268,246.73055281954962,Medium (50-200 ha)
12.002162162158639,3600.252252251841,2.9315563976066366,299.9669729178464,Small (10-50 ha)
8.001441441439091,2900.2342342338525,2.892304591514336,362.4639704558325,Micro (<10 ha)
4.500810810809489,1100.0900900899433,1.4627763882375242,244.42042474833275,Micro (<10 ha)
4.500810810809489,1700.1261261259206,2.2606369939387405,377.73774495092493,Micro (<10 ha)
5.250945945944404,1700.1261261259206,2.0929431672778858,323.77520995793566,Micro (<10 ha)
3.0005405405396597,1300.108108107932,2.117262888743531,433.29129886513783,Micro (<10 ha)
4.250765765764518,1200.0900900899433,1.6420082331518597,282.3232697871561,Micro (<10 ha)
2.5004504504497165,1000.0900900899433,1.7841241233916427,399.9639704558324,Micro (<10 ha)
3.7506756756745743,1200.108108107932,1.7480774960399432,319.97117636466595,Micro (<10 ha)
8.001441441440257,2700.288288288284,2.69290532552147,337.4752296883939,Micro (<10 ha)
3.7506756756745743,1200.108108107932,1.7480774960399432,319.97117636466595,Micro (<10 ha)
4.500810810809489,1500.1441441439092,1.994723389269953,333.30531035453635,Micro (<10 ha)
18.003243243237957,3900.3963963957503,2.5931547810543214,216.6496527152542,Small (10-50 ha)
3.500630630629603,1300.1261261259206,1.9602317051041462,371.39768896214207,Micro (<10 ha)
2.5004504504497165,900.0720720719546,1.6056956393101085,359.9639704558324,Micro (<10 ha)
9.751756756753894,2400.1801801798865,2.1681907296544334,246.12797878880278,Micro (<10 ha)
18.003243243237957,4300.39639639575,2.8590923440620797,238.86787165479114,Small (10-50 ha)
2.5004504504497165,800.0720720719546,1.4272992987133142,319.97117636466595,Micro (<10 ha)
10.751936936933781,2800.2882882878184,2.409097948556346,260.445006766046,Small (10-50 ha)
2.5004504504497165,900.0900900899433,1.6057277827948484,359.97117636466595,Micro (<10 ha)
2.5004504504497165,1100.0900900899433,1.962520463988437,439.9567645469989,Micro (<10 ha)
14.252567567563382,3500.3243243237957,2.6155124985724014,245.592543780672,Small (10-50 ha)
4.000720720719546,900.0720720719546,1.2694138623050348,224.9774815348953,Micro (<10 ha)
5.000900900899433,1500.1261261259206,1.8923380347550873,299.97117636466595,Micro (<10 ha)
2.750495495494688,1200.1261261259206,2.0413453750796093,436.33088223257494,Micro (<10 ha)
4.750855855854461,1500.108108107932,1.941474539151309,315.75534043184126,Micro (<10 ha)
2.5004504504508804,1000.0720720724203,1.7840919799073183,399.95676454699895,Micro (<10 ha)
4.00072072072071,1400.1441441443749,1.974688962085407,349.9729778418889,Micro (<10 ha)
2.5004504504520444,900.0900900904089,1.6057277827949314,359.971176364517,Micro (<10 ha)
3.2505855855869594,1100.090090090409,1.7212443109953226,338.42828042066924,Micro (<10 ha)
5.000900900901761,1800.1621621623635,2.270819279031782,359.96757341017474,Micro (<10 ha)
13.502432432438946,4200.324324324727,3.224570577755046,311.0790848494564,Small (10-50 ha)
2.75049549549818,900.0720720728859,1.5309707217975848,327.23997314158896,Micro (<10 ha)
9.251666666668607,2800.2702702702954,2.597078214276555,302.677384644537,Micro (<10 ha)
7.501351351353805,2300.180180180352,2.3691206116134946,306.6354410615932,Micro (<10 ha)
5.000900900905253,1800.1621621632949,2.270819279032164,359.9675734101096,Micro (<10 ha)
3.000540540541988,1100.090090090409,1.7915278794866831,366.6306371223698,Micro (<10 ha)
7.001261261262698,1900.1621621628292,2.025804780434617,271.40283603987797,Micro (<10 ha)
13.252387387388152,3200.34234234225,2.4799586766176285,241.49175909149074,Small (10-50 ha)
4.0007207207218745,1500.1441441443749,2.115723652716337,374.96847414875157,Micro (<10 ha)
11.752117117121816,3400.288288289681,2.798032484120804,289.3341050299572,Small (10-50 ha)
4.500810810812982,1400.1261261263862,1.8617306494270003,311.0830881321762,Micro (<10 ha)
8.251486486487556,2800.270270270761,2.749976111685167,339.3655524803221,Micro (<10 ha)
5.500990990994032,1800.1981981983408,2.165184571760021,327.2497993807919,Micro (<10 ha)
2.5004504504508804,1000.0900900904089,1.7841241233920582,399.96397045583245,Micro (<10 ha)
9.251666666668607,3000.2882882887498,2.782582607396567,324.2970587232701,Micro (<10 ha)
4.750855855860282,1700.1621621628292,2.200389113574512,357.86439617309014,Micro (<10 ha)
9.001621621629456,3200.2882882887498,3.0090111244625297,355.523529293763,Micro (<10 ha)
16.502972972976277,3600.270270270761,2.5000522078609255,218.1588902900239,Small (10-50 ha)
3.500630630629603,900.0720720719546,1.3570605013619637,257.117121754166,Micro (<10 ha)
2.750495495494688,800.0720720719546,1.3608764849796144,290.8828876042418,Micro (<10 ha)
2.5004504504497165,900.0900900899433,1.6057277827948484,359.97117636466595,Micro (<10 ha)
2.5004504504508804,900.1261261263862,1.605792069764785,359.9855881823516,Micro (<10 ha)
3.250585585584631,900.0720720719546,1.408288237023258,276.8953618891019,Micro (<10 ha)
14.752657657656819,4000.396396396216,2.9380755771995486,271.16445654928884,Small (10-50 ha)
3.2505855855857955,1300.1261261263862,2.0342285766685873,399.9667419592299,Micro (<10 ha)
2.5004504504497165,900.0720720719546,1.6056956393101085,359.9639704558324,Micro (<10 ha)
3.7506756756745743,1200.0900900899433,1.748051250994554,319.96637242544364,Micro (<10 ha)
23.00414414414903,7200.648648648523,4.235099792683245,313.0152812261857,Small (10-50 ha)
10.251846846847329,3000.2702702702954,2.6433483011556045,292.65656374811584,Small (10-50 ha)
4.250765765764518,1400.0900900899433,1.9156557279043238,329.37361577676376,Micro (<10 ha)
2.5004504504497165,800.0720720719546,1.4272992987133142,319.97117636466595,Micro (<10 ha)
4.750855855854461,1700.1441441439092,2.2003657942398798,357.860603589736,Micro (<10 ha)
2.5004504504497165,800.054054053966,1.4272671552285743,319.9639704558324,Micro (<10 ha)
3.250585585584631,1100.0900900899433,1.7212443109952107,338.42828042076843,Micro (<10 ha)
3.500630630629603,900.0900900899433,1.3570876675648533,257.12226883190425,Micro (<10 ha)
5.000900900899433,1600.1621621618979,2.0185287546820065,319.9747793190827,Micro (<10 ha)
4.250765765764518,1300.1261261259206,1.7788812863829218,305.85692032176405,Micro (<10 ha)
3.7506756756745743,1100.0900900899433,1.6023912488472534,293.3045096979993,Micro (<10 ha)
20.003603603604716,6100.5405405410565,3.847771429473844,304.97207710323346,Small (10-50 ha)
3.0005405405396597,1300.1261261259206,2.1172922315963123,433.29730378916577,Micro (<10 ha)
5.000900900899433,1700.1621621618979,2.144674016856865,339.97117636466595,Micro (<10 ha)
2.5004504504497165,900.0900900899433,1.6057277827948484,359.97117636466595,Micro (<10 ha)
4.250765765764518,1500.1621621618979,2.052578086990216,352.9157438511758,Micro (<10 ha)
3.7506756756745743,1200.108108107932,1.7480774960399432,319.97117636466595,Micro (<10 ha)
5.500990990989376,1400.1261261259206,1.6839987340511968,254.52252665371157,Micro (<10 ha)
2.750495495494688,900.0900900899433,1.53100136940716,327.24652396787815,Micro (<10 ha)
2.5004504504497165,700.054054053966,1.24887081463178,279.97117636466595,Micro (<10 ha)
2.5004504504497165,700.054054053966,1.24887081463178,279.97117636466595,Micro (<10 ha)
3.250585585584631,900.0900900899433,1.4083164287243173,276.9009048958969,Micro (<10 ha)
4.750855855854461,1800.1621621618979,2.3298114217841652,378.9132351686834,Micro (<10 ha)
5.000900900899433,1900.1441441439092,2.396941812330551,379.96036750141565,Micro (<10 ha)
5.000900900899433,1800.1621621618979,2.270819279031723,359.9675734102492,Micro (<10 ha)
3.250585585584631,1400.108108107932,2.19066432610261,430.7248867148707,Micro (<10 ha)
2.5004504504497165,900.0720720719546,1.6056956393101085,359.9639704558324,Micro (<10 ha)
3.500630630629603,1300.108108107932,1.9602045389012566,371.39254188440384,Micro (<10 ha)
13.002342342338524,2300.1801801798865,1.799476281562934,176.90506215099316,Small (10-50 ha)
3.7506756756745743,1400.1261261259206,2.0394237453799335,373.29970575877695,Micro (<10 ha)
23.50423423423199,6800.576576576568,3.957015487003477,289.33410502998163,Small (10-50 ha)
13.502432432428469,4200.360360359773,3.2245982424624904,311.0817537047524,Small (10-50 ha)
2.750495495494688,900.0900900899433,1.53100136940716,327.24652396787815,Micro (<10 ha)
3.500630630630767,1100.1261261263862,1.6586868525378156,314.2651259747899,Micro (<10 ha)
3.000540540541988,1300.0720720724203,2.1172042030379052,433.279289016901,Micro (<10 ha)
5.000900900901761,1800.1441441443749,2.2707965501557514,359.963970455758,Micro (<10 ha)
2.75049549549818,900.0540540544316,1.5309400741866055,327.2334223152074,Micro (<10 ha)
3.2505855855857955,1400.1261261263862,2.1906925178040058,430.7304297216547,Micro (<10 ha)
4.000720720723039,1200.1261261263862,1.6925941691665116,299.97748153474976,Micro (<10 ha)
2.7504954954993446,800.0720720724203,1.3608764849792547,290.8828876039186,Micro (<10 ha)
12.002162162160966,3300.288288288284,2.687306490656439,274.9744790728668,Small (10-50 ha)
3.000540540541988,1100.1081081083976,1.7915572223394645,366.6366420463977,Micro (<10 ha)
13.252387387385825,3600.3243243242614,2.7899063886432782,271.6736403096094,Small (10-50 ha)
4.500810810810654,1400.1801801803522,1.8618025244443936,311.09509798039295,Micro (<10 ha)
3.250585585588124,1000.0900900904089,1.5647803698596516,307.66459265814535,Micro (<10 ha)
2.500450450453209,900.0900900904089,1.6057277827945575,359.9711763643494,Micro (<10 ha)
6.00108108108514,2000.1441441443749,2.303252842093303,333.2973037889201,Micro (<10 ha)
6.501171171177411,1900.1441441443749,2.1022570383160315,292.27720577002503,Micro (<10 ha)
8.251486486487556,2300.234234234318,2.258920955802302,278.766042700443,Micro (<10 ha)
33.25599099098821,6400.5585585585795,3.1309634394374894,192.46332368483678,Small (10-50 ha)
31.75572072072071,9300.81081081042,4.655913374776243,292.8861508956908,Small (10-50 ha)
12.502252252252074,3100.2702702702954,2.4734349610229147,247.97694109170075,Small (10-50 ha)
2.5004504504520444,1000.0900900904089,1.7841241233916427,399.9639704556463,Micro (<10 ha)
3.0005405405396597,1000.0900900899433,1.6286750462845552,333.3033087131937,Micro (<10 ha)
3.2505855855869594,1100.1081081083976,1.721272502696382,338.4338234274643,Micro (<10 ha)
2.750495495494688,1100.1261261259206,1.8712511382622512,399.9737966951509,Micro (<10 ha)
2.5004504504497165,900.0900900899433,1.6057277827948484,359.97117636466595,Micro (<10 ha)
50.50909909909591,13001.117117118556,5.160489840150292,257.40148505937753,Medium (50-200 ha)
5.500990990989376,1700.1261261259206,2.0448230989341103,309.0581549598477,Micro (<10 ha)
6.251126126124291,2000.1981981978752,2.2567786726722967,319.97405872819934,Micro (<10 ha)
7.251306306304177,1900.1621621618979,1.9905707051690025,262.04411755574654,Micro (<10 ha)
2.5004504504497165,1000.054054053966,1.7840598364221631,399.9495586381654,Micro (<10 ha)
2.5004504504497165,900.054054053966,1.6056634958253688,359.9567645469989,Micro (<10 ha)
3.7506756756745743,1300.0900900899433,1.8937112531418547,346.62823515288795,Micro (<10 ha)
2.750495495494688,900.0900900899433,1.53100136940716,327.24652396787815,Micro (<10 ha)
2.5004504504497165,1000.1081081079319,1.7841562668763826,399.97117636466595,Micro (<10 ha)
3.500630630629603,900.054054053966,1.3570333351590742,257.1119746764278,Micro (<10 ha)
5.250945945944404,1900.1801801798865,2.3392200517303263,361.87387943833255,Micro (<10 ha)
3.0005405405396597,900.0900900899433,1.4658222130824903,299.97598030388826,Micro (<10 ha)
8.501531531529036,2400.216216215864,2.322185177355946,282.3275085570582,Micro (<10 ha)
5.250945945944404,1800.1621621618979,2.216092700059994,342.8262603907135,Micro (<10 ha)
16.00288288288517,5000.468468469102,3.5261976173087324,312.4729778418252,Small (10-50 ha)
6.751216216214234,1400.1441441439092,1.520116271767439,207.39139427666626,Micro (<10 ha)
2.5004504504497165,900.0720720719546,1.6056956393101085,359.9639704558324,Micro (<10 ha)
3.7506756756745743,1600.1261261259206,2.330743749674535,426.62343121366564,Micro (<10 ha)
3.7506756756745743,1400.108108107932,2.0393975003345446,373.29490181955464,Micro (<10 ha)
4.000720720719546,1700.1621621618979,2.39781844563474,424.9639704558325,Micro (<10 ha)
4.000720720719546,1500.1441441439092,2.1157236527162957,374.96847414885343,Micro (<10 ha)
3.0005405405396597,900.0720720719546,1.465792870229709,299.9699753798604,Micro (<10 ha)
18.253288288284093,5400.468468468171,3.565791506735543,295.86277185653563,Small (10-50 ha)
4.500810810809489,1500.1441441439092,1.994723389269953,333.30531035453635,Micro (<10 ha)
7.751396396394121,2800.27027026983,2.837298603281223,361.2601042532788,Micro (<10 ha)
3.7506756756745743,1300.1261261259206,1.893763743232633,346.63784303133264,Micro (<10 ha)
2.5004504504497165,800.0720720719546,1.4272992987133142,319.97117636466595,Micro (<10 ha)
8.501531531529036,2600.252252251841,2.515718041054426,305.85692032176405,Micro (<10 ha)
5.751036036034347,1400.1261261259206,1.6469832527103547,243.45632984268065,Micro (<10 ha)
2.750495495494688,1000.1081081079319,1.7011262538347056,363.6101603315145,Micro (<10 ha)
14.252567567564547,3800.3603603602387,2.839705438872763,266.643911165098,Small (10-50 ha)
3.250585585588124,1100.1081081083976,1.7212725026960738,338.43382342734304,Micro (<10 ha)
5.250945945946732,1700.1441441443749,2.092965348389771,323.7786413430396,Micro (<10 ha)
2.5004504504520444,1000.0900900904089,1.7841241233916427,399.9639704556463,Micro (<10 ha)
12.252207207204775,3700.34234234225,2.9821522141826238,302.0143456410291,Small (10-50 ha)
7.251306306305342,2200.2162162163295,2.3049011459394078,303.4234279005896,Micro (<10 ha)
5.7510360360355115,2000.1801801803522,2.352833218157959,347.79475691812576,Micro (<10 ha)
2.7504954954958523,900.1081081083976,1.5310320170178153,327.2530747941212,Micro (<10 ha)
10.751936936940766,2200.216216216795,1.8928538161717179,204.63440486313155,Small (10-50 ha)
4.500810810811817,1500.1261261263862,1.9946994309310855,333.30130707178216,Micro (<10 ha)
9.001621621622471,2300.198198198341,2.1627182751561147,255.53153585939646,Micro (<10 ha)
8.751576576579827,2600.252252252307,2.4795187719214637,297.1181511695693,Micro (<10 ha)
16.252927927931307,5200.450450451579,3.6389008802266396,319.9700677632611,Small (10-50 ha)
4.000720720723039,1400.126126126852,1.974663550429561,349.9684741487806,Micro (<10 ha)
2.5004504504508804,1000.1081081083976,1.7841562668767978,399.97117636466595,Micro (<10 ha)
2.5004504504520444,1000.1081081083976,1.7841562668763824,399.9711763644798,Micro (<10 ha)
3.7506756756757387,1300.090090090409,1.8937112531422389,346.6282351529045,Micro (<10 ha)
13.752477477478097,3200.3063063067384,2.4344235695445535,232.7076202486248,Small (10-50 ha)
4.750855855859117,1500.1441441443749,1.9415211778205093,315.76292559882296,Micro (<10 ha)
3.2505855855869594,1100.1081081083976,1.721272502696382,338.4338234274643,Micro (<10 ha)
2.5004504504497165,1000.0900900899433,1.7841241233916427,399.9639704558324,Micro (<10 ha)
3.7506756756745743,1400.1261261259206,2.0394237453799335,373.29970575877695,Micro (<10 ha)
8.751576576578664,2500.2162162163295,2.384127554009988,285.68752090994815,Micro (<10 ha)
2.750495495494688,900.0900900899433,1.53100136940716,327.24652396787815,Micro (<10 ha)
3.250585585584631,1200.108108107932,1.8777364438317168,369.1975111899992,Micro (<10 ha)
3.0005405405396597,1200.108108107932,1.9544100555414663,399.96397045583245,Micro (<10 ha)
3.7506756756745743,1100.0900900899433,1.6023912488472534,293.3045096979993,Micro (<10 ha)
5.7510360360355115,2200.2162162163295,2.5881377347598846,382.5773656137709,Micro (<10 ha)
3.500630630629603,1100.108108107932,1.6586596863344998,314.2599788970232,Micro (<10 ha)
16.75301801801659,4600.378378378227,3.1706046615890164,274.5999779520843,Small (10-50 ha)
2.5004504504497165,900.0900900899433,1.6057277827948484,359.97117636466595,Micro (<10 ha)
41.007387387385826,10900.900900900364,4.8020470293940996,265.82773484012694,Small (10-50 ha)
3.0005405405396597,1200.108108107932,1.9544100555414663,399.96397045583245,Micro (<10 ha)
3.0005405405396597,1200.108108107932,1.9544100555414663,399.96397045583245,Micro (<10 ha)
54.00972972974298,13001.135135134682,4.99045723581327,240.71838907897737,Medium (50-200 ha)
10.501891891889972,2500.2702702702954,2.17644778874559,238.07808116946197,Small (10-50 ha)
3.250585585584631,1100.1261261259206,1.7213006943973297,338.4393664343584,Micro (<10 ha)
5.000900900899433,1500.1261261259206,1.8923380347550873,299.97117636466595,Micro (<10 ha)
2.750495495494688,800.0720720719546,1.3608764849796144,290.8828876042418,Micro (<10 ha)
2.5004504504497165,800.0720720719546,1.4272992987133142,319.97117636466595,Micro (<10 ha)
3.0005405405396597,1200.1261261259206,1.9544393983942476,399.96997537986033,Micro (<10 ha)
5.500990990989376,1700.1621621618979,2.0448664412000914,309.06470578605996,Micro (<10 ha)
2.5004504504497165,1000.0900900899433,1.7841241233916427,399.9639704558324,Micro (<10 ha)
12.502252252248581,3700.27027026983,2.9521225744368538,295.96829400113256,Small (10-50 ha)
18.75337837837753,5100.468468468636,3.3225029629912424,271.9759803038704,Small (10-50 ha)
3.0005405405396597,1000.1261261259206,1.6287337319901178,333.31531856124957,Micro (<10 ha)
5.250945945944404,1300.1441441439092,1.6005446661554377,247.60189069325355,Micro (<10 ha)
3.7506756756745743,1200.108108107932,1.7480774960399432,319.97117636466595,Micro (<10 ha)
4.500810810809489,1600.1621621618979,2.127716129112803,355.5275325767586,Micro (<10 ha)
4.750855855854461,1800.1441441439092,2.3297881024493905,378.9094425850868,Micro (<10 ha)
20.253648648642702,4000.360360359773,2.507509270386171,197.5130718300407,Small (10-50 ha)
4.750855855854461,1200.108108107932,1.5532076145227767,252.60882344578891,Micro (<10 ha)
3.250585585584631,1100.108108107932,1.72127250269627,338.4338234275634,Micro (<10 ha)
8.001441441440257,2000.1981981983408,1.9947293788550151,249.97973338142756,Micro (<10 ha)
39.507117117113665,10800.97297297325,4.847527454421486,273.393093729294,Small (10-50 ha)
8.5015315315302,2100.2702702702954,2.031990475321445,247.0461072197265,Micro (<10 ha)
4.00072072072071,1000.1261261263862,1.4105247879045288,249.98648892098083,Micro (<10 ha)
4.50081081081531,1400.108108109329,1.861706691088786,311.0790848495369,Micro (<10 ha)
14.00252252252074,4700.450450450648,3.5434915951959196,335.68597678673615,Small (10-50 ha)
9.50171171171125,3100.2702702702954,2.8372244838209304,326.2854488048806,Micro (<10 ha)
28.25509009009227,5700.558558559045,3.025269932867533,201.75333153717187,Small (10-50 ha)
10.001801801802358,3100.252252252307,2.765368283643424,309.9693748873959,Small (10-50 ha)
2.5004504504543728,1000.0900900908746,1.7841241233916425,399.96397045546007,Micro (<10 ha)
5.250945945947897,1600.1261261263862,1.9698379967192479,304.7310222953614,Micro (<10 ha)
7.501351351352642,2500.252252252307,2.575189194343906,333.30691166751734,Micro (<10 ha)
3.2505855855904517,1200.1081081083976,1.877736443830764,369.19751118948136,Micro (<10 ha)
2.750495495494688,900.0720720719546,1.5309707217969726,327.23997314166587,Micro (<10 ha)
20.75373873873614,5700.540540540591,3.5299043215966566,274.6753542724679,Small (10-50 ha)
10.251846846848494,3200.3423423431814,2.8196191448401033,312.1722739475955,Small (10-50 ha)
17.503153153151505,5300.486486486625,3.573984405175996,302.8303780528969,Small (10-50 ha)
3.2505855855869594,1200.1081081083976,1.8777364438317727,369.197511189878,Micro (<10 ha)
3.0005405405396597,1100.0900900899433,1.79152787948662,366.6306371224991,Micro (<10 ha)
3.000540540543152,1100.1261261263862,1.7915865651918983,366.6426469702834,Micro (<10 ha)
4.000720720723039,1300.1261261263862,1.833628859797708,324.972977841707,Micro (<10 ha)
2.750495495494688,900.0720720719546,1.5309707217969726,327.23997314166587,Micro (<10 ha)
10.001801801804685,2600.2702702712268,2.3193935038944464,259.98018375069626,Small (10-50 ha)
2.750495495494688,1100.0900900899433,1.8711898430418763,399.96069504272634,Micro (<10 ha)
2.5004504504497165,1100.108108107932,1.962552607473177,439.9639704558324,Micro (<10 ha)
2.5004504504497165,800.0900900899433,1.427331442198054,319.97838227349945,Micro (<10 ha)
12.002162162166787,3800.3243243242614,3.0944679165135924,316.63664204635086,Small (10-50 ha)
3.0005405405396597,1000.1081081079319,1.6287043891373365,333.30931363722163,Micro (<10 ha)
4.750855855854461,1200.108108107932,1.5532076145227767,252.60882344578891,Micro (<10 ha)
3.500630630629603,900.0900900899433,1.3570876675648533,257.12226883190425,Micro (<10 ha)
3.250585585584631,1100.0900900899433,1.7212443109952107,338.42828042076843,Micro (<10 ha)
15.002702702705283,2800.2522522527725,2.0394237453801374,186.64985287936364,Small (10-50 ha)
3.250585585584631,1000.0900900899433,1.564780369859764,307.66459265833265,Micro (<10 ha)
7.751396396394121,2200.216216215864,2.2293099574936504,283.8477228747306,Micro (<10 ha)
5.000900900899433,1400.1261261259206,1.766192772580229,279.9747793190827,Micro (<10 ha)
66.01189189189114,12401.063063062262,4.305691345819856,187.86104605775736,Medium (50-200 ha)
2.750495495494688,900.0900900899433,1.53100136940716,327.24652396787815,Micro (<10 ha)
6.501171171169262,2400.2342342338525,2.6555402799720316,369.2002826933967,Micro (<10 ha)
2.750495495494688,1100.0900900899433,1.8711898430418763,399.96069504272634,Micro (<10 ha)
10.751936936933781,3300.2882882878184,2.839249722327707,306.94825570926287,Small (10-50 ha)
4.500810810809489,1300.0900900899433,1.7287139512452827,288.8568626274066,Micro (<10 ha)
3.0005405405396597,1100.108108107932,1.7915572223394014,366.636642046527,Micro (<10 ha)
3.500630630629603,1100.0900900899433,1.65863252013161,314.25483181928496,Micro (<10 ha)
3.500630630629603,1300.1261261259206,1.9602317051041462,371.39768896214207,Micro (<10 ha)
83.51504504503914,17901.65765765775,5.525937336825008,214.35248760272472,Medium (50-200 ha)
21.003783783783437,4300.396396396682,2.647005159238699,204.7438899898086,Small (10-50 ha)
4.750855855854461,1500.1261261259206,1.9414978584860836,315.75913301543784,Micro (<10 ha)
4.000720720719546,1600.1621621618979,2.256783755003482,399.96847414885343,Micro (<10 ha)
7.5013513513491485,1900.1801801798865,1.9571319105497365,253.31171560683282,Micro (<10 ha)
10.251846846845002,3200.252252252307,2.819539772161721,312.1634862539116,Small (10-50 ha)
2.750495495497016,800.0720720724203,1.3608764849798305,290.88288760416486,Micro (<10 ha)
9.001621621621307,2500.288288288284,2.3508492348510015,277.75976300567385,Micro (<10 ha)
5.500990990992868,1900.1261261263862,2.285372675522554,345.4152404971371,Micro (<10 ha)
4.25076576576801,1300.1261261263862,1.7788812863828283,305.85692032162234,Micro (<10 ha)
3.2505855855869594,1200.090090090409,1.8777082521307131,369.191968183083,Micro (<10 ha)
7.001261261261534,2100.2162162163295,2.2390868187349517,299.9768381501448,Micro (<10 ha)
2.5004504504543728,1000.0720720724203,1.7840919799060722,399.95676454644035,Micro (<10 ha)
9.251666666668607,2700.2162162163295,2.5042842412117614,291.8626787478757,Micro (<10 ha)
12.252207207212923,3800.3063063062727,3.0627144240784023,310.173199166026,Small (10-50 ha)
10.751936936940766,3000.288288288284,2.5811586580644525,279.0463063431948,Small (10-50 ha)
3.7506756756757387,1400.1081081083976,2.039397500334906,373.2949018195629,Micro (<10 ha)
4.500810810810654,1800.1441441443749,2.3936297337819004,399.95996717314716,Micro (<10 ha)
4.000720720723039,1100.1081081083976,1.5515340668793869,274.9774815347716,Micro (<10 ha)
13.502432432434288,2700.198198198341,2.072930324355097,199.9786491589601,Small (10-50 ha)
3.000540540541988,1100.1081081083976,1.7915572223394645,366.6366420463977,Micro (<10 ha)
4.500810810812982,1600.1801801803522,2.1277400874515675,355.53153585927146,Micro (<10 ha)
5.250945945945569,1600.1801801803522,1.9699045400550135,304.741316450973,Micro (<10 ha)
7.751396396399941,1600.1441441443749,1.6213030554333892,206.43301700936698,Micro (<10 ha)
4.750855855854461,1500.108108107932,1.941474539151309,315.75534043184126,Micro (<10 ha)
6.501171171171591,2400.2162162163295,2.6555203454290788,369.19751118993855,Micro (<10 ha)
15.252747747747925,3700.34234234225,2.6727782549221617,242.6016874820871,Small (10-50 ha)
3.250585585584631,1200.1261261259206,1.8777646355327764,369.2030541967942,Micro (<10 ha)
7.751396396394121,2700.216216215864,2.7359215216352477,348.3522294733862,Micro (<10 ha)
3.500630630629603,1400.1261261259206,2.1110041313875243,399.96397045583245,Micro (<10 ha)
6.501171171169262,1800.1801801798865,1.9916601936147718,276.9009048958969,Micro (<10 ha)
3.0005405405396597,1000.0720720719546,1.6286457034317738,333.29730378916577,Micro (<10 ha)
4.750855855854461,1400.1261261259206,1.8120755502765729,294.7102940200871,Micro (<10 ha)
6.251126126125455,2300.234234234318,2.595302588837084,367.9711763646719,Micro (<10 ha)
2.750495495494688,1200.0900900899433,2.0412840798592344,436.3177805801504,Micro (<10 ha)
3.0005405405396597,1000.0720720719546,1.6286457034317738,333.29730378916577,Micro (<10 ha)
3.7506756756745743,1200.108108107932,1.7480774960399432,319.97117636466595,Micro (<10 ha)
4.750855855854461,1700.1261261259206,2.200342474905105,357.8568110061394,Micro (<10 ha)
10.001801801798866,2200.162162161898,1.9625043922460672,219.97658079629107,Small (10-50 ha)
5.751036036034347,1800.1621621618979,2.1175498963418846,313.01528122630367,Micro (<10 ha)
3.0005405405396597,1100.108108107932,1.7915572223394014,366.636642046527,Micro (<10 ha)
6.751216216214234,1600.108108107932,1.737214258899817,237.01034848580179,Micro (<10 ha)
4.500810810809489,1600.1261261259206,2.1276682124348616,355.519526011388,Micro (<10 ha)
3.0005405405396597,1200.1441441439092,1.954468741247029,399.97598030388826,Micro (<10 ha)
2.5004504504497165,1100.1261261259206,1.9625847509579168,439.97117636466595,Micro (<10 ha)
28.755180180174065,4800.432432432193,2.525325607449789,166.94148332069796,Small (10-50 ha)
4.00072072072071,1600.1441441443749,2.256758343347882,399.96397045583245,Micro (<10 ha)
3.750675675678067,1200.1261261263862,1.7481037410851967,319.9759803037145,Micro (<10 ha)
2.7504954954993446,700.0540540544316,1.1907516005518533,254.5192512403438,Micro (<10 ha)
4.250765765765681,1600.1261261263862,2.1893525285119555,376.432439306182,Micro (<10 ha)
4.00072072072071,1200.1261261263862,1.692594169167004,299.9774815349244,Micro (<10 ha)
3.000540540543152,1000.0900900904089,1.6286750462843655,333.3033087129609,Micro (<10 ha)
11.252027027027216,3400.288288288284,2.8595350506410604,302.19339858683577,Small (10-50 ha)
13.502432432434288,2600.2522522527725,1.996202259620752,192.5765794618374,Small (10-50 ha)
4.000720720723039,1200.1261261263862,1.6925941691665116,299.97748153474976,Micro (<10 ha)
11.502072072072188,3500.3243243242614,2.9114900597188864,304.321195554259,Small (10-50 ha)
2.500450450453209,1100.090090090409,1.962520463987897,439.95676454657064,Micro (<10 ha)
2.500450450453209,800.0900900904089,1.4273314421978878,319.97838227323876,Micro (<10 ha)
3.750675675678067,1500.1441441448405,2.1851099925729627,399.9663724253195,Micro (<10 ha)
24.00432432432659,5600.5945945950225,3.224663946141576,233.31606917672073,Small (10-50 ha)
3.2505855855857955,1200.090090090409,1.8777082521310495,369.1919681832152,Micro (<10 ha)
4.250765765765681,1800.1441441443749,2.463024676191797,423.48702406567884,Micro (<10 ha)
3.7506756756745743,1000.054054053966,1.4566787566091743,266.6330390921103,Micro (<10 ha)
7.2513063063076695,1800.1981981983408,1.8858505174914966,248.25846849586378,Micro (<10 ha)
3.0005405405408236,1000.0900900904089,1.6286750462849975,333.30330871321956,Micro (<10 ha)
16.502972972976277,3700.378378378693,2.5695679602661454,224.22495537247053,Small (10-50 ha)
2.750495495494688,1100.0900900899433,1.8711898430418763,399.96069504272634,Micro (<10 ha)
8.50153153153602,1900.1981981983408,1.8384227471180459,223.51245668496875,Micro (<10 ha)
5.250945945945569,1500.1441441443749,1.8467550072729186,285.69026601819934,Micro (<10 ha)
18.503333333337213,4900.450450451579,3.213705558802599,264.8414943496965,Small (10-50 ha)
13.002342342350167,4300.396396397147,3.364284843123344,330.74012998336826,Small (10-50 ha)
5.500990990989376,1700.1441441439092,2.044844770067101,309.06143037295385,Micro (<10 ha)
3.7506756756745743,1200.108108107932,1.7480774960399432,319.97117636466595,Micro (<10 ha)
2.5004504504497165,1000.0720720719546,1.7840919799069028,399.9567645469989,Micro (<10 ha)
3.7506756756745743,1200.0900900899433,1.748051250994554,319.96637242544364,Micro (<10 ha)
3.0005405405396597,1200.108108107932,1.9544100555414663,399.96397045583245,Micro (<10 ha)
2.750495495494688,1000.054054053966,1.7010343110041433,363.5905078528777,Micro (<10 ha)
16.75301801801659,3300.288288288284,2.274575821983433,196.99664172384203,Small (10-50 ha)
3.0005405405396597,1100.108108107932,1.7915572223394014,366.636642046527,Micro (<10 ha)
3.500630630629603,1200.1261261259206,1.8094592788207677,342.83140746845174,Micro (<10 ha)
2.5004504504497165,1100.0900900899433,1.962520463988437,439.9567645469989,Micro (<10 ha)
4.000720720719546,1400.1261261259206,1.9746635504291095,349.96847414885343,Micro (<10 ha)
4.000720720719546,1600.1621621618979,2.256783755003482,399.96847414885343,Micro (<10 ha)
3.7506756756745743,1400.1261261259206,2.0394237453799335,373.29970575877695,Micro (<10 ha)
7.251306306304177,1700.1441441439092,1.7810359532930988,234.46039545534427,Micro (<10 ha)
15.252747747745598,3800.3603603602387,2.7450218364418264,249.15906453130344,Small (10-50 ha)
5.000900900899433,1300.1261261259206,1.640047510405371,259.97838227349945,Micro (<10 ha)
4.500810810809489,1700.1441441439092,2.2606609522777115,377.7417482336102,Micro (<10 ha)
2.750495495494688,1000.0900900899433,1.7010956062245182,363.60360950530224,Micro (<10 ha)
14.752657657657982,4900.450450450182,3.599116777205898,332.174077658909,Small (10-50 ha)
5.751036036034347,2000.1801801798865,2.3528332181576497,347.7947569181152,Micro (<10 ha)
3.7506756756745743,1300.108108107932,1.893737498187244,346.6330390921103,Micro (<10 ha)
4.250765765764518,1700.1981981978752,2.32627488759751,399.9745673805876,Micro (<10 ha)
2.5004504504497165,1000.0900900899433,1.7841241233916427,399.9639704558324,Micro (<10 ha)
3.500630630629603,1400.1441441439092,2.111031297590414,399.9691175335707,Micro (<10 ha)
3.250585585584631,1000.1261261259206,1.564836753261883,307.6756786719227,Micro (<10 ha)
3.0005405405396597,1000.0900900899433,1.6286750462845552,333.3033087131937,Micro (<10 ha)
2.750495495494688,800.0720720719546,1.3608764849796144,290.8828876042418,Micro (<10 ha)
2.5004504504497165,900.0900900899433,1.6057277827948484,359.97117636466595,Micro (<10 ha)
4.750855855854461,1900.1621621618979,2.459233729993676,399.96207416403416,Micro (<10 ha)
2.5004504504497165,1000.1081081079319,1.7841562668763826,399.97117636466595,Micro (<10 ha)
4.500810810809489,1800.1801801798865,2.393677650459532,399.96797373851774,Micro (<10 ha)
4.000720720719546,1400.108108107932,1.9746381387731813,349.9639704558325,Micro (<10 ha)
4.000720720719546,1100.108108107932,1.5515340668794073,274.97748153489533,Micro (<10 ha)
19.003423423417843,5700.522522521671,3.6888739143252884,299.9734519148239,Small (10-50 ha)
10.001801801798866,3700.360360359773,3.300653735888094,369.96937488745755,Small (10-50 ha)
8.501531531529036,2800.216216215864,2.7091811757443014,329.3778545466658,Micro (<10 ha)
2.5004504504508804,1100.1261261263862,1.9625847509582905,439.97117636464736,Micro (<10 ha)
8.00144144144142,2300.1621621623635,2.2938731997300987,287.46847414882797,Micro (<10 ha)
2.5004504504508804,900.0900900904089,1.6057277827953051,359.9711763646846,Micro (<10 ha)
3.2505855855869594,1000.1081081083976,1.5648085615609915,307.67013566505057,Micro (<10 ha)
3.500630630630767,1400.090090090409,2.110949798982096,399.95367630035605,Micro (<10 ha)
11.752117117118324,3000.216216216795,2.4688207941875175,255.29155183848803,Small (10-50 ha)
7.251306306309998,2200.1621621623635,2.3048445200261733,303.4159735119463,Micro (<10 ha)
4.000720720723039,1400.1441441443749,1.9746889620848327,349.9729778416852,Micro (<10 ha)
5.000900900907582,1800.1441441443749,2.27079655015443,359.963970455339,Micro (<10 ha)
3.500630630633095,1300.1261261263862,1.9602317051038702,371.3976889619046,Micro (<10 ha)
8.001441441446078,2500.180180180818,2.4933443407398554,312.4662223021865,Micro (<10 ha)
2.500450450455537,1100.1081081083976,1.9625526074717234,439.96397045499447,Micro (<10 ha)
12.002162162160966,3600.324324324727,2.931615083312673,299.97297784189374,Small (10-50 ha)
2.750495495497016,1100.0720720724203,1.8711591954316888,399.9541442163448,Micro (<10 ha)
5.500990990992868,1600.1621621623635,1.9245916529057363,290.8861630172479,Micro (<10 ha)
3.500630630629603,900.0720720719546,1.3570605013619637,257.117121754166,Micro (<10 ha)
3.500630630629603,1000.0720720719546,1.5078329276453422,285.6834032478564,Micro (<10 ha)
5.250945945945569,2000.1981981983408,2.462347403400959,380.92149848595585,Micro (<10 ha)
4.50081081081531,1700.1261261263862,2.260636993937898,377.7377449505399,Micro (<10 ha)
2.5004504504497165,800.0720720719546,1.4272992987133142,319.97117636466595,Micro (<10 ha)
3.0005405405408236,1300.1261261263862,2.11729223159666,433.29730378915286,Micro (<10 ha)
11.502072072079173,3100.2882882887498,2.578749195006493,269.54171986233484,Small (10-50 ha)
3.2505855855869594,1400.1261261263862,2.190692517803613,430.73042972150046,Micro (<10 ha)
3.2505855855869594,1400.1441441443749,2.190720709504673,430.73597272829545,Micro (<10 ha)
8.751576576580993,2300.2162162163295,2.193413843847623,262.8344957149381,Micro (<10 ha)
2.750495495494688,1100.108108107932,1.8712204906520638,399.9672458689386,Micro (<10 ha)
19.253468468473294,4400.432432433125,2.829019466533628,228.55271192505595,Small (10-50 ha)
2.5004504504497165,800.0720720719546,1.4272992987133142,319.97117636466595,Micro (<10 ha)
3.500630630629603,1300.1261261259206,1.9602317051041462,371.39768896214207,Micro (<10 ha)
2.5004504504497165,1000.1081081079319,1.7841562668763826,399.97117636466595,Micro (<10 ha)
15.752837837839033,4600.432432432659,3.269748305088963,292.03832857227866,Small (10-50 ha)
5.000900900899433,1500.108108107932,1.892315305879057,299.9675734102492,Micro (<10 ha)
2.5004504504497165,900.0720720719546,1.6056956393101085,359.9639704558324,Micro (<10 ha)
2.5004504504497165,900.0720720719546,1.6056956393101085,359.9639704558324,Micro (<10 ha)
5.000900900899433,1500.0900900899433,1.8922925770030263,299.96397045583245,Micro (<10 ha)
4.000720720719546,1100.0720720719546,1.551483243567551,274.96847414885343,Micro (<10 ha)
3.500630630629603,1500.0900900899433,2.2617222252651237,428.5199577940463,Micro (<10 ha)
2.5004504504497165,1000.1081081079319,1.7841562668763826,399.97117636466595,Micro (<10 ha)
12.002162162158639,3200.2882882878184,2.605880074055288,266.64264697055495,Small (10-50 ha)
2.5004504504497165,800.0720720719546,1.4272992987133142,319.97117636466595,Micro (<10 ha)
4.750855855854461,1400.0900900899433,1.8120289116070238,294.7027088528939,Micro (<10 ha)
5.250945945944404,1800.1621621618979,2.216092700059994,342.8262603907135,Micro (<10 ha)
31.255630630634258,5800.540540540125,2.926842828968713,185.5838587641518,Small (10-50 ha)
5.000900900899433,1700.108108107932,2.1446058302287736,339.96036750141565,Micro (<10 ha)
4.000720720719546,1200.0900900899433,1.6925433458547372,299.96847414885343,Micro (<10 ha)
3.0005405405396597,1200.0900900899433,1.9543807126886847,399.9579655318045,Micro (<10 ha)
2.750495495494688,1100.108108107932,1.8712204906520638,399.9672458689386,Micro (<10 ha)
12.002162162158639,3500.2882882878184,2.8501593238583856,291.638143277534,Small (10-50 ha)
4.250765765764518,1500.108108107932,2.052504128207971,352.9030275414696,Micro (<10 ha)
20.003603603602386,6200.594594594557,3.9108781538752413,309.97387858045295,Small (10-50 ha)
9.25166666666395,2700.27027026983,2.504334373017964,291.8685213767562,Micro (<10 ha)
3.0005405405396597,900.0900900899433,1.4658222130824903,299.97598030388826,Micro (<10 ha)
2.750495495494688,1000.0900900899433,1.7010956062245182,363.60360950530224,Micro (<10 ha)
2.750495495494688,1200.1261261259206,2.0413453750796093,436.33088223257494,Micro (<10 ha)
7.5013513513491485,2500.2342342338525,2.5751706362944584,333.3045096979993,Micro (<10 ha)
8.501531531529036,2500.216216215864,2.4189341769530346,294.0900950544601,Micro (<10 ha)
3.250585585584631,1300.108108107932,2.0342003849671633,399.961198952435,Micro (<10 ha)
4.250765765764518,1500.1621621618979,2.052578086990216,352.9157438511758,Micro (<10 ha)
3.0005405405396597,1000.1081081079319,1.6287043891373365,333.30931363722163,Micro (<10 ha)
4.000720720719546,1500.1441441439092,2.1157236527162957,374.96847414885343,Micro (<10 ha)
2.750495495494688,1100.0900900899433,1.8711898430418763,399.96069504272634,Micro (<10 ha)
6.501171171169262,2300.216216215864,2.544883631640992,353.8156673087813,Micro (<10 ha)
6.251126126124291,1700.1441441439092,1.9182344271830496,271.97405872819934,Micro (<10 ha)
3.250585585584631,1100.0900900899433,1.7212443109952107,338.42828042076843,Micro (<10 ha)
2.750495495494688,800.0720720719546,1.3608764849796144,290.8828876042418,Micro (<10 ha)
4.000720720719546,1500.1441441439092,2.1157236527162957,374.96847414885343,Micro (<10 ha)
3.0005405405396597,1200.108108107932,1.9544100555414663,399.96397045583245,Micro (<10 ha)
29.755360360351624,8000.6486486475915,4.137496691282283,268.8809193286828,Small (10-50 ha)
2.750495495497016,700.0720720724203,1.1907822481625445,254.52580206677155,Micro (<10 ha)
3.000540540541988,800.0720720724203,1.302940037027897,266.6426469705032,Micro (<10 ha)
25.50459459458827,4700.468468468171,2.6255905425791664,184.29888979554872,Small (10-50 ha)
2.750495495497016,1000.0720720724203,1.7010649586144029,363.59705867895144,Micro (<10 ha)
3.000540540544316,1100.072072072886,1.7914985366339649,366.6246321982126,Micro (<10 ha)
3.2505855855869594,1300.1621621623635,2.034284960070342,399.9778279726767,Micro (<10 ha)
2.500450450453209,800.0540540544316,1.4272671552284082,319.96397045557177,Micro (<10 ha)
12.002162162163295,2900.252252252307,2.3615714813993307,241.644148201507,Small (10-50 ha)
3.000540540544316,1100.1081081083976,1.7915572223387692,366.63664204611325,Micro (<10 ha)
3.5006306306319313,1400.1261261263862,2.1110041313875243,399.96397045569944,Micro (<10 ha)
6.5011711711727544,2300.216216217261,2.544883631641854,353.81566730880616,Micro (<10 ha)
4.500810810812982,1700.1621621628292,2.2606849106170435,377.74575151620934,Micro (<10 ha)
7.251306306308834,2700.2522522527725,2.828728587976849,372.38149075339425,Micro (<10 ha)
4.750855855860282,1300.1081081083976,1.6826299227318595,273.6576624409024,Micro (<10 ha)
8.001441441442585,2400.234234234318,2.3936716608747313,299.975229688312,Micro (<10 ha)
2.750495495494688,800.054054053966,1.3608458373694272,290.8763367780295,Micro (<10 ha)
3.7506756756757387,1400.1441441443749,2.0394499904256844,373.30450969800756,Micro (<10 ha)
2.5004504504520444,900.1261261263862,1.605792069764411,359.985588182184,Micro (<10 ha)
5.0009009009005965,2000.2162162163295,2.523177990009825,399.971176364666,Micro (<10 ha)
7.751396396397613,2500.216216216795,2.533276895978982,322.5504268338988,Micro (<10 ha)
2.5004504504520444,1100.090090090409,1.962520463988354,439.95676454677556,Micro (<10 ha)
7.00126126126619,2100.198198198341,2.239067609327925,299.97426461107614,Micro (<10 ha)
4.250765765764518,1000.1081081079319,1.3683853913268107,235.27716256745055,Micro (<10 ha)
4.750855855854461,1700.1621621618979,2.200389113574654,357.8643961733326,Micro (<10 ha)
3.500630630629603,1500.1441441439092,2.2618037238737925,428.535399027261,Micro (<10 ha)
3.0005405405396597,1300.0720720719546,2.1172042030379683,433.27928901708196,Micro (<10 ha)
7.251306306311162,1500.1621621623635,1.5715389520252556,206.88164294710595,Micro (<10 ha)
49.50891891891486,10100.828828828875,4.049583496614239,204.02038762696267,Small (10-50 ha)
3.0005405405396597,1100.0900900899433,1.79152787948662,366.6306371224991,Micro (<10 ha)
2.750495495494688,1000.1081081079319,1.7011262538347056,363.6101603315145,Micro (<10 ha)
3.500630630629603,900.0720720719546,1.3570605013619637,257.117121754166,Micro (<10 ha)
2.5004504504497165,800.054054053966,1.4272671552285743,319.9639704558324,Micro (<10 ha)
7.001261261259206,2200.1801801798865,2.3456606049631885,314.25483181928496,Micro (<10 ha)
11.252027027027216,3200.288288288284,2.6913413677412756,284.4188234352117,Small (10-50 ha)
3.500630630629603,1000.1081081079319,1.5078872600511215,285.6936974033328,Micro (<10 ha)
2.5004504504497165,800.0720720719546,1.4272992987133142,319.97117636466595,Micro (<10 ha)
3.250585585584631,900.0720720719546,1.408288237023258,276.8953618891019,Micro (<10 ha)
15.252747747747925,4700.468468468636,3.3951750265673795,308.17191408431063,Small (10-50 ha)
2.5004504504497165,1000.0720720719546,1.7840919799069028,399.9567645469989,Micro (<10 ha)
3.0005405405396597,1000.0900900899433,1.6286750462845552,333.3033087131937,Micro (<10 ha)
109.26968468468283,21902.05405405443,5.910579586513075,200.44035193527571,Medium (50-200 ha)
3.0005405405396597,1100.108108107932,1.7915572223394014,366.636642046527,Micro (<10 ha)
2.750495495494688,1200.1621621618979,2.0414066702999842,436.34398388499955,Micro (<10 ha)
20.503693693691165,5300.468468468171,3.302123186357791,258.51285859284394,Small (10-50 ha)
3.500630630629603,1200.1261261259206,1.8094592788207677,342.83140746845174,Micro (<10 ha)
4.750855855854461,1300.108108107932,1.6826299227322874,273.65766244113973,Micro (<10 ha)
2.750495495494688,1000.0900900899433,1.7010956062245182,363.60360950530224,Micro (<10 ha)
3.7506756756745743,1400.1261261259206,2.0394237453799335,373.29970575877695,Micro (<10 ha)
3.0005405405396597,900.0900900899433,1.4658222130824903,299.97598030388826,Micro (<10 ha)
13.252387387386989,4000.3603603602387,3.0998959873812444,301.85960034398005,Small (10-50 ha)
8.501531531533692,2600.234234234318,2.515700608802036,305.8548009367003,Micro (<10 ha)
2.5004504504508804,1000.0900900904089,1.7841241233920582,399.96397045583245,Micro (<10 ha)
7.251306306306506,1900.1621621623635,1.9905707051691708,262.0441175557266,Micro (<10 ha)
6.001081081081647,1900.1621621623635,2.188119247931555,316.63664204648177,Micro (<10 ha)
8.751576576579827,2200.234234234784,2.098074170182484,251.41004194865303,Micro (<10 ha)
11.001981981985736,3800.288288288284,3.232035680410674,345.41851591020094,Small (10-50 ha)
4.750855855857953,1900.1981981983408,2.4592803686629234,399.9696593310313,Micro (<10 ha)
8.001441441440257,2800.234234234318,2.792578005386688,349.96622230235016,Micro (<10 ha)
5.500990990992868,2000.1621621623635,2.4056908060828013,363.60033409204993,Micro (<10 ha)
3.0005405405454804,1100.090090090409,1.7915278794856406,366.6306371219431,Micro (<10 ha)
2.7504954955005085,1200.0900900908746,2.0412840798586585,436.31778057956564,Micro (<10 ha)
3.250585585589288,900.0720720724203,1.4082882370229777,276.89536188884847,Micro (<10 ha)
6.001081081083976,1900.1801801803522,2.1881399964613117,316.6396445083729,Micro (<10 ha)
3.2505855855857955,1400.1261261263862,2.1906925178040058,430.7304297216547,Micro (<10 ha)
2.7504954954958523,1000.1081081083976,1.7011262538351375,363.61016033152987,Micro (<10 ha)
20.75373873873614,5500.486486486159,3.4060263024969624,265.0359318737925,Small (10-50 ha)
3.000540540543152,1000.0900900904089,1.6286750462843655,333.3033087129609,Micro (<10 ha)
20.003603603602386,5900.504504505079,3.7216034384231933,294.9720771032713,Small (10-50 ha)
3.500630630630767,1400.1261261263862,2.111004131387875,399.96397045583245,Micro (<10 ha)
10.501891891893465,3300.288288288284,2.872851480368277,314.2565475117694,Small (10-50 ha)
7.251306306308834,1900.1621621623635,1.9905707051688508,262.04411755564246,Micro (<10 ha)
3.500630630633095,1000.1261261263862,1.5079144262539608,285.69884448091904,Micro (<10 ha)
9.001621621622471,2300.1621621623635,2.1626843929482105,255.52753257671117,Micro (<10 ha)
2.750495495494688,1100.0900900899433,1.8711898430418763,399.96069504272634,Micro (<10 ha)
3.0005405405396597,1100.108108107932,1.7915572223394014,366.636642046527,Micro (<10 ha)
2.5004504504497165,1000.0900900899433,1.7841241233916427,399.9639704558324,Micro (<10 ha)
8.001441441442585,2200.180180180352,2.1941645823562723,274.9729778418125,Micro (<10 ha)
7.001261261262698,1900.1621621623635,2.0258047804341204,271.40283603981146,Micro (<10 ha)
3.2505855855857955,1400.1261261263862,2.1906925178040058,430.7304297216547,Micro (<10 ha)
4.250765765765681,1200.1081081083976,1.6420328860796871,282.3275085570904,Micro (<10 ha)
88.26590090091341,18401.63963964116,5.525290422179339,208.47959916365315,Medium (50-200 ha)
3.0005405405396597,900.0900900899433,1.4658222130824903,299.97598030388826,Micro (<10 ha)
3.7506756756745743,1200.108108107932,1.7480774960399432,319.97117636466595,Micro (<10 ha)
2.750495495494688,1000.054054053966,1.7010343110041433,363.5905078528777,Micro (<10 ha)
15.502792792795226,4700.396396396682,3.367631641811804,303.1967503675303,Small (10-50 ha)
3.0005405405396597,900.0720720719546,1.465792870229709,299.9699753798604,Micro (<10 ha)
2.5004504504497165,1000.1081081079319,1.7841562668763826,399.97117636466595,Micro (<10 ha)
3.250585585584631,1100.108108107932,1.72127250269627,338.4338234275634,Micro (<10 ha)
3.500630630629603,1100.0900900899433,1.65863252013161,314.25483181928496,Micro (<10 ha)
5.250945945944404,1700.1261261259206,2.0929431672778858,323.77520995793566,Micro (<10 ha)
9.751756756753894,2600.2342342338525,2.34890855617906,266.64264697055495,Micro (<10 ha)
2.5004504504497165,1100.0720720719546,1.9624883205036974,439.9495586381654,Micro (<10 ha)
3.0005405405396597,900.0720720719546,1.465792870229709,299.9699753798604,Micro (<10 ha)
3.250585585584631,1000.0900900899433,1.564780369859764,307.66459265833265,Micro (<10 ha)
3.0005405405396597,1200.0900900899433,1.9543807126886847,399.9579655318045,Micro (<10 ha)
3.0005405405396597,900.054054053966,1.4657635273769276,299.96397045583245,Micro (<10 ha)
2.5004504504497165,800.0720720719546,1.4272992987133142,319.97117636466595,Micro (<10 ha)
2.5004504504497165,900.0900900899433,1.6057277827948484,359.97117636466595,Micro (<10 ha)
2.750495495494688,1000.0900900899433,1.7010956062245182,363.60360950530224,Micro (<10 ha)
6.251126126124291,1300.108108107932,1.4668827585135389,207.97982345526617,Micro (<10 ha)
7.5013513513491485,2000.1621621618979,2.0601105277661724,266.6402450009438,Micro (<10 ha)
7.251306306304177,1600.1261261259206,1.6762591397030644,220.66729200706843,Micro (<10 ha)
2.5004504504497165,900.0900900899433,1.6057277827948484,359.97117636466595,Micro (<10 ha)
2.750495495494688,800.0720720719546,1.3608764849796144,290.8828876042418,Micro (<10 ha)
5.500990990989376,1600.1261261259206,1.9245483106398058,290.87961219113566,Micro (<10 ha)
4.750855855854461,1100.0720720719546,1.423738667643717,231.55239928324497,Micro (<10 ha)
12.002162162163295,3000.3423423431814,2.443071255133059,249.98348645894262,Small (10-50 ha)
4.250765765764518,1600.1261261259206,2.189352528511618,376.4324393061755,Micro (<10 ha)
4.500810810809489,1400.108108107932,1.8617066910881326,311.0790848496288,Micro (<10 ha)
16.252927927923157,2500.216216215864,1.7494713345758506,153.83174202848681,Small (10-50 ha)
42.257612612611844,12101.081081080716,5.251299158688471,286.3645230509102,Small (10-50 ha)
3.500630630629603,1300.1441441439092,1.960258871307036,371.4028360398803,Micro (<10 ha)
4.750855855854461,1300.0900900899433,1.682606603397513,273.6538698575431,Micro (<10 ha)
5.751036036034347,1700.1261261259206,1.9998764432547258,295.62084387463693,Micro (<10 ha)
4.750855855854461,1500.0900900899433,1.9414512198165346,315.7515478482447,Micro (<10 ha)
3.250585585584631,1100.0900900899433,1.7212443109952107,338.42828042076843,Micro (<10 ha)
4.000720720719546,1400.1261261259206,1.9746635504291095,349.96847414885343,Micro (<10 ha)
5.500990990989376,1900.1621621618979,2.2854160177887004,345.42179132348406,Micro (<10 ha)
10.001801801798866,2700.252252251841,2.4085756024499028,269.97658079629105,Small (10-50 ha)
4.000720720719546,1200.108108107932,1.6925687575106654,299.97297784187435,Micro (<10 ha)
3.500630630629603,1300.108108107932,1.9602045389012566,371.39254188440384,Micro (<10 ha)
3.0005405405408236,1200.1261261263862,1.9544393983946267,399.9699753798604,Micro (<10 ha)
3.000540540543152,1300.1081081083976,2.117262888743057,433.2912988647887,Micro (<10 ha)
11.00198198198108,2600.198198198341,2.211393640481848,236.33907076533262,Small (10-50 ha)
3.2505855855869594,1400.1261261263862,2.190692517803613,430.73042972150046,Micro (<10 ha)
2.7504954954958523,1200.1261261263862,2.041345375079969,436.33088223255953,Micro (<10 ha)
3.000540540544316,1100.090090090409,1.791527879485988,366.6306371220854,Micro (<10 ha)
3.000540540543152,1100.090090090409,1.7915278794863354,366.6306371222276,Micro (<10 ha)
2.750495495501673,1000.0720720724203,1.701064958612963,363.5970586783359,Micro (<10 ha)
4.0007207207218745,1500.1081081083976,2.1156728294044806,374.95946676270967,Micro (<10 ha)
3.750675675678067,1000.0720720724203,1.4567050016545635,266.6378430312085,Micro (<10 ha)
2.5004504504520444,900.1081081083976,1.6057599262796711,359.9783822733505,Micro (<10 ha)
2.5004504504520444,1100.090090090409,1.962520463988354,439.95676454677556,Micro (<10 ha)
3.7506756756757387,1400.1441441443749,2.0394499904256844,373.30450969800756,Micro (<10 ha)
5.250945945949061,1500.1261261263862,1.8467328261605283,285.6868346328505,Micro (<10 ha)
3.500630630633095,1400.1441441443749,2.111031297590063,399.96911753330465,Micro (<10 ha)
44.50801801801892,9000.756756756455,3.805878902465918,202.22775934692325,Small (10-50 ha)
23.254189189183524,4200.396396396216,2.4571673984319196,180.62966471219698,Small (10-50 ha)
15.00270270270761,3300.3243243242614,2.4036262408385567,219.9819852278107,Small (10-50 ha)
6.501171171176248,2400.234234234318,2.65554027997112,369.20028269307164,Micro (<10 ha)
14.252567567569203,4700.414414416067,3.512243869501316,329.7942207347648,Small (10-50 ha)
4.500810810811817,1800.1801801808178,2.393677650460151,399.9679737385178,Micro (<10 ha)
12.75229729729588,3200.2702702702954,2.5280607767487577,250.95637246074176,Small (10-50 ha)
2.7504954954958523,1100.1261261263862,1.8712511382626469,399.97379669515084,Micro (<10 ha)
7.5013513513491485,1900.1621621618979,1.9571133525001692,253.30931363722163,Micro (<10 ha)
2.5004504504497165,800.054054053966,1.4272671552285743,319.9639704558324,Micro (<10 ha)
2.750495495494688,1100.0900900899433,1.8711898430418763,399.96069504272634,Micro (<10 ha)
2.750495495494688,900.0900900899433,1.53100136940716,327.24652396787815,Micro (<10 ha)
3.0005405405396597,1000.0900900899433,1.6286750462845552,333.3033087131937,Micro (<10 ha)
2.5004504504497165,1100.0900900899433,1.962520463988437,439.9567645469989,Micro (<10 ha)
5.000900900899433,1700.108108107932,2.1446058302287736,339.96036750141565,Micro (<10 ha)
2.5004504504497165,800.0720720719546,1.4272992987133142,319.97117636466595,Micro (<10 ha)
2.5004504504497165,1000.0720720719546,1.7840919799069028,399.9567645469989,Micro (<10 ha)
3.7506756756745743,1500.1441441439092,2.1851099925726234,399.96637242544364,Micro (<10 ha)
4.000720720719546,1100.0900900899433,1.5515086552234791,274.97297784187435,Micro (<10 ha)
2.750495495494688,900.0900900899433,1.53100136940716,327.24652396787815,Micro (<10 ha)
2.750495495494688,1000.0720720719546,1.7010649586143307,363.59705867908997,Micro (<10 ha)
2.750495495494688,900.0900900899433,1.53100136940716,327.24652396787815,Micro (<10 ha)
4.250765765764518,1300.1621621618979,1.7789305922377519,305.86539786156817,Micro (<10 ha)
3.250585585584631,1200.0720720719546,1.8776800604295978,369.18642517640916,Micro (<10 ha)
13.002342342338524,2600.2342342338525,2.034214480817693,199.98198522791623,Small (10-50 ha)
3.0005405405396597,1100.108108107932,1.7915572223394014,366.636642046527,Micro (<10 ha)
5.250945945944404,1600.1441441439092,1.9698601778311058,304.73445368063426,Micro (<10 ha)
5.751036036034347,1500.108108107932,1.7645931214389607,260.8413681828254,Micro (<10 ha)
3.500630630629603,1200.1261261259206,1.8094592788207677,342.83140746845174,Micro (<10 ha)
3.0005405405396597,900.0900900899433,1.4658222130824903,299.97598030388826,Micro (<10 ha)
2.750495495494688,1000.0900900899433,1.7010956062245182,363.60360950530224,Micro (<10 ha)
3.500630630629603,1200.0900900899433,1.8094049464149884,342.8211133129753,Micro (<10 ha)
3.0005405405396597,1200.108108107932,1.9544100555414663,399.96397045583245,Micro (<10 ha)
10.001801801798866,2400.216216215864,2.1409489480699713,239.97838227349945,Small (10-50 ha)
6.501171171169262,2000.1801801798865,2.212933621190866,307.66459265833265,Micro (<10 ha)
25.254549549553776,6800.612612613011,3.817449417610654,269.28267317811543,Small (10-50 ha)
4.750855855855625,1200.090090090409,1.5531842951884147,252.60503086222846,Micro (<10 ha)
6.001081081081647,2100.1621621623635,2.418427933316754,349.96397045577424,Micro (<10 ha)
2.750495495497016,800.0720720724203,1.3608764849798305,290.88288760416486,Micro (<10 ha)
5.5009909909917045,2100.180180180818,2.5259872655108855,381.78215227402194,Micro (<10 ha)
3.500630630633095,1200.1441441443749,1.8094864450234567,342.83655454598096,Micro (<10 ha)
3.5006306306354236,1300.090090090409,1.960177372697439,371.38739480618113,Micro (<10 ha)
4.25076576576801,1300.090090090409,1.7788319805279982,305.8484427818182,Micro (<10 ha)
2.7504954954958523,1200.090090090409,2.041284079859594,436.317780580135,Micro (<10 ha)
13.00234234233969,4100.34234234225,3.207778614436942,315.3541288472504,Small (10-50 ha)
4.250765765766846,1400.1441441448405,1.9157296866873188,329.3863320865087,Micro (<10 ha)
3.750675675678067,1200.1261261263862,1.7481037410851967,319.9759803037145,Micro (<10 ha)
3.7506756756815594,1500.1261261263862,2.1850837475258778,399.9615684856006,Micro (<10 ha)
2.5004504504520444,1000.1081081083976,1.7841562668763824,399.9711763644798,Micro (<10 ha)
12.752297297297046,3900.3063063067384,3.0810558351518997,305.8512686285506,Small (10-50 ha)
17.00306306306855,5000.504504505079,3.4209388253895137,294.0943338242631,Small (10-50 ha)
3.0005405405408236,1200.1261261263862,1.9544393983946267,399.9699753798604,Micro (<10 ha)
6.001081081081647,2000.1621621623635,2.3032735906241544,333.300306251128,Micro (<10 ha)
12.002162162167952,3800.3783783782274,3.0945119307926143,316.6411457393411,Small (10-50 ha)
2.7504954954958523,900.1261261263862,1.5310626646280028,327.25962562033345,Micro (<10 ha)
4.000720720719546,1200.108108107932,1.6925687575106654,299.97297784187435,Micro (<10 ha)
22.754099099099403,4400.378378379159,2.6022874511636016,193.38838066998326,Small (10-50 ha)
3.250585585584631,1100.0900900899433,1.7212443109952107,338.42828042076843,Micro (<10 ha)
14.752657657656819,4300.396396396216,3.1584094106051332,291.49977557869073,Small (10-50 ha)
5.500990990995197,2100.162162163295,2.525965594377653,381.7788768607581,Micro (<10 ha)
5.250945945949061,2000.1621621623635,2.462303041176588,380.91463571538486,Micro (<10 ha)
3.250585585584631,1300.0900900899433,2.034172193266104,399.95565594563993,Micro (<10 ha)
3.7506756756745743,1400.108108107932,2.0393975003345446,373.29490181955464,Micro (<10 ha)
5.000900900904089,1800.1801801803522,2.270842007907284,359.9711763644239,Micro (<10 ha)
3.0005405405396597,1000.1081081079319,1.6287043891373365,333.30931363722163,Micro (<10 ha)
3.500630630629603,1300.1261261259206,1.9602317051041462,371.39768896214207,Micro (<10 ha)
4.750855855854461,1500.1261261259206,1.9414978584860836,315.75913301543784,Micro (<10 ha)
3.7506756756745743,1500.108108107932,2.185057502481845,399.95676454699895,Micro (<10 ha)
3.0005405405396597,1200.108108107932,1.9544100555414663,399.96397045583245,Micro (<10 ha)
5.250945945944404,1700.1441441439092,2.092965348389662,323.7786413430945,Micro (<10 ha)
3.0005405405396597,1100.0900900899433,1.79152787948662,366.6306371224991,Micro (<10 ha)
3.500630630629603,1100.108108107932,1.6586596863344998,314.2599788970232,Micro (<10 ha)
3.250585585584631,1000.0900900899433,1.564780369859764,307.66459265833265,Micro (<10 ha)
2.750495495494688,900.0900900899433,1.53100136940716,327.24652396787815,Micro (<10 ha)
26.0046846846852,5600.558558558114,3.098136971481473,215.3672934883314,Small (10-50 ha)
3.7506756756745743,1200.0900900899433,1.748051250994554,319.96637242544364,Micro (<10 ha)
2.750495495494688,1100.108108107932,1.8712204906520638,399.9672458689386,Micro (<10 ha)
5.250945945944404,1800.108108107932,2.2160261567246655,342.81596623523706,Micro (<10 ha)
5.250945945945569,2000.1981981983408,2.462347403400959,380.92149848595585,Micro (<10 ha)
3.0005405405396597,1100.108108107932,1.7915572223394014,366.636642046527,Micro (<10 ha)
40.50729729729472,10301.02702702675,4.565716706740389,254.30052643168332,Small (10-50 ha)
4.750855855854461,1400.1261261259206,1.8120755502765729,294.7102940200871,Micro (<10 ha)
8.251486486484064,2600.1801801798865,2.553479732826664,315.1165774117163,Micro (<10 ha)
4.000720720719546,1600.1801801798865,2.2568091666594103,399.97297784187435,Micro (<10 ha)
3.0005405405396597,1100.0720720719546,1.7914985366338385,366.62463219847115,Micro (<10 ha)
6.251126126124291,2000.1801801798865,2.256758343347554,319.97117636466595,Micro (<10 ha)
2.5004504504497165,900.0900900899433,1.6057277827948484,359.97117636466595,Micro (<10 ha)
2.5004504504497165,1100.108108107932,1.962552607473177,439.9639704558324,Micro (<10 ha)
2.5004504504497165,800.0900900899433,1.427331442198054,319.97838227349945,Micro (<10 ha)
3.500630630629603,1300.108108107932,1.9602045389012566,371.39254188440384,Micro (<10 ha)
2.750495495494688,800.0720720719546,1.3608764849796144,290.8828876042418,Micro (<10 ha)
2.5004504504497165,900.054054053966,1.6056634958253688,359.9567645469989,Micro (<10 ha)
119.52153153151973,27302.522522522137,7.044898936767982,228.43183293147501,Medium (50-200 ha)
14.252567567563382,4100.360360359773,3.0638714523242427,287.692750160438,Small (10-50 ha)
5.000900900899433,1700.1621621618979,2.144674016856865,339.97117636466595,Micro (<10 ha)
3.250585585584631,1400.1261261259206,2.1906925178036696,430.7304297216657,Micro (<10 ha)
2.5004504504497165,800.0720720719546,1.4272992987133142,319.97117636466595,Micro (<10 ha)
22.003963963957503,5600.522522521671,3.3680083036688893,254.5233455069881,Small (10-50 ha)
5.500990990989376,1800.1801801798865,2.1651629006273865,327.24652396787815,Micro (<10 ha)
4.750855855854461,1900.1981981978752,2.459280368663225,399.9696593312273,Micro (<10 ha)
5.250945945944404,1400.108108107932,1.7236054744904414,266.63921558539613,Micro (<10 ha)
112.77031531531131,22101.873873873614,5.871198542161629,195.9901753584327,Medium (50-200 ha)
6.751216216217727,1900.1981981983408,2.0630177348131897,281.46013064041665,Micro (<10 ha)
44.007927927928975,9800.82882882841,4.167661249542164,222.7059825420333,Small (10-50 ha)
6.751216216215398,1900.090090090409,2.06290036340242,281.44411750977264,Micro (<10 ha)
5.250945945947897,1900.0900900908746,2.339109146171814,361.8567225124752,Micro (<10 ha)
2.500450450453209,1100.1081081083976,1.962552607472637,439.96397045540414,Micro (<10 ha)
3.500630630633095,1200.1081081083976,1.8094321126176773,342.8262603905045,Micro (<10 ha)
2.750495495497016,1000.0900900904089,1.70109560622459,363.6036095051637,Micro (<10 ha)
18.75337837837753,4500.450450450182,2.9316444261649197,239.98078424307587,Small (10-50 ha)
2.75049549549818,900.0720720724203,1.5309707217967927,327.2399731414197,Micro (<10 ha)
6.501171171178576,1800.1621621628292,1.991640259071383,276.898133392246,Micro (<10 ha)
7.251306306308834,2600.216216216795,2.7239328990826834,358.58590250897777,Micro (<10 ha)
4.750855855855625,1600.1621621623635,2.0709668053654924,336.8155571779973,Micro (<10 ha)
3.250585585588124,1200.1261261263862,1.8777646355324957,369.20305419654073,Micro (<10 ha)
2.5004504504508804,1100.090090090409,1.962520463988811,439.9567645469803,Micro (<10 ha)
3.000540540544316,1100.090090090409,1.791527879485988,366.6306371220854,Micro (<10 ha)
34.756261261269685,8700.756756757386,4.163279507912546,250.33638374830014,Small (10-50 ha)
5.000900900904089,1700.1801801803522,2.1446967457324844,339.9747793188593,Micro (<10 ha)
5.250945945946732,1300.1081081083976,1.6005003039321037,247.59502792291482,Micro (<10 ha)
2.5004504504508804,1000.0900900904089,1.7841241233920582,399.96397045583245,Micro (<10 ha)
3.250585585584631,1300.0900900899433,2.034172193266104,399.95565594563993,Micro (<10 ha)
3.000540540541988,1100.1081081083976,1.7915572223394645,366.6366420463977,Micro (<10 ha)
3.250585585584631,1300.108108107932,2.0342003849671633,399.961198952435,Micro (<10 ha)
11.502072072072188,3600.396396396216,2.9947277303165145,313.0215472339304,Small (10-50 ha)
7.501351351353805,1900.1621621623635,1.9571133525000415,253.30931363712648,Micro (<10 ha)
3.0005405405396597,1200.108108107932,1.9544100555414663,399.96397045583245,Micro (<10 ha)
3.0005405405396597,1200.1261261259206,1.9544393983942476,399.96997537986033,Micro (<10 ha)
5.751036036034347,1500.1261261259206,1.764614316225145,260.8445011866661,Micro (<10 ha)
3.0005405405396597,1300.1261261259206,2.1172922315963123,433.29730378916577,Micro (<10 ha)
4.250765765764518,1100.0900900899433,1.5051844857756278,258.7980967923523,Micro (<10 ha)
5.000900900899433,1700.1261261259206,2.1446285591048038,339.9639704558324,Micro (<10 ha)
3.500630630629603,900.0720720719546,1.3570605013619637,257.117121754166,Micro (<10 ha)
24.254369369369233,7500.792792792432,4.296425077139716,309.255321322234,Small (10-50 ha)
3.7506756756745743,1100.108108107932,1.6024174938926425,293.30931363722163,Micro (<10 ha)
4.750855855854461,1500.1261261259206,1.9414978584860836,315.75913301543784,Micro (<10 ha)
2.5004504504497165,900.0720720719546,1.6056956393101085,359.9639704558324,Micro (<10 ha)
8.751576576574006,2400.2342342338525,2.288787880344418,274.26306714366615,Micro (<10 ha)
3.0005405405396597,1100.0720720719546,1.7914985366338385,366.62463219847115,Micro (<10 ha)
4.000720720719546,1700.1441441439092,2.397793033978812,424.95946676281153,Micro (<10 ha)
5.000900900899433,1900.1801801798865,2.396987270082612,379.9675734102492,Micro (<10 ha)
13.752477477474605,3200.288288288284,2.4344098635165627,232.70631008340757,Small (10-50 ha)
2.750495495494688,1000.0900900899433,1.7010956062245182,363.60360950530224,Micro (<10 ha)
7.5013513513491485,2300.198198197875,2.3691391696633173,306.63784303133264,Micro (<10 ha)
2.750495495494688,1000.1081081079319,1.7011262538347056,363.6101603315145,Micro (<10 ha)
3.0005405405396597,1200.108108107932,1.9544100555414663,399.96397045583245,Micro (<10 ha)
6.501171171169262,2600.2342342338525,2.8768137075481257,399.96397045583245,Micro (<10 ha)
19.25346846846631,5100.468468468636,3.2790696840135243,264.9116691271642,Small (10-50 ha)
3.500630630629603,1400.1261261259206,2.1110041313875243,399.96397045583245,Micro (<10 ha)
3.250585585584631,900.0900900899433,1.4083164287243173,276.9009048958969,Micro (<10 ha)
4.250765765764518,1700.1621621618979,2.3262255817426802,399.96608984078347,Micro (<10 ha)
3.7506756756745743,1400.108108107932,2.0393975003345446,373.29490181955464,Micro (<10 ha)
11.502072072068694,2400.2342342338525,1.9964601752493267,208.67842065278944,Small (10-50 ha)
3.250585585584631,900.0900900899433,1.4083164287243173,276.9009048958969,Micro (<10 ha)
6.001081081079319,1900.1621621618979,2.1881192479314433,316.636642046527,Micro (<10 ha)
20.503693693691165,5800.540540540125,3.613661608642946,282.90222372590887,Small (10-50 ha)
3.0005405405396597,1200.0900900899433,1.9543807126886847,399.9579655318045,Micro (<10 ha)
4.250765765764518,1800.1621621618979,2.463049329118912,423.4912628355873,Micro (<10 ha)
52.25941441441071,10801.063063062727,4.2148226015886365,206.68167035726097,Medium (50-200 ha)
3.7506756756745743,1300.108108107932,1.893737498187244,346.6330390921103,Micro (<10 ha)
4.500810810809489,1700.1621621618979,2.260684910616682,377.7457515162955,Micro (<10 ha)
2.750495495494688,1000.0900900899433,1.7010956062245182,363.60360950530224,Micro (<10 ha)
3.250585585584631,900.0720720719546,1.408288237023258,276.8953618891019,Micro (<10 ha)
3.500630630629603,1400.1441441439092,2.111031297590414,399.9691175335707,Micro (<10 ha)
5.751036036034347,1600.1261261259206,1.8822453797399354,278.2326725306515,Micro (<10 ha)
3.0005405405396597,900.0720720719546,1.465792870229709,299.9699753798604,Micro (<10 ha)
11.252027027023724,3600.414414413739,3.0278348016290657,319.97918293003653,Small (10-50 ha)
6.501171171171591,2100.180180180352,2.323570334979012,323.04643653950643,Micro (<10 ha)
3.5006306306319313,1100.090090090409,1.6586325201317604,314.25483181920896,Micro (<10 ha)
2.750495495497016,1200.1081081088632,2.0413147274701418,436.3243314063319,Micro (<10 ha)
4.250765765772667,1300.1081081083976,1.778856633454439,305.8526815513852,Micro (<10 ha)
3.5006306306354236,1300.1261261263862,1.9602317051032183,371.3976889616576,Micro (<10 ha)
3.7506756756803954,1400.1261261263862,2.0394237453790294,373.29970575832175,Micro (<10 ha)
5.250945945950225,1700.1801801803522,2.0930097106126273,323.7855041131419,Micro (<10 ha)
7.2513063063158185,2400.1801801812835,2.514379271901959,330.99969561218916,Micro (<10 ha)
6.251126126131275,2200.198198199272,2.4824341776824985,351.96829400096277,Micro (<10 ha)
3.250585585588124,1200.1081081088632,1.8777364438321649,369.197511189889,Micro (<10 ha)
2.750495495497016,1000.1081081088632,1.7011262538355696,363.61016033154533,Micro (<10 ha)
2.5004504504508804,1000.0720720724203,1.7840919799073183,399.95676454699895,Micro (<10 ha)
4.000720720723039,1400.1621621628292,1.9747143737414175,349.9774815348225,Micro (<10 ha)
3.250585585584631,1100.108108107932,1.72127250269627,338.4338234275634,Micro (<10 ha)
4.500810810809489,1200.0900900899433,1.5957451697414036,266.63864368786966,Micro (<10 ha)
23.00414414413972,5500.522522522137,3.2351615710565165,239.11007025764047,Small (10-50 ha)
4.7508558558567895,1300.1441441443749,1.682676561402027,273.66524760829674,Micro (<10 ha)
3.250585585584631,1100.0900900899433,1.7212443109952107,338.42828042076843,Micro (<10 ha)
4.250765765764518,1700.1441441439092,2.326200928815265,399.9618510708814,Micro (<10 ha)
4.500810810809489,1600.1801801798865,2.1277400874517736,355.53153585944386,Micro (<10 ha)
3.0005405405396597,1100.0900900899433,1.79152787948662,366.6306371224991,Micro (<10 ha)
4.000720720719546,1400.1261261259206,1.9746635504291095,349.96847414885343,Micro (<10 ha)
2.750495495494688,1000.0900900899433,1.7010956062245182,363.60360950530224,Micro (<10 ha)
2.750495495494688,1000.1081081079319,1.7011262538347056,363.6101603315145,Micro (<10 ha)
3.7506756756745743,1400.0900900899433,2.039371255289155,373.29009788033227,Micro (<10 ha)
2.750495495494688,1100.108108107932,1.8712204906520638,399.9672458689386,Micro (<10 ha)
3.250585585584631,1000.0720720719546,1.5647521781587044,307.65904965153766,Micro (<10 ha)
2.5004504504497165,800.0720720719546,1.4272992987133142,319.97117636466595,Micro (<10 ha)
2.5004504504497165,1000.1081081079319,1.7841562668763826,399.97117636466595,Micro (<10 ha)
3.250585585584631,1400.1261261259206,2.1906925178036696,430.7304297216657,Micro (<10 ha)
4.250765765764518,1500.1621621618979,2.052578086990216,352.9157438511758,Micro (<10 ha)
13.252387387383497,3700.306306305807,2.86738284497136,279.21809091006224,Small (10-50 ha)
27.754999999998837,6800.75675675692,3.6415115672829406,245.0281663396579,Small (10-50 ha)
2.750495495494688,800.0900900899433,1.360907132589802,290.88943843045405,Micro (<10 ha)
5.500990990989376,2300.216216215864,2.7665801843648903,418.14578863765064,Micro (<10 ha)
3.7506756756745743,1300.108108107932,1.893737498187244,346.6330390921103,Micro (<10 ha)
7.251306306304177,2600.2342342338525,2.7239517743867476,358.5883873052291,Micro (<10 ha)
7.001261261259206,2200.198198197875,2.3456798143694706,314.2574053581541,Micro (<10 ha)
2.750495495494688,1100.108108107932,1.8712204906520638,399.9672458689386,Micro (<10 ha)
3.7506756756745743,1100.0900900899433,1.6023912488472534,293.3045096979993,Micro (<10 ha)
3.500630630629603,1300.1261261259206,1.9602317051041462,371.39768896214207,Micro (<10 ha)
46.75842342341435,12101.08108108025,4.992169345268391,258.8000235059383,Small (10-50 ha)
3.7506756756745743,1100.0900900899433,1.6023912488472534,293.3045096979993,Micro (<10 ha)
3.5006306306342596,1100.090090090409,1.6586325201312089,314.25483181899995,Micro (<10 ha)
6.001081081082812,2100.198198199272,2.4184694303779537,349.9699753798895,Micro (<10 ha)
6.501171171173919,1800.1801801803522,1.9916601936145735,276.90090489577017,Micro (<10 ha)
3.5006306306354236,1300.1081081088632,1.9602045389010307,371.3925418840524,Micro (<10 ha)
26.504774774770485,7200.648648648523,3.945523452570754,271.67364030962136,Small (10-50 ha)
18.253288288289912,5400.5405405410565,3.565839094085381,295.8667202996888,Small (10-50 ha)
3.750675675679231,1000.1081081083976,1.4567574917451158,266.6474509095704,Micro (<10 ha)
2.500450450453209,900.0900900904089,1.6057277827945575,359.9711763643494,Micro (<10 ha)
3.2505855855869594,1100.0720720724203,1.721216119294263,338.42273741387424,Micro (<10 ha)
3.750675675679231,1100.1261261263862,1.602443738937715,293.31411757620396,Micro (<10 ha)
3.250585585588124,1100.1261261263862,1.7213006943971332,338.43936643413804,Micro (<10 ha)
7.001261261265026,2300.216216216795,2.452311228816652,328.54311964372823,Micro (<10 ha)
4.500810810811817,1700.1621621623635,2.2606849106167166,377.7457515162036,Micro (<10 ha)
12.502252252257895,3600.306306307204,2.872370055541336,287.9726175463299,Small (10-50 ha)
3.500630630630767,1300.1081081083976,1.9602045389016323,371.3925418844134,Micro (<10 ha)
4.750855855854461,1200.0900900899433,1.5531842951880022,252.60503086219234,Micro (<10 ha)
10.251846846850821,2700.234234234784,2.379005533772286,263.39002860389456,Small (10-50 ha)
3.2505855855869594,1300.1081081083976,2.0342003849671633,399.96119895229174,Micro (<10 ha)
2.750495495494688,1100.0720720719546,1.8711591954316888,399.954144216514,Micro (<10 ha)
3.0005405405396597,1000.1081081079319,1.6287043891373365,333.30931363722163,Micro (<10 ha)
5.751036036039004,2000.1621621623635,2.3528120233710603,347.7916239140739,Micro (<10 ha)
13.75247747747926,3200.234234234318,2.434368745432314,232.70237958760143,Small (10-50 ha)
2.750495495494688,1200.108108107932,2.041314727469422,436.32433140636266,Micro (<10 ha)
13.002342342345509,3300.270270270761,2.5818664664928512,253.8212103155116,Small (10-50 ha)
8.00144144144142,3000.252252252307,2.9920491463965027,374.9639704557816,Micro (<10 ha)
7.001261261259206,2300.162162161898,2.4522536005978317,328.535399027261,Micro (<10 ha)
2.750495495494688,900.0900900899433,1.53100136940716,327.24652396787815,Micro (<10 ha)
6.751216216217727,2500.234234234318,2.714468191424989,370.33834410876545,Micro (<10 ha)
2.5004504504497165,900.1081081079319,1.6057599262795883,359.97838227349945,Micro (<10 ha)
22.00396396396798,4200.360360360239,2.5259872655099787,190.89107613693741,Small (10-50 ha)
11.502072072073352,4100.342342342716,3.4105713828330244,356.4872760881242,Small (10-50 ha)
3.500630630629603,1300.108108107932,1.9602045389012566,371.39254188440384,Micro (<10 ha)
5.751036036034347,1800.1621621618979,2.1175498963418846,313.01528122630367,Micro (<10 ha)
3.500630630629603,1500.108108107932,2.261749391468013,428.52510487178455,Micro (<10 ha)
2.5004504504497165,800.0720720719546,1.4272992987133142,319.97117636466595,Micro (<10 ha)
2.750495495494688,1100.1261261259206,1.8712511382622512,399.9737966951509,Micro (<10 ha)
7.001261261259206,2500.1801801798865,2.6654972200859652,357.10425405982045,Micro (<10 ha)
3.0005405405396597,1200.1261261259206,1.9544393983942476,399.96997537986033,Micro (<10 ha)
3.7506756756745743,1400.1261261259206,2.0394237453799335,373.29970575877695,Micro (<10 ha)
3.500630630629603,1300.108108107932,1.9602045389012566,371.39254188440384,Micro (<10 ha)
3.250585585584631,1000.1081081079319,1.5648085615608236,307.67013566512765,Micro (<10 ha)
4.500810810809489,1800.1621621618979,2.3936536921205613,399.96397045583245,Micro (<10 ha)
18.5033333333279,3300.27027026983,2.1643106119239346,178.36085049202657,Small (10-50 ha)
10.251846846843836,2500.2342342338525,2.202798188230841,243.88134855951168,Small (10-50 ha)
5.500990990989376,1600.1621621618979,1.9245916529057872,290.88616301734794,Micro (<10 ha)
2.750495495494688,1000.0720720719546,1.7010649586143307,363.59705867908997,Micro (<10 ha)
5.500990990989376,2100.216216215864,2.5260306077762813,381.78870310022654,Micro (<10 ha)
10.501891891888809,2400.252252251841,2.0893836034296727,228.5542716456345,Small (10-50 ha)
3.7506756756745743,1300.1261261259206,1.893763743232633,346.63784303133264,Micro (<10 ha)
3.7506756756745743,1200.0900900899433,1.748051250994554,319.96637242544364,Micro (<10 ha)
4.250765765764518,1700.1441441439092,2.326200928815265,399.9618510708814,Micro (<10 ha)
4.000720720719546,1100.0900900899433,1.5515086552234791,274.97297784187435,Micro (<10 ha)
3.250585585584631,1400.1261261259206,2.1906925178036696,430.7304297216657,Micro (<10 ha)
5.000900900899433,2000.2162162158638,2.5231779900095312,399.97117636466595,Micro (<10 ha)
3.500630630629603,900.0720720719546,1.3570605013619637,257.117121754166,Micro (<10 ha)
4.750855855854461,1700.1621621618979,2.200389113574654,357.8643961733326,Micro (<10 ha)
3.500630630629603,1300.108108107932,1.9602045389012566,371.39254188440384,Micro (<10 ha)
5.250945945944404,1500.1261261259206,1.8467328261607736,285.68683463301517,Micro (<10 ha)
11.502072072068694,3400.306306305807,2.8282973500524107,295.6255433803979,Small (10-50 ha)
5.751036036034347,1600.1441441439092,1.8822665745261198,278.23580553449216,Micro (<10 ha)
5.000900900899433,1700.1441441439092,2.1446512879808344,339.9675734102492,Micro (<10 ha)
3.0005405405396597,1000.0900900899433,1.6286750462845552,333.3033087131937,Micro (<10 ha)
2.5004504504497165,800.0900900899433,1.427331442198054,319.97838227349945,Micro (<10 ha)
3.0005405405396597,1100.1261261259206,1.7915865651921827,366.64264697055495,Micro (<10 ha)
6.751216216214234,1800.1801801798865,1.9544296174433204,266.6453158256785,Micro (<10 ha)
3.0005405405396597,1300.1261261259206,2.1172922315963123,433.29730378916577,Micro (<10 ha)
2.5004504504508804,1000.1081081083976,1.7841562668767978,399.97117636466595,Micro (<10 ha)
3.5006306306319313,1200.1081081083976,1.8094321126179782,342.82626039061853,Micro (<10 ha)
3.2505855855857955,1100.090090090409,1.7212443109956308,338.42828042079043,Micro (<10 ha)
2.500450450453209,900.0720720724203,1.6056956393098176,359.9639704555159,Micro (<10 ha)
2.5004504504508804,1100.090090090409,1.962520463988811,439.9567645469803,Micro (<10 ha)
10.251846846845002,3100.234234234318,2.7314202248554,302.4073886929371,Small (10-50 ha)
31.505675675669917,5800.558558559045,2.9152142922423816,184.1115428937934,Small (10-50 ha)
3.750675675679231,1200.090090090409,1.748051250994147,319.9663724251705,Micro (<10 ha)
3.250585585588124,1000.0720720724203,1.5647521781585922,307.6590496513503,Micro (<10 ha)
23.754279279274634,5300.486486486159,3.0678906125267367,223.1381733021376,Small (10-50 ha)
4.750855855859117,1600.1441441448405,2.070943486030559,336.81176459425114,Micro (<10 ha)
4.500810810812982,1000.1081081083976,1.329831565072719,222.20620909141212,Micro (<10 ha)
253.04558558559953,36903.51351351477,6.544303043639213,145.8374127654211,Large (200-500 ha)
21.25382882883423,6400.5585585585795,3.9164659397428436,301.1484947067605,Small (10-50 ha)
6.501171171176248,1500.1441441443749,1.659710183164269,230.74983024527194,Micro (<10 ha)
2.5004504504508804,1000.0900900904089,1.7841241233920582,399.96397045583245,Micro (<10 ha)
3.250585585588124,1100.090090090409,1.7212443109950142,338.42828042054805,Micro (<10 ha)
3.000540540541988,1300.126126126852,2.1172922315970073,433.2973037891399,Micro (<10 ha)
4.750855855859117,1400.1441441443749,1.8120988696110618,294.71408660349283,Micro (<10 ha)
4.750855855859117,1600.1621621623635,2.070966805364731,336.8155571777497,Micro (<10 ha)
14.002522522521904,4500.468468468171,3.392732752013506,321.40412280926796,Small (10-50 ha)
8.001441441439091,2700.198198197875,2.692815481750061,337.4639704558325,Micro (<10 ha)
2.750495495494688,1100.0720720719546,1.8711591954316888,399.954144216514,Micro (<10 ha)
2.5004504504497165,700.054054053966,1.24887081463178,279.97117636466595,Micro (<10 ha)
14.502612612618831,4700.41441441467,3.4818342592954115,324.108113480519,Small (10-50 ha)
3.250585585584631,1300.0900900899433,2.034172193266104,399.95565594563993,Micro (<10 ha)
4.000720720719546,1600.1441441439092,2.2567583433475535,399.9639704558325,Micro (<10 ha)
2.750495495494688,1000.0720720719546,1.7010649586143307,363.59705867908997,Micro (<10 ha)
3.500630630630767,1100.1261261263862,1.6586868525378156,314.2651259747899,Micro (<10 ha)
32.25581081080716,9100.810810810886,4.520340738182245,282.14484714678764,Small (10-50 ha)
7.751396396397613,2400.234234234784,2.431972839423237,309.651850000894,Micro (<10 ha)
8.751576576574006,1700.1621621618979,1.621221169115775,194.26924363695198,Micro (<10 ha)
3.500630630629603,1200.0900900899433,1.8094049464149884,342.8211133129753,Micro (<10 ha)
2.5004504504497165,800.0720720719546,1.4272992987133142,319.97117636466595,Micro (<10 ha)
13.502432432430796,2600.288288288284,1.9962299243275607,192.57924831697628,Small (10-50 ha)
5.751036036034347,2000.1441441439092,2.352790828585281,347.7884909104339,Micro (<10 ha)
6.501171171169262,1800.1801801798865,1.9916601936147718,276.9009048958969,Micro (<10 ha)
9.251666666667443,2800.2522522527725,2.597061503675149,302.6754371016974,Micro (<10 ha)
2.750495495494688,1000.0900900899433,1.7010956062245182,363.60360950530224,Micro (<10 ha)
5.000900900899433,1800.1621621618979,2.270819279031723,359.9675734102492,Micro (<10 ha)
6.501171171169262,2600.2342342338525,2.8768137075481257,399.96397045583245,Micro (<10 ha)
9.751756756757386,3000.34234234225,2.710344209228248,307.6719833339969,Micro (<10 ha)
2.750495495494688,1100.1261261259206,1.8712511382622512,399.9737966951509,Micro (<10 ha)
5.500990990989376,1700.1621621618979,2.0448664412000914,309.06470578605996,Micro (<10 ha)
9.25166666666395,2100.162162161898,1.9477710618530797,227.0036565118913,Micro (<10 ha)
14.002522522518412,3600.252252251841,2.714093836521038,257.1145482152969,Small (10-50 ha)
10.251846846849658,3300.306306307204,2.9076910685394184,321.9230988923105,Small (10-50 ha)
6.001081081079319,1400.1441441439092,1.6123267859381534,233.31531856124954,Micro (<10 ha)
2.5004504504497165,800.1081081079319,1.4273635856827938,319.98558818233295,Micro (<10 ha)
3.250585585584631,1300.108108107932,2.0342003849671633,399.961198952435,Micro (<10 ha)
3.0005405405396597,1100.108108107932,1.7915572223394014,366.636642046527,Micro (<10 ha)
8.751576576574006,3000.27027026983,2.860963373661395,342.82626039071357,Micro (<10 ha)
2.750495495494688,1100.1261261259206,1.8712511382622512,399.9737966951509,Micro (<10 ha)
2.750495495494688,1200.0720720719546,2.041253432249047,436.3112297539381,Micro (<10 ha)
2.5004504504497165,800.0720720719546,1.4272992987133142,319.97117636466595,Micro (<10 ha)
4.000720720719546,1500.1261261259206,2.1156982410603677,374.9639704558325,Micro (<10 ha)
2.750495495494688,1000.0720720719546,1.7010649586143307,363.59705867908997,Micro (<10 ha)
2.750495495494688,1000.0900900899433,1.7010956062245182,363.60360950530224,Micro (<10 ha)
2.5004504504497165,1100.1261261259206,1.9625847509579168,439.97117636466595,Micro (<10 ha)
6.751216216214234,1500.108108107932,1.6286457034317736,222.1982025261105,Micro (<10 ha)
6.251126126124291,2100.198198197875,2.369606425177303,335.97117636466595,Micro (<10 ha)
2.5004504504508804,900.0900900904089,1.6057277827953051,359.9711763646846,Micro (<10 ha)
5.250945945949061,1700.1441441443749,2.0929653483893076,323.77864134289604,Micro (<10 ha)
5.250945945945569,1800.1801801803522,2.216114881172098,342.829691775885,Micro (<10 ha)
5.000900900902925,1700.1801801803522,2.144696745732734,339.9747793189384,Micro (<10 ha)
3.000540540541988,900.0900900904089,1.46582221308268,299.97598030381073,Micro (<10 ha)
83.76509009008878,14601.405405405909,4.500473380488693,174.31373128951688,Medium (50-200 ha)
2.500450450453209,1000.0900900908746,1.784124123392058,399.96397045564623,Micro (<10 ha)
4.750855855860282,1400.1261261263862,1.8120755502760655,294.710294019824,Micro (<10 ha)
4.250765765771503,1700.1441441448405,2.326200928814628,399.9618510704433,Micro (<10 ha)
17.75319819819997,5100.450450450182,3.4148002146797576,287.29755582672004,Small (10-50 ha)
5.751036036040168,1700.1441441448405,1.9998976380409934,295.6239768783403,Micro (<10 ha)
5.751036036042496,1800.1801801803522,2.1175710911271164,313.01841422978174,Micro (<10 ha)
2.5004504504520444,1000.1081081088632,1.7841562668772133,399.971176364666,Micro (<10 ha)
4.0007207207218745,1500.126126126852,2.1156982410610654,374.963970455847,Micro (<10 ha)
3.0005405405408236,1100.090090090409,1.7915278794870306,366.63063712251204,Micro (<10 ha)
2.750495495494688,800.054054053966,1.3608458373694272,290.8763367780295,Micro (<10 ha)
2.5004504504520444,1000.0900900904089,1.7841241233916427,399.9639704556463,Micro (<10 ha)
5.500990990997525,1700.1441441443749,2.0448447700661463,309.0614303725806,Micro (<10 ha)
3.000540540543152,1300.1081081083976,2.117262888743057,433.2912988647887,Micro (<10 ha)
3.250585585589288,1100.1081081083976,1.7212725026957658,338.43382342722185,Micro (<10 ha)
4.500810810809489,1400.0900900899433,1.8616827327491619,311.07508156694354,Micro (<10 ha)
3.250585585584631,1300.108108107932,2.0342003849671633,399.961198952435,Micro (<10 ha)
2.750495495494688,900.0720720719546,1.5309707217969726,327.23997314166587,Micro (<10 ha)
4.00072072072071,1500.1081081083976,2.115672829404788,374.9594667628188,Micro (<10 ha)
6.251126126127783,1700.1621621628292,1.918254756508307,271.9769410917298,Micro (<10 ha)
8.001441441443749,2600.252252252307,2.593142801884546,324.9729778417434,Micro (<10 ha)
3.0005405405396597,1000.0720720719546,1.6286457034317738,333.29730378916577,Micro (<10 ha)
3.7506756756745743,1300.0900900899433,1.8937112531418547,346.62823515288795,Micro (<10 ha)
7.251306306304177,1900.1801801798865,1.9905895804731673,262.046602351896,Micro (<10 ha)
3.7506756756745743,1400.1261261259206,2.0394237453799335,373.29970575877695,Micro (<10 ha)
3.250585585584631,1400.1261261259206,2.1906925178036696,430.7304297216657,Micro (<10 ha)
2.5004504504497165,1000.0720720719546,1.7840919799069028,399.9567645469989,Micro (<10 ha)
37.50675675676088,10400.972972974181,4.7908688242652975,277.30931363718423,Small (10-50 ha)
3.500630630629603,1400.1261261259206,2.1110041313875243,399.96397045583245,Micro (<10 ha)
2.5004504504497165,1000.0900900899433,1.7841241233916427,399.9639704558324,Micro (<10 ha)
3.500630630629603,1300.1261261259206,1.9602317051041462,371.39768896214207,Micro (<10 ha)
2.5004504504497165,800.054054053966,1.4272671552285743,319.9639704558324,Micro (<10 ha)
4.750855855855625,1800.2162162163295,2.329881379788806,378.9246129194783,Micro (<10 ha)
3.7506756756745743,1500.108108107932,2.185057502481845,399.95676454699895,Micro (<10 ha)
3.500630630629603,1200.0900900899433,1.8094049464149884,342.8211133129753,Micro (<10 ha)
4.500810810809489,1300.1261261259206,1.728761867923224,288.8648691927772,Micro (<10 ha)
3.0005405405396597,1200.108108107932,1.9544100555414663,399.96397045583245,Micro (<10 ha)
2.750495495494688,1000.0720720719546,1.7010649586143307,363.59705867908997,Micro (<10 ha)
5.250945945944404,1500.1261261259206,1.8467328261607736,285.68683463301517,Micro (<10 ha)
2.5004504504497165,1000.0900900899433,1.7841241233916427,399.9639704558324,Micro (<10 ha)
4.250765765764518,1300.1261261259206,1.7788812863829218,305.85692032176405,Micro (<10 ha)
5.000900900899433,2100.1801801798865,2.6492777944323285,419.96036750141565,Micro (<10 ha)
3.7506756756745743,1000.0900900899433,1.4567312466999527,266.64264697055495,Micro (<10 ha)
3.7506756756745743,1500.1441441439092,2.1851099925726234,399.96637242544364,Micro (<10 ha)
2.750495495494688,1100.0900900899433,1.8711898430418763,399.96069504272634,Micro (<10 ha)
5.751036036034347,1800.1441441439092,2.1175287015557003,313.012148222463,Micro (<10 ha)
3.7506756756745743,1100.108108107932,1.6024174938926425,293.30931363722163,Micro (<10 ha)
3.250585585584631,1300.108108107932,2.0342003849671633,399.961198952435,Micro (<10 ha)
6.251126126124291,1800.1981981978752,2.0311231676622836,287.97982345526617,Micro (<10 ha)
4.750855855854461,1700.1441441439092,2.2003657942398798,357.860603589736,Micro (<10 ha)
22.003963963966818,5900.5945945950225,3.5484638283764163,268.16052799657825,Small (10-50 ha)
5.000900900899433,1700.1621621618979,2.144674016856865,339.97117636466595,Micro (<10 ha)
2.5004504504497165,1000.0900900899433,1.7841241233916427,399.9639704558324,Micro (<10 ha)
3.500630630629603,1300.108108107932,1.9602045389012566,371.39254188440384,Micro (<10 ha)
7.251306306304177,2300.162162161898,2.40960245831248,317.206592164252,Micro (<10 ha)
70.26265765765798,17901.603603603784,6.02455145351021,254.78119103928705,Medium (50-200 ha)
2.5004504504497165,800.054054053966,1.4272671552285743,319.9639704558324,Micro (<10 ha)
2.5004504504497165,900.0900900899433,1.6057277827948484,359.97117636466595,Micro (<10 ha)
15.25274774774327,3700.306306305807,2.672752225889122,242.59932488907046,Small (10-50 ha)
3.250585585584631,1200.108108107932,1.8777364438317168,369.1975111899992,Micro (<10 ha)
2.750495495494688,1200.0900900899433,2.0412840798592344,436.3177805801504,Micro (<10 ha)
11.001981981978751,2500.252252251841,2.126392493488288,227.2547125006435,Small (10-50 ha)
2.750495495494688,1100.108108107932,1.8712204906520638,399.9672458689386,Micro (<10 ha)
8.501531531529036,2500.216216215864,2.4189341769530346,294.0900950544601,Micro (<10 ha)
3.0005405405396597,1100.0720720719546,1.7914985366338385,366.62463219847115,Micro (<10 ha)
13.002342342338524,4200.360360359773,3.2860246808549745,323.04643653955054,Small (10-50 ha)
2.5004504504497165,1000.0900900899433,1.7841241233916427,399.9639704558324,Micro (<10 ha)
3.0005405405396597,1100.0900900899433,1.79152787948662,366.6306371224991,Micro (<10 ha)
7.251306306304177,1900.1801801798865,1.9905895804731673,262.046602351896,Micro (<10 ha)
5.751036036034347,1900.1621621618979,2.235180959856675,330.4034525702891,Micro (<10 ha)
2.5004504504497165,800.0720720719546,1.4272992987133142,319.97117636466595,Micro (<10 ha)
3.0005405405396597,900.0720720719546,1.465792870229709,299.9699753798604,Micro (<10 ha)
2.5004504504497165,900.1081081079319,1.6057599262795883,359.97838227349945,Micro (<10 ha)
2.5004504504497165,1000.0900900899433,1.7841241233916427,399.9639704558324,Micro (<10 ha)
5.751036036034347,2000.1981981978752,2.352854412943834,347.79788992195586,Micro (<10 ha)
24.504414414408384,6300.648648648057,3.5905267435490367,257.12300412873077,Small (10-50 ha)
3.7506756756757387,1300.090090090409,1.8937112531422389,346.6282351529045,Micro (<10 ha)
5.75103603603784,1900.1441441443749,2.23515976507036,330.40031956632873,Micro (<10 ha)
3.500630630633095,1300.1261261263862,1.9602317051038702,371.3976889619046,Micro (<10 ha)
19.25346846846631,4500.414414414205,2.8932974614062825,233.74564545526266,Small (10-50 ha)
4.25076576576801,1600.1441441443749,2.1893771814387706,376.43667807587786,Micro (<10 ha)
3.7506756756757387,1500.1441441443749,2.1851099925729627,399.96637242544364,Micro (<10 ha)
42.75770270269481,11100.990990990307,4.789052924889574,259.62552450907674,Small (10-50 ha)
3.250585585589288,1000.0900900904089,1.5647803698593716,307.6645926580352,Micro (<10 ha)
2.5004504504508804,1000.0900900904089,1.7841241233920582,399.96397045583245,Micro (<10 ha)
2.7504954954958523,1100.1081081083976,1.8712204906524597,399.96724586893856,Micro (<10 ha)
4.250765765770338,1500.1261261263862,2.052528781134618,352.907266310998,Micro (<10 ha)
9.501711711715906,2700.288288288284,2.47117940599308,284.1896671058484,Micro (<10 ha)
6.251126126126619,2200.126126126386,2.482352860383402,351.95676454694234,Micro (<10 ha)
3.5006306306319313,1200.090090090409,1.8094049464150885,342.8211133128803,Micro (<10 ha)
3.250585585588124,1400.1081081083976,2.190664326102161,430.72488671455113,Micro (<10 ha)
8.751576576579827,2600.270270270761,2.47953595333721,297.1202100007178,Micro (<10 ha)
8.251486486485227,1900.1441441443749,1.8660166701162668,230.27901060694256,Micro (<10 ha)
5.751036036034347,1400.108108107932,1.6469620579241704,243.45319683883997,Micro (<10 ha)
4.750855855855625,1700.1261261263862,2.2003424749054386,357.85681100614977,Micro (<10 ha)
7.501351351352642,2200.216216216795,2.266160552447313,293.3093136372092,Micro (<10 ha)
2.5004504504497165,800.0720720719546,1.4272992987133142,319.97117636466595,Micro (<10 ha)
18.003243243246107,5800.522522522602,3.8564420595273172,322.1931984226598,Small (10-50 ha)
3.250585585584631,1100.0720720719546,1.721216119294151,338.42273741397344,Micro (<10 ha)
5.250945945947897,1900.1621621628292,2.3391978706189187,361.87044805311047,Micro (<10 ha)
3.7506756756745743,900.0900900899433,1.311071244552652,239.98078424311066,Micro (<10 ha)
3.0005405405396597,1100.1261261259206,1.7915865651921827,366.64264697055495,Micro (<10 ha)
9.751756756757386,2500.252252252307,2.2585903341322515,256.38993205196397,Micro (<10 ha)
4.750855855854461,1900.1801801798865,2.4592570493284502,399.96586674763074,Micro (<10 ha)
25.004504504504148,7800.666666666511,4.400658440202898,311.9704557737327,Small (10-50 ha)
7.751396396394121,1900.1441441439092,1.9252699939184845,245.13572096865528,Micro (<10 ha)
6.251126126124291,1700.1621621618979,1.918254756507792,271.9769410917328,Micro (<10 ha)
4.250765765764518,1600.1261261259206,2.189352528511618,376.4324393061755,Micro (<10 ha)
5.500990990989376,1800.1261261259206,2.1650978872284146,327.2366977285597,Micro (<10 ha)
6.251126126124291,1600.1441441439092,1.8054066746780433,255.97694109173275,Micro (<10 ha)
3.7506756756745743,1200.108108107932,1.7480774960399432,319.97117636466595,Micro (<10 ha)
6.751216216214234,2300.1801801798865,2.4972723947835362,340.7060456241349,Micro (<10 ha)
6.751216216214234,2200.198198197875,2.3887234012173475,325.89656851956715,Micro (<10 ha)
4.000720720719546,1100.108108107932,1.5515340668794073,274.97748153489533,Micro (<10 ha)
2.750495495494688,1200.1261261259206,2.0413453750796093,436.33088223257494,Micro (<10 ha)
51.759324324325426,6900.61261261208,2.7057546684166893,133.32114942947558,Medium (50-200 ha)
3.250585585584631,1000.0900900899433,1.564780369859764,307.66459265833265,Micro (<10 ha)
10.001801801798866,3000.2882882878184,2.676202256829834,299.9747793190827,Small (10-50 ha)
3.250585585584631,900.0720720719546,1.408288237023258,276.8953618891019,Micro (<10 ha)
5.250945945944404,2000.1621621618979,2.462303041177106,380.914635715634,Micro (<10 ha)
3.7506756756745743,1200.108108107932,1.7480774960399432,319.97117636466595,Micro (<10 ha)
13.002342342343182,3700.3423423427157,2.8948507321660384,284.5904410847768,Small (10-50 ha)
5.500990990989376,1800.1261261259206,2.1650978872284146,327.2366977285597,Micro (<10 ha)
5.500990990989376,1800.1441441439092,2.1651195583614053,327.23997314166587,Micro (<10 ha)
6.501171171169262,2500.27027026983,2.7662168628460635,384.5876695814096,Micro (<10 ha)
3.7506756756745743,1300.108108107932,1.893737498187244,346.6330390921103,Micro (<10 ha)
2.750495495494688,1100.108108107932,1.8712204906520638,399.9672458689386,Micro (<10 ha)
2.5004504504497165,900.0720720719546,1.6056956393101085,359.9639704558324,Micro (<10 ha)
4.000720720719546,1200.1261261259206,1.6925941691665936,299.97748153489533,Micro (<10 ha)
3.250585585584631,1400.0900900899433,2.1906361344015504,430.7193437080757,Micro (<10 ha)
3.7506756756745743,1500.1621621618979,2.185136237618013,399.97117636466595,Micro (<10 ha)
5.250945945944404,1500.108108107932,1.8467106450489974,285.6834032478564,Micro (<10 ha)
13.252387387383497,2600.252252251841,2.0149463540353962,196.2100998290562,Small (10-50 ha)
19.753558558553923,6100.540540540125,3.8720478307374964,308.8324831425574,Small (10-50 ha)
30.755540540548974,7300.648648648523,3.713597526952151,237.37669767251015,Small (10-50 ha)
15.002702702702955,5500.486486486159,4.006004367163239,366.6330390920275,Small (10-50 ha)
2.5004504504497165,900.054054053966,1.6056634958253688,359.9567645469989,Micro (<10 ha)
4.250765765764518,1300.1261261259206,1.7788812863829218,305.85692032176405,Micro (<10 ha)
4.250765765764518,1400.1621621618979,1.9157543396139838,329.390570856372,Micro (<10 ha)
3.250585585584631,1100.0900900899433,1.7212443109952107,338.42828042076843,Micro (<10 ha)
3.7506756756745743,1000.0720720719546,1.4567050016545635,266.63784303133264,Micro (<10 ha)
3.2505855855857955,1000.1081081083976,1.564808561561272,307.67013566516073,Micro (<10 ha)
5.0009009009005965,1500.1081081083976,1.892315305879424,299.9675734102725,Micro (<10 ha)
2.75049549549818,1200.072072072886,2.041253432249335,436.3112297537227,Micro (<10 ha)
5.500990990995197,1600.1441441443749,1.9245699817723383,290.8828876040186,Micro (<10 ha)
9.751756756759715,2900.2162162163295,2.6198957752915626,297.40448706392925,Micro (<10 ha)
11.752117117118324,3700.3423423431814,3.044941251570538,314.86601992361045,Small (10-50 ha)
2.500450450453209,900.0900900904089,1.6057277827945575,359.9711763643494,Micro (<10 ha)
10.501891891892301,3400.396396396216,2.9599940877568103,323.78893549850756,Small (10-50 ha)
9.001621621621307,2700.2702702702954,2.5388785479220357,299.9759803038624,Micro (<10 ha)
3.500630630633095,1300.1261261263862,1.9602317051038702,371.3976889619046,Micro (<10 ha)
76.76382882882724,14101.261261260603,4.5401971618826575,183.6966899176495,Medium (50-200 ha)
4.00072072072071,1400.1441441443749,1.974688962085407,349.9729778418889,Micro (<10 ha)
3.750675675679231,1100.1081081083976,1.602417493892326,293.30931363698164,Micro (<10 ha)
3.500630630637752,1100.0720720724203,1.6586053539274919,314.2496847409482,Micro (<10 ha)
6.501171171175083,2400.198198199272,2.6555004108864035,369.194739686486,Micro (<10 ha)
2.750495495497016,900.0720720724203,1.5309707217971167,327.23997314155815,Micro (<10 ha)
9.251666666672099,3100.2702702702954,2.8753097380523807,335.1039744480427,Micro (<10 ha)
4.000720720723039,1200.1261261263862,1.6925941691665116,299.97748153474976,Micro (<10 ha)
2.5004504504520444,900.0720720724203,1.6056956393101915,359.9639704556835,Micro (<10 ha)
5.500990990997525,1700.1621621623635,2.044866441199137,309.0647057856868,Micro (<10 ha)
3.000540540543152,900.0900900904089,1.4658222130823955,299.9759803036943,Micro (<10 ha)
3.2505855855857955,1100.090090090409,1.7212443109956308,338.42828042079043,Micro (<10 ha)
27.004864864862757,5000.468468468636,2.7144681914253987,185.16917205443863,Small (10-50 ha)
3.0005405405408236,900.0900900904089,1.4658222130829643,299.9759803039271,Micro (<10 ha)
3.7506756756745743,1200.0900900899433,1.748051250994554,319.96637242544364,Micro (<10 ha)
3.0005405405396597,900.0720720719546,1.465792870229709,299.9699753798604,Micro (<10 ha)
4.750855855855625,1800.1261261263862,2.3297647831149333,378.90565000149536,Micro (<10 ha)
2.5004504504497165,1100.0900900899433,1.962520463988437,439.9567645469989,Micro (<10 ha)
4.750855855857953,1400.1261261263862,1.8120755502765094,294.71029401996844,Micro (<10 ha)
3.500630630629603,1500.108108107932,2.261749391468013,428.52510487178455,Micro (<10 ha)
4.000720720719546,1400.1261261259206,1.9746635504291095,349.96847414885343,Micro (<10 ha)
7.751396396397613,2600.2342342352495,2.6346174650803023,335.4536526404047,Micro (<10 ha)
7.00126126126037,2100.198198198341,2.2390676093288553,299.9742646113255,Micro (<10 ha)
12.25220720720943,3800.3063063067384,3.0627144240792137,310.1731991661524,Small (10-50 ha)
6.501171171171591,2100.2162162163295,2.323610204064997,323.0519795463015,Micro (<10 ha)
42.75770270270878,10300.846846846864,4.4438645847709735,240.9120742166133,Small (10-50 ha)
3.250585585584631,1200.1441441439092,1.8777928272338358,369.2085972035892,Micro (<10 ha)
4.250765765764518,1500.1261261259206,2.052528781135386,352.9072663113717,Micro (<10 ha)
4.00072072072071,1600.1621621623635,2.25678375500381,399.96847414885343,Micro (<10 ha)
5.75103603603784,1900.1981981983408,2.235223349428913,330.4097185778507,Micro (<10 ha)
7.251306306305342,2500.252252252307,2.6192127114053205,344.80025344926105,Micro (<10 ha)
4.000720720719546,1200.0900900899433,1.6925433458547372,299.96847414885343,Micro (<10 ha)
3.500630630629603,1200.108108107932,1.809432112617878,342.8262603907135,Micro (<10 ha)
6.001081081079319,2100.198198197875,2.418469430377049,349.96997537986033,Micro (<10 ha)
2.750495495494688,1000.0720720719546,1.7010649586143307,363.59705867908997,Micro (<10 ha)
9.25166666666977,2100.198198198341,1.9478044830569015,227.0075515976548,Micro (<10 ha)
2.750495495494688,1100.0720720719546,1.8711591954316888,399.954144216514,Micro (<10 ha)
2.5004504504497165,1000.0720720719546,1.7840919799069028,399.9567645469989,Micro (<10 ha)
5.250945945944404,1500.108108107932,1.8467106450489974,285.6834032478564,Micro (<10 ha)
3.7506756756745743,900.1081081079319,1.3110974895980412,239.985588182333,Micro (<10 ha)
4.500810810809489,1400.1441441439092,1.8617546077660738,311.0870914149994,Micro (<10 ha)
2.750495495494688,1100.0900900899433,1.8711898430418763,399.96069504272634,Micro (<10 ha)
7.5013513513491485,2300.2342342338525,2.3691762857624514,306.642646970555,Micro (<10 ha)
3.500630630629603,1100.108108107932,1.6586596863344998,314.2599788970232,Micro (<10 ha)
2.750495495494688,1100.108108107932,1.8712204906520638,399.9672458689386,Micro (<10 ha)
2.5004504504497165,1000.0900900899433,1.7841241233916427,399.9639704558324,Micro (<10 ha)
2.750495495494688,1000.0720720719546,1.7010649586143307,363.59705867908997,Micro (<10 ha)
2.5004504504497165,1000.054054053966,1.7840598364221631,399.9495586381654,Micro (<10 ha)
3.500630630629603,1000.0900900899433,1.5078600938482318,285.6885503255946,Micro (<10 ha)
9.25166666666395,2600.2342342338525,2.4115571105551488,281.0557630230174,Micro (<10 ha)
28.75518018018105,6000.504504504148,3.1566380521187214,208.67560094928146,Small (10-50 ha)
9.25166666666395,2800.27027026983,2.597078214276777,302.677384644639,Micro (<10 ha)
4.500810810809489,1900.2342342338525,2.526718306980323,422.19820252611055,Micro (<10 ha)
8.001441441439091,1900.1801801798865,1.8949848239725582,237.47973338140577,Micro (<10 ha)
2.750495495494688,800.0900900899433,1.360907132589802,290.88943843045405,Micro (<10 ha)
2.5004504504497165,800.0720720719546,1.4272992987133142,319.97117636466595,Micro (<10 ha)
12.25220720720361,3700.3423423417844,2.9821522141823897,302.01434564101976,Small (10-50 ha)
4.000720720719546,1500.1621621618979,2.115749064372224,374.97297784187435,Micro (<10 ha)
2.750495495494688,1000.0900900899433,1.7010956062245182,363.60360950530224,Micro (<10 ha)
8.251486486484064,3000.2882882878184,2.946401712919037,363.60579311403967,Micro (<10 ha)
3.250585585584631,1300.1261261259206,2.034228576668223,399.96674195923,Micro (<10 ha)
76.26373873874313,12801.117117116693,4.135079778181389,167.85325934477865,Medium (50-200 ha)
4.500810810809489,1800.1801801798865,2.393677650459532,399.96797373851774,Micro (<10 ha)
3.250585585584631,1200.108108107932,1.8777364438317168,369.1975111899992,Micro (<10 ha)
7.5013513513491485,2300.2342342338525,2.3691762857624514,306.642646970555,Micro (<10 ha)
2.5004504504497165,900.0720720719546,1.6056956393101085,359.9639704558324,Micro (<10 ha)
2.5004504504497165,1000.0900900899433,1.7841241233916427,399.9639704558324,Micro (<10 ha)
58.760585585579975,12901.189189189114,4.7476834452609245,219.5551501167324,Medium (50-200 ha)
3.250585585584631,1000.1261261259206,1.564836753261883,307.6756786719227,Micro (<10 ha)
12.002162162158639,2700.2342342338525,2.198703976770954,224.97898276590226,Small (10-50 ha)
3.0005405405396597,1100.0900900899433,1.79152787948662,366.6306371224991,Micro (<10 ha)
3.250585585584631,1300.0900900899433,2.034172193266104,399.95565594563993,Micro (<10 ha)
4.750855855854461,1800.1441441439092,2.3297881024493905,378.9094425850868,Micro (<10 ha)
2.5004504504497165,800.0900900899433,1.427331442198054,319.97838227349945,Micro (<10 ha)
3.7506756756745743,1100.108108107932,1.6024174938926425,293.30931363722163,Micro (<10 ha)
7.001261261259206,2100.216216215864,2.2390868187348274,299.97683815017797,Micro (<10 ha)
13.75247747747344,3400.2882882878184,2.5865467739581356,247.24914429836306,Small (10-50 ha)
4.750855855854461,1300.1261261259206,1.682653242067062,273.6614550247363,Micro (<10 ha)
2.5004504504497165,800.0900900899433,1.427331442198054,319.97838227349945,Micro (<10 ha)
4.000720720719546,1300.1261261259206,1.8336288597978516,324.97297784187435,Micro (<10 ha)
2.750495495494688,800.054054053966,1.3608458373694272,290.8763367780295,Micro (<10 ha)
4.000720720719546,1300.108108107932,1.8336034481419234,324.96847414885343,Micro (<10 ha)
3.250585585584631,1300.1261261259206,2.034228576668223,399.96674195923,Micro (<10 ha)
12.252207207204775,3200.3243243242614,2.5791814342899464,261.20390148497864,Small (10-50 ha)
11.001981981982244,2400.2162162163295,2.041314727469494,218.16216570315441,Small (10-50 ha)
2.5004504504543728,900.0720720724203,1.605695639309444,359.9639704553483,Micro (<10 ha)
24.504414414416534,6700.522522522602,3.8184013511098285,273.44144647588575,Small (10-50 ha)
2.750495495497016,800.0720720724203,1.3608764849798305,290.88288760416486,Micro (<10 ha)
3.2505855855857955,1200.1081081083976,1.877736443832109,369.1975111900102,Micro (<10 ha)
3.750675675679231,1300.1261261263862,1.8937637432321357,346.6378430310264,Micro (<10 ha)
2.5004504504520444,800.0720720724203,1.4272992987134803,319.97117636455425,Micro (<10 ha)
7.751396396396449,2800.2702702702954,2.8372986032812686,361.2601042532304,Micro (<10 ha)
2.5004504504543728,800.0720720724203,1.4272992987128157,319.97117636425634,Micro (<10 ha)
7.00126126126619,2200.144144144375,2.34562218614995,314.24968474129975,Micro (<10 ha)
47.50855855856207,13101.279279279988,5.361951058817702,275.7667181825885,Small (10-50 ha)
5.000900900901761,1700.1441441443749,2.1446512879809227,339.96757341018406,Micro (<10 ha)
31.005585585581137,6200.576576576568,3.141283798038969,199.98256634959637,Small (10-50 ha)
5.000900900904089,1800.1441441448405,2.2707965501558105,359.9639704556835,Micro (<10 ha)
3.250585585588124,1100.090090090409,1.7212443109950142,338.42828042054805,Micro (<10 ha)
6.001081081081647,1800.1801801803522,2.0729856537691367,299.9759803038495,Micro (<10 ha)
4.00072072072071,1300.1801801803522,1.8337050947660258,324.986488920959,Micro (<10 ha)
5.000900900905253,1400.1261261263862,1.7661927725797888,279.97477931885,Micro (<10 ha)
10.001801801802358,2700.234234234318,2.4085595307075276,269.974779319035,Small (10-50 ha)
4.000720720728859,1200.0720720724203,1.6925179341974959,299.96397045525055,Micro (<10 ha)
3.2505855855869594,1300.1261261263862,2.0342285766682227,399.96674195908673,Micro (<10 ha)
6.751216216224711,2200.198198198341,2.3887234012159992,325.89656851913037,Micro (<10 ha)
4.750855855859117,1300.1081081083976,1.6826299227320656,273.6576624409695,Micro (<10 ha)
2.5004504504497165,900.0900900899433,1.6057277827948484,359.97117636466595,Micro (<10 ha)
4.000720720724202,1300.1261261263862,1.8336288597974413,324.9729778416125,Micro (<10 ha)
9.001621621627129,2400.198198198341,2.256741402243018,266.6406453290226,Micro (<10 ha)
2.7504954954958523,1100.090090090409,1.8711898430422722,399.9606950427263,Micro (<10 ha)
101.7683333333442,24302.144144145306,6.795686401751304,238.79868470030996,Medium (50-200 ha)
12.002162162165623,3000.324324324727,2.4430565837060523,249.98198522784833,Small (10-50 ha)
3.500630630633095,1000.1081081083976,1.507887260051071,285.6936974031808,Micro (<10 ha)
28.005045045044973,8100.720720721409,4.318178492283502,289.2593355122882,Small (10-50 ha)
3.2505855855857955,1100.1261261263862,1.72130069439775,338.4393664343805,Micro (<10 ha)
8.001441441442585,2700.252252252307,2.6928693880126224,337.47072599527473,Micro (<10 ha)
5.250945945944404,1500.108108107932,1.8467106450489974,285.6834032478564,Micro (<10 ha)
3.250585585584631,1000.0720720719546,1.5647521781587044,307.65904965153766,Micro (<10 ha)
4.000720720723039,1600.1441441443749,2.2567583433472254,399.9639704555997,Micro (<10 ha)
16.502972972975112,5300.432432432193,3.6806563981441456,321.1804588853208,Small (10-50 ha)
2.5004504504497165,1100.0900900899433,1.962520463988437,439.9567645469989,Micro (<10 ha)
5.250945945944404,1500.1261261259206,1.8467328261607736,285.68683463301517,Micro (<10 ha)
2.5004504504497165,1100.0900900899433,1.962520463988437,439.9567645469989,Micro (<10 ha)
3.000540540541988,1200.1261261263862,1.9544393983942474,399.9699753797052,Micro (<10 ha)
10.50189189189463,3300.252252252307,2.8728201115390153,314.2531161265757,Small (10-50 ha)
3.500630630629603,900.0720720719546,1.3570605013619637,257.117121754166,Micro (<10 ha)
2.750495495494688,1000.1081081079319,1.7011262538347056,363.6101603315145,Micro (<10 ha)
7.501351351353805,2400.252252252307,2.4721920190777347,319.9759803037517,Micro (<10 ha)
4.500810810809489,1800.1441441439092,2.3936297337815904,399.95996717314716,Micro (<10 ha)
2.750495495494688,1100.0900900899433,1.8711898430418763,399.96069504272634,Micro (<10 ha)
3.7506756756745743,1400.1261261259206,2.0394237453799335,373.29970575877695,Micro (<10 ha)
32.755900900893614,8000.648648648523,3.943442315346128,244.25060610774582,Small (10-50 ha)
4.750855855854461,2000.1441441439092,2.588632718868412,421.00712057578835,Micro (<10 ha)
6.001081081079319,2000.1801801798865,2.303294339154246,333.3033087131937,Micro (<10 ha)
2.750495495494688,1000.0900900899433,1.7010956062245182,363.60360950530224,Micro (<10 ha)
7.001261261259206,1600.108108107932,1.705910537092505,228.54569318273747,Micro (<10 ha)
2.5004504504497165,1000.0900900899433,1.7841241233916427,399.9639704558324,Micro (<10 ha)
8.251486486484064,2800.252252251841,2.7499584172788425,339.3633688716154,Micro (<10 ha)
13.252387387385825,3900.3603603607044,3.022405568815994,294.3137901381626,Small (10-50 ha)
9.001621621618979,2600.216216215864,2.4448045975225647,288.8608659100919,Micro (<10 ha)
4.000720720719546,1500.1261261259206,2.1156982410603677,374.9639704558325,Micro (<10 ha)
2.5004504504497165,900.0900900899433,1.6057277827948484,359.97117636466595,Micro (<10 ha)
18.003243243237957,4500.414414413739,2.9920731047354443,249.97798194523094,Small (10-50 ha)
11.25202702702838,3700.3243243242614,3.1118558801586174,328.85846394038606,Small (10-50 ha)
3.0005405405396597,1000.0720720719546,1.6286457034317738,333.29730378916577,Micro (<10 ha)
10.501891891888809,1500.1261261259206,1.3058373044180807,142.84341731650758,Small (10-50 ha)
5.000900900899433,1600.1441441439092,2.018506025805976,319.97117636466595,Micro (<10 ha)
8.251486486485227,2500.288288288284,2.455381945848793,303.0106505516799,Micro (<10 ha)
3.0005405405396597,1300.108108107932,2.117262888743531,433.29129886513783,Micro (<10 ha)
19.753558558552758,3500.252252251841,2.221630042502138,177.1960349258856,Small (10-50 ha)
4.250765765764518,1500.1261261259206,2.052528781135386,352.9072663113717,Micro (<10 ha)
16.252927927923157,3400.2882882878184,2.3792769805553187,209.21081440630718,Small (10-50 ha)
4.500810810809489,1300.1261261259206,1.728761867923224,288.8648691927772,Micro (<10 ha)
5.500990990989376,1700.1621621618979,2.0448664412000914,309.06470578605996,Micro (<10 ha)
3.250585585584631,1300.108108107932,2.0342003849671633,399.961198952435,Micro (<10 ha)
21.503873873874547,4400.414414414205,2.676888577581976,204.63356696675706,Small (10-50 ha)
2.750495495494688,1000.1081081079319,1.7011262538347056,363.6101603315145,Micro (<10 ha)
2.5004504504497165,800.0720720719546,1.4272992987133142,319.97117636466595,Micro (<10 ha)
7.5013513513491485,1900.1621621618979,1.9571133525001692,253.30931363722163,Micro (<10 ha)
6.251126126124291,1500.108108107932,1.6925382635235517,239.97405872819937,Micro (<10 ha)
11.001981981979917,3300.34234234225,2.8068460597834366,299.9770721082676,Small (10-50 ha)
2.750495495494688,900.0720720719546,1.5309707217969726,327.23997314166587,Micro (<10 ha)
32.005765765756365,8300.774774773512,4.139039652524142,259.35248153489533,Small (10-50 ha)
3.0005405405396597,1100.108108107932,1.7915572223394014,366.636642046527,Micro (<10 ha)
3.7506756756745743,1400.1441441439092,2.039449990425323,373.3045096979993,Micro (<10 ha)
4.750855855854461,1800.108108107932,2.3297414637798415,378.90185741789367,Micro (<10 ha)
6.501171171169262,1800.1441441439092,1.9916203245287871,276.8953618891019,Micro (<10 ha)
4.250765765766846,1600.1621621623635,2.189401834366486,376.440916845883,Micro (<10 ha)
14.252567567566876,4000.3963963966817,2.9891763746890874,280.67899888438194,Small (10-50 ha)
12.252207207205938,4100.378378378693,3.304546263232477,334.664465678243,Small (10-50 ha)
4.500810810810654,1600.1621621623635,2.1277161291131472,355.52753257677006,Micro (<10 ha)
6.751216216215398,2200.1621621623635,2.3886842774139385,325.8912308093329,Micro (<10 ha)
3.2505855855857955,1000.0900900904089,1.5647803698602123,307.66459265836573,Micro (<10 ha)
32.75590090089827,7700.666666666511,3.795584098651254,235.09250104170803,Small (10-50 ha)
10.501891891898122,3300.270270270761,2.872835795953494,314.25483181909493,Small (10-50 ha)
2.75049549549818,1000.1081081083976,1.7011262538344176,363.6101603312221,Micro (<10 ha)
8.001441441444912,2500.234234234784,2.4933982470027205,312.47297784176345,Micro (<10 ha)
8.001441441446078,2000.1621621623635,1.9946934413458337,249.97522968822477,Micro (<10 ha)
80.26445945946965,17601.47747747833,5.5422045378978675,219.29354032922097,Medium (50-200 ha)
22.754099099101733,3400.324324324727,2.010877374216953,149.43787972071203,Small (10-50 ha)
12.502252252253237,3600.2882882887498,2.8723556805381167,287.9711763646332,Small (10-50 ha)
2.750495495497016,1100.1081081083976,1.8712204906520638,399.96724586876934,Micro (<10 ha)
7.50135135135497,1800.1441441443749,1.854097619184359,239.97598030376417,Micro (<10 ha)
4.250765765764518,1400.108108107932,1.9156803808317389,329.3778545466658,Micro (<10 ha)
10.251846846846165,3600.3243243242614,3.1720179613868233,351.18787649776976,Small (10-50 ha)
12.752297297297046,4800.486486486159,3.792155215307037,376.4409168459131,Small (10-50 ha)
2.5004504504497165,1100.0900900899433,1.962520463988437,439.9567645469989,Micro (<10 ha)
2.5004504504497165,800.054054053966,1.4272671552285743,319.9639704558324,Micro (<10 ha)
5.500990990989376,2100.144144143909,2.5259439232443186,381.775601447802,Micro (<10 ha)
7.751396396394121,1800.1621621618979,1.823965937362717,232.23714413564463,Micro (<10 ha)
6.751216216216562,2600.216216216795,2.823017184991899,385.147821213461,Micro (<10 ha)
6.251126126124291,1700.1441441439092,1.9182344271830496,271.97405872819934,Micro (<10 ha)
6.5011711711704265,2000.1621621623635,2.2129136866481907,307.66182115495167,Micro (<10 ha)
8.251486486487556,2100.198198198341,2.0624776601621484,254.52361845802898,Micro (<10 ha)
4.250765765765681,1500.1621621623635,2.052578086990572,352.9157438511888,Micro (<10 ha)
10.751936936941929,2900.234234234318,2.495081800415687,269.7406291762723,Small (10-50 ha)
2.750495495494688,900.1081081079319,1.5310320170173475,327.2530747940904,Micro (<10 ha)
6.001081081081647,2100.198198198341,2.418469430377116,349.9699753798022,Micro (<10 ha)
7.501351351351477,2600.2162162163295,2.678149253510959,346.6330390920648,Micro (<10 ha)
3.250585585584631,1100.0720720719546,1.721216119294151,338.42273741397344,Micro (<10 ha)
13.002342342340853,3500.34234234225,2.7383867910305004,269.2085972035768,Small (10-50 ha)
4.000720720719546,1500.1441441439092,2.1157236527162957,374.96847414885343,Micro (<10 ha)
2.5004504504497165,700.054054053966,1.24887081463178,279.97117636466595,Micro (<10 ha)
2.750495495494688,1000.0900900899433,1.7010956062245182,363.60360950530224,Micro (<10 ha)
2.5004504504497165,800.054054053966,1.4272671552285743,319.9639704558324,Micro (<10 ha)
6.5011711711727544,2300.2162162163295,2.5448836316408237,353.81566730866285,Micro (<10 ha)
2.5004504504497165,700.0360360359773,1.2488386711470403,279.96397045583245,Micro (<10 ha)
2.750495495494688,1200.0900900899433,2.0412840798592344,436.3177805801504,Micro (<10 ha)
4.000720720719546,1200.1261261259206,1.6925941691665936,299.97748153489533,Micro (<10 ha)
5.000900900899433,1500.1261261259206,1.8923380347550873,299.97117636466595,Micro (<10 ha)
5.000900900899433,1400.1261261259206,1.766192772580229,279.9747793190827,Micro (<10 ha)
13.002342342340853,3700.3063063062727,2.8948225404648733,284.58766958139444,Small (10-50 ha)
17.503153153153836,5200.486486487556,3.506556926315956,297.11712175417364,Small (10-50 ha)
4.500810810809489,1500.1621621618979,1.9947473476089237,333.30931363722163,Micro (<10 ha)
26.50477477477165,5800.558558558114,3.1783580823785953,218.84956985483714,Small (10-50 ha)
10.501891891892301,2900.252252252307,2.524626107935066,276.1647408017376,Small (10-50 ha)
7.5013513513491485,1900.1621621618979,1.9571133525001692,253.30931363722163,Micro (<10 ha)
5.000900900899433,1300.108108107932,1.6400247815293403,259.9747793190827,Micro (<10 ha)
3.0005405405396597,1000.0720720719546,1.6286457034317738,333.29730378916577,Micro (<10 ha)
5.250945945944404,1600.1441441439092,1.9698601778311058,304.73445368063426,Micro (<10 ha)
7.5013513513491485,2300.2342342338525,2.3691762857624514,306.642646970555,Micro (<10 ha)
3.250585585584631,1300.1441441439092,2.0342567683692825,399.972284966025,Micro (<10 ha)
4.250765765764518,1300.108108107932,1.778856633455507,305.852681551862,Micro (<10 ha)
3.7506756756745743,1100.0900900899433,1.6023912488472534,293.3045096979993,Micro (<10 ha)
5.250945945944404,1800.1261261259206,2.2160483378364417,342.8193976203959,Micro (<10 ha)
94.51702702702605,21601.873873873614,6.268035791248899,228.5500777304052,Medium (50-200 ha)
2.750495495494688,1200.1261261259206,2.0413453750796093,436.33088223257494,Micro (<10 ha)
4.000720720719546,1300.1261261259206,1.8336288597978516,324.97297784187435,Micro (<10 ha)
2.5004504504497165,900.0900900899433,1.6057277827948484,359.97117636466595,Micro (<10 ha)
5.500990990989376,1700.1621621618979,2.0448664412000914,309.06470578605996,Micro (<10 ha)
2.750495495494688,800.054054053966,1.3608458373694272,290.8763367780295,Micro (<10 ha)
4.750855855854461,1800.1621621618979,2.3298114217841652,378.9132351686834,Micro (<10 ha)
6.001081081079319,1600.1261261259206,1.842614722793216,266.639644508541,Micro (<10 ha)
5.751036036034347,2100.1801801798865,2.4704642816724403,365.18292826210063,Micro (<10 ha)
4.000720720719546,1300.108108107932,1.8336034481419234,324.96847414885343,Micro (<10 ha)
5.250945945944404,1900.1441441439092,2.339175689506774,361.8670166680149,Micro (<10 ha)
9.751756756753894,2400.198198197875,2.1682070061406287,246.12982645773445,Micro (<10 ha)
3.500630630629603,1200.0900900899433,1.8094049464149884,342.8211133129753,Micro (<10 ha)
18.003243243237957,4600.432432431728,3.0585694746568692,255.5335375007865,Small (10-50 ha)
3.250585585584631,1400.108108107932,2.19066432610261,430.7248867148707,Micro (<10 ha)
3.0005405405396597,1200.0900900899433,1.9543807126886847,399.9579655318045,Micro (<10 ha)
5.500990990989376,2200.216216215864,2.646305396070586,399.9672458689386,Micro (<10 ha)
7.001261261262698,2000.1621621623635,2.1324169854750195,285.6859767866495,Micro (<10 ha)
3.2505855855869594,1000.1081081083976,1.5648085615609915,307.67013566505057,Micro (<10 ha)
5.500990990994032,1200.126126126852,1.4434491574630972,218.1654411162721,Micro (<10 ha)
10.501891891889972,2900.3063063062727,2.524673161178999,276.16988787953704,Small (10-50 ha)
2.5004504504520444,800.0900900904089,1.4273314421982202,319.97838227338775,Micro (<10 ha)
9.251666666667443,2500.216216216795,2.318796558694761,270.2449522122052,Micro (<10 ha)
3.5006306306342596,1100.1081081083976,1.6586596863340985,314.2599788967381,Micro (<10 ha)
4.50081081081531,1400.1081081088632,1.861706691088167,311.07908484943346,Micro (<10 ha)
3.7506756756803954,1100.090090090409,1.6023912488466883,293.30450969766827,Micro (<10 ha)
3.0005405405408236,1100.1081081083976,1.7915572223398122,366.63664204654,Micro (<10 ha)
2.5004504504508804,900.0900900904089,1.6057277827953051,359.9711763646846,Micro (<10 ha)
3.000540540544316,1100.1081081083976,1.7915572223387692,366.63664204611325,Micro (<10 ha)
2.500450450453209,1000.0900900904089,1.7841241233912273,399.96397045546,Micro (<10 ha)
2.5004504504543728,1000.0900900904089,1.7841241233908118,399.96397045527385,Micro (<10 ha)
3.2505855855869594,900.0900900904089,1.4083164287245413,276.9009048958418,Micro (<10 ha)
4.500810810814146,1400.1441441443749,1.8617546077657299,311.087091414781,Micro (<10 ha)
4.500810810814146,1400.1261261263862,1.8617306494267594,311.0830881320957,Micro (<10 ha)
5.250945945945569,1800.1621621623635,2.216092700060322,342.8262603907262,Micro (<10 ha)
13.752477477476932,4400.396396396682,3.347313562335212,319.9711763646524,Small (10-50 ha)
2.5004504504497165,1000.0720720719546,1.7840919799069028,399.9567645469989,Micro (<10 ha)
7.251306306308834,2200.1981981988065,2.3048822706351757,303.4209431043582,Micro (<10 ha)
3.0005405405396597,800.0720720719546,1.302940037027644,266.64264697055495,Micro (<10 ha)
5.250945945947897,2000.1441441443749,2.4622808600650843,380.9112043303105,Micro (<10 ha)
32.0057657657715,6200.540540540125,3.091793701278112,193.73198522783917,Small (10-50 ha)
4.500810810814146,1800.1621621623635,2.3936536921199423,399.9639704555221,Micro (<10 ha)
7.0012612612638625,2700.198198199272,2.8787408395746312,385.67310909232293,Micro (<10 ha)
3.250585585584631,1200.0900900899433,1.8777082521306572,369.1919681832042,Micro (<10 ha)
5.5009909909917045,1900.1981981983408,2.285459360054758,345.4283421496348,Micro (<10 ha)
16.502972972972785,4500.486486486625,3.125168482460669,272.70762024861534,Small (10-50 ha)
13.002342342350167,4000.3423423427157,3.1295466438683257,307.66320690643005,Small (10-50 ha)
6.751216216216562,2300.216216216795,2.4973115185878254,340.71138333440246,Micro (<10 ha)
3.7506756756745743,1400.1261261259206,2.0394237453799335,373.29970575877695,Micro (<10 ha)
6.501171171169262,1500.1441441439092,1.6597101831646457,230.74983024544824,Micro (<10 ha)
79.26427927928162,15801.423423423897,5.006710973625455,199.35112723032265,Medium (50-200 ha)
3.500630630630767,1300.1441441443749,1.9602588713074116,371.40283603988985,Micro (<10 ha)
3.0005405405396597,800.0900900899433,1.3029693798804256,266.6486518945829,Micro (<10 ha)
3.0005405405396597,1100.108108107932,1.7915572223394014,366.636642046527,Micro (<10 ha)
2.5004504504497165,800.054054053966,1.4272671552285743,319.9639704558324,Micro (<10 ha)
5.500990990989376,1400.1261261259206,1.6839987340511968,254.52252665371157,Micro (<10 ha)
9.251666666670936,2900.234234234318,2.689788634331003,313.48235282647954,Micro (<10 ha)
19.5035135135171,4200.360360360704,2.683027916762163,215.36429102631195,Small (10-50 ha)
3.0005405405396597,1200.108108107932,1.9544100555414663,399.96397045583245,Micro (<10 ha)
3.0005405405396597,1200.0900900899433,1.9543807126886847,399.9579655318045,Micro (<10 ha)
2.750495495494688,1100.108108107932,1.8712204906520638,399.9672458689386,Micro (<10 ha)
11.001981981978751,2600.252252251841,2.2114396118969673,236.34398388499952,Small (10-50 ha)
8.001441441439091,2100.162162161898,2.094420027474149,262.47297784187435,Micro (<10 ha)
3.7506756756745743,900.0900900899433,1.311071244552652,239.98078424311066,Micro (<10 ha)
4.000720720719546,1200.0900900899433,1.6925433458547372,299.96847414885343,Micro (<10 ha)
3.250585585584631,1300.0900900899433,2.034172193266104,399.95565594563993,Micro (<10 ha)
3.500630630629603,1500.1261261259206,2.261776557670903,428.5302519495228,Micro (<10 ha)
9.501711711708921,2500.216216215864,2.2880826654110336,263.1332429434643,Micro (<10 ha)
5.250945945944404,1500.1261261259206,1.8467328261607736,285.68683463301517,Micro (<10 ha)
4.250765765764518,1600.1441441439092,2.189377181439033,376.43667807607756,Micro (<10 ha)
7.751396396395284,2600.2702702702954,2.634653977624858,335.4583016138263,Micro (<10 ha)
2.750495495494688,1200.108108107932,2.041314727469422,436.32433140636266,Micro (<10 ha)
22.25400900900364,6200.594594594091,3.7078680914756723,278.62820546560505,Small (10-50 ha)
4.500810810809489,1200.108108107932,1.595769128080374,266.64264697055495,Micro (<10 ha)
3.0005405405396597,1100.1261261259206,1.7915865651921827,366.64264697055495,Micro (<10 ha)
14.502612612613012,5100.468468468171,3.778174494042674,351.69307797908505,Small (10-50 ha)
16.00288288288284,4600.468468468171,3.244128236045857,287.47748153484076,Small (10-50 ha)
4.250765765764518,1700.1441441439092,2.326200928815265,399.9618510708814,Micro (<10 ha)
6.001081081079319,2200.198198197875,2.533623773069671,366.63363958451305,Micro (<10 ha)
5.751036036034347,1800.1441441439092,2.1175287015557003,313.012148222463,Micro (<10 ha)
5.500990990989376,1800.1801801798865,2.1651629006273865,327.24652396787815,Micro (<10 ha)
2.750495495494688,1000.1081081079319,1.7011262538347056,363.6101603315145,Micro (<10 ha)
5.000900900899433,1700.1441441439092,2.1446512879808344,339.9675734102492,Micro (<10 ha)
13.75247747747344,3800.3243243237957,2.890848006897675,276.3374330587872,Small (10-50 ha)
2.750495495494688,1000.0720720719546,1.7010649586143307,363.59705867908997,Micro (<10 ha)
3.0005405405396597,1100.0900900899433,1.79152787948662,366.6306371224991,Micro (<10 ha)
10.001801801798866,2200.1801801798865,1.962520463988437,219.97838227349945,Small (10-50 ha)
2.750495495494688,1000.1081081079319,1.7011262538347056,363.6101603315145,Micro (<10 ha)
2.750495495494688,1000.0900900899433,1.7010956062245182,363.60360950530224,Micro (<10 ha)
2.5004504504497165,700.0720720719546,1.2489029581165199,279.97838227349945,Micro (<10 ha)
4.250765765764518,1400.1261261259206,1.915705033759154,329.3820933165679,Micro (<10 ha)
7.5013513513491485,2400.1801801798865,2.4721177868797533,319.96637242544364,Micro (<10 ha)
2.5004504504497165,900.0900900899433,1.6057277827948484,359.97117636466595,Micro (<10 ha)
2.5004504504497165,1000.0900900899433,1.7841241233916427,399.9639704558324,Micro (<10 ha)
7.751396396394121,2200.198198197875,2.2292917012210984,283.8453983880101,Micro (<10 ha)
4.500810810809489,1800.1621621618979,2.3936536921205613,399.96397045583245,Micro (<10 ha)
6.001081081080483,1900.1981981983408,2.188160744992129,316.64264697057115,Micro (<10 ha)
3.2505855855869594,1300.1261261263862,2.0342285766682227,399.96674195908673,Micro (<10 ha)
4.00072072072071,1400.1441441443749,1.974688962085407,349.9729778418889,Micro (<10 ha)
3.2505855855857955,1200.1261261263862,1.8777646355331685,369.2030541968052,Micro (<10 ha)
3.000540540544316,1100.090090090409,1.791527879485988,366.6306371220854,Micro (<10 ha)
4.0007207207218745,1200.090090090409,1.6925433458549013,299.9684741487952,Micro (<10 ha)
3.0005405405408236,1200.1261261263862,1.9544393983946267,399.9699753798604,Micro (<10 ha)
3.0005405405408236,1200.1081081083976,1.9544100555418453,399.96397045583245,Micro (<10 ha)
3.000540540541988,1200.1261261263862,1.9544393983942474,399.9699753797052,Micro (<10 ha)
5.250945945946732,1900.1801801803522,2.339220051730381,361.8738794382608,Micro (<10 ha)
35.25635135135846,8600.738738739397,4.086129634221017,243.94863362422223,Small (10-50 ha)
8.001441441442585,2800.234234234784,2.7925780053867464,349.9662223023065,Micro (<10 ha)
2.750495495497016,1000.1081081083976,1.7011262538347776,363.610160331376,Micro (<10 ha)
2.750495495501673,1000.0720720724203,1.701064958612963,363.5970586783359,Micro (<10 ha)
5.000900900906418,1100.090090090409,1.3877115283032115,219.97838227328532,Micro (<10 ha)
2.5004504504508804,1000.1081081083976,1.7841562668767978,399.97117636466595,Micro (<10 ha)
2.5004504504520444,1000.0720720724203,1.7840919799069028,399.9567645468128,Micro (<10 ha)
2.75049549549818,1100.0900900908746,1.8711898430422724,399.96069504255706,Micro (<10 ha)
11.752117117126472,3200.2342342352495,2.633411812469552,272.3112952619845,Small (10-50 ha)
17.0030630630604,3900.4144144142047,2.6683465825019335,229.39480962627007,Small (10-50 ha)
8.75157657658332,2500.1981981988065,2.384110372594496,285.6854620787541,Micro (<10 ha)
5.250945945949061,1400.1261261263862,1.723627655602027,266.64264697040716,Micro (<10 ha)
5.250945945951389,1400.1261261263862,1.7236276556016448,266.642646970289,Micro (<10 ha)
3.5006306306342596,1200.1081081088632,1.8094321126180786,342.82626039052354,Micro (<10 ha)
2.500450450453209,1000.0900900904089,1.7841241233912273,399.96397045546,Micro (<10 ha)
3.0005405405408236,1200.090090090409,1.954380712689064,399.9579655318045,Micro (<10 ha)
2.7504954954958523,1100.1441441443749,1.8712817858728343,399.9803475213631,Micro (<10 ha)
11.50207207207568,3100.3063063067384,2.5787641819839213,269.543286364337,Small (10-50 ha)
2.5004504504543728,900.0900900904089,1.6057277827941836,359.9711763641818,Micro (<10 ha)
10.001801801803522,2800.3063063067384,2.4978219879756587,279.9801837506706,Small (10-50 ha)
2.75049549549818,1000.0900900904089,1.7010956062242304,363.60360950500984,Micro (<10 ha)
7.0012612612638625,2200.2162162163295,2.3456990237754693,314.2599788968807,Micro (<10 ha)
4.000720720724202,1100.1081081083976,1.5515340668791613,274.97748153469166,Micro (<10 ha)
3.0005405405396597,1100.0900900899433,1.79152787948662,366.6306371224991,Micro (<10 ha)
7.7513963963987775,2700.252252252307,2.7359580341800016,348.35687844667797,Micro (<10 ha)
53.00954954954679,9600.846846846864,3.7198682037388635,181.11542030503722,Medium (50-200 ha)
3.0005405405396597,1100.0900900899433,1.79152787948662,366.6306371224991,Micro (<10 ha)
3.250585585584631,1000.054054053966,1.564723986457645,307.65350664474266,Micro (<10 ha)
2.5004504504497165,900.0900900899433,1.6057277827948484,359.97117636466595,Micro (<10 ha)
4.750855855854461,1600.108108107932,2.07089684736082,336.8041794271921,Micro (<10 ha)
4.000720720719546,1000.1081081079319,1.4104993762481493,249.98198522791625,Micro (<10 ha)
3.7506756756745743,1500.108108107932,2.185057502481845,399.95676454699895,Micro (<10 ha)
2.5004504504497165,1000.0720720719546,1.7840919799069028,399.9567645469989,Micro (<10 ha)
2.5004504504497165,1100.108108107932,1.962552607473177,439.9639704558324,Micro (<10 ha)
10.251846846850821,3000.252252252307,2.643332426619546,292.6548062092763,Small (10-50 ha)
3.7506756756745743,1100.0900900899433,1.6023912488472534,293.3045096979993,Micro (<10 ha)
2.5004504504497165,700.0720720719546,1.2489029581165199,279.97838227349945,Micro (<10 ha)
10.501891891891137,2700.2162162163295,2.3504977373039595,257.11712175415335,Small (10-50 ha)
5.751036036036676,2000.1801801803522,2.352833218157721,347.7947569180553,Micro (<10 ha)
6.001081081082812,1700.1981981983408,1.9578520596065283,283.31531856116226,Micro (<10 ha)
3.250585585584631,1300.108108107932,2.0342003849671633,399.961198952435,Micro (<10 ha)
36.5065765765775,9400.972972972784,4.389169147492347,257.5145043593164,Small (10-50 ha)
6.751216216214234,2300.1801801798865,2.4972723947835362,340.7060456241349,Micro (<10 ha)
5.250945945944404,2100.198198197875,2.5854525739592145,399.96568614841186,Micro (<10 ha)
4.750855855854461,1800.1621621618979,2.3298114217841652,378.9132351686834,Micro (<10 ha)
4.000720720719546,1400.1261261259206,1.9746635504291095,349.96847414885343,Micro (<10 ha)
5.000900900899433,1300.108108107932,1.6400247815293403,259.9747793190827,Micro (<10 ha)
3.250585585584631,900.0900900899433,1.4083164287243173,276.9009048958969,Micro (<10 ha)
3.500630630629603,1300.1261261259206,1.9602317051041462,371.39768896214207,Micro (<10 ha)
6.751216216216562,1700.1621621623635,1.8458415000736101,251.8305010108458,Micro (<10 ha)
2.5004504504497165,1000.0900900899433,1.7841241233916427,399.9639704558324,Micro (<10 ha)
3.250585585584631,1000.0900900899433,1.564780369859764,307.66459265833265,Micro (<10 ha)
5.751036036034347,2300.198198197875,2.705747603488205,399.96240395391214,Micro (<10 ha)
3.0005405405396597,1200.108108107932,1.9544100555414663,399.96397045583245,Micro (<10 ha)
4.000720720719546,1600.1261261259206,2.2567329316916256,399.95946676281153,Micro (<10 ha)
4.500810810809489,1600.1441441439092,2.127692170773832,355.5235292940733,Micro (<10 ha)
7.5013513513491485,2200.198198197875,2.266141994397314,293.30691166761045,Micro (<10 ha)
5.000900900899433,1800.1801801798865,2.2708420079077536,359.97117636466595,Micro (<10 ha)
5.000900900899433,1700.1441441439092,2.1446512879808344,339.9675734102492,Micro (<10 ha)
3.500630630629603,1400.1261261259206,2.1110041313875243,399.96397045583245,Micro (<10 ha)
8.501531531529036,2200.162162161898,2.128634881405315,258.79597740740127,Micro (<10 ha)
4.750855855854461,1800.1981981978752,2.3298580604537142,378.92082033587656,Micro (<10 ha)
8.251486486484064,2600.2342342338525,2.5535328160446396,315.1231282379286,Micro (<10 ha)
2.5004504504497165,1100.108108107932,1.962552607473177,439.9639704558324,Micro (<10 ha)
5.250945945944404,2000.2162162158638,2.4623695845124347,380.9249298711104,Micro (<10 ha)
2.750495495494688,900.1081081079319,1.5310320170173475,327.2530747940904,Micro (<10 ha)
3.500630630629603,1100.108108107932,1.6586596863344998,314.2599788970232,Micro (<10 ha)
7.001261261259206,2100.216216215864,2.2390868187348274,299.97683815017797,Micro (<10 ha)
9.25166666666395,2200.2342342338525,2.040581745519898,237.82030995148605,Micro (<10 ha)
2.5004504504497165,1000.054054053966,1.7840598364221631,399.9495586381654,Micro (<10 ha)
3.500630630629603,1500.1441441439092,2.2618037238737925,428.535399027261,Micro (<10 ha)
6.751216216214234,2300.216216215864,2.497311518587245,340.711383334382,Micro (<10 ha)
7.001261261259206,2600.27027026983,2.772205472158303,371.4002625010112,Micro (<10 ha)
2.750495495494688,1200.108108107932,2.041314727469422,436.32433140636266,Micro (<10 ha)
3.7506756756745743,1500.1441441439092,2.1851099925726234,399.96637242544364,Micro (<10 ha)
2.750495495494688,1000.054054053966,1.7010343110041433,363.5905078528777,Micro (<10 ha)
5.751036036034347,2000.1981981978752,2.352854412943834,347.79788992195586,Micro (<10 ha)
10.751936936933781,2900.27027026983,2.495112802345823,269.7439807619374,Small (10-50 ha)
4.250765765766846,1600.1441441443749,2.189377181439071,376.436678075981,Micro (<10 ha)
19.503513513512445,4600.450450451113,2.9385900087827026,235.87803537366867,Small (10-50 ha)
8.251486486485227,2700.2702702702954,2.6517721582709988,327.24652396788844,Micro (<10 ha)
8.251486486485227,1500.1441441443749,1.473200856459872,181.80289655705062,Micro (<10 ha)
2.750495495497016,1100.090090090409,1.8711898430418763,399.96069504255706,Micro (<10 ha)
3.0005405405408236,1100.1261261263862,1.7915865651925935,366.6426469705679,Micro (<10 ha)
4.000720720723039,1400.1621621623635,1.9747143737407609,349.97748153470616,Micro (<10 ha)
3.5006306306354236,900.0720720724203,1.3570605013615376,257.1171217538715,Micro (<10 ha)
3.000540540544316,900.0720720724203,1.4657928702293297,299.9699753795501,Micro (<10 ha)
3.250585585588124,1100.0900900908746,1.721244310995743,338.4282804206913,Micro (<10 ha)
2.500450450455537,1000.0900900904089,1.7841241233903968,399.9639704550876,Micro (<10 ha)
3.500630630630767,1400.1081081083976,2.1109769651849857,399.9588233780942,Micro (<10 ha)
5.250945945950225,1600.1441441443749,1.9698601778305873,304.7344536803852,Micro (<10 ha)
4.500810810811817,1700.1441441443749,2.2606609522777457,377.7417482335183,Micro (<10 ha)
13.752477477476932,4200.306306306738,3.1951081217536803,305.4217913234742,Small (10-50 ha)
4.0007207207218745,1300.1261261263862,1.8336288597979746,324.9729778418016,Micro (<10 ha)
8.50153153153602,2700.216216217261,2.6124321761474905,317.6152680491673,Micro (<10 ha)
5.751036036040168,1600.1441441448405,1.8822665745262626,278.23580553437245,Micro (<10 ha)
3.2505855855857955,900.0720720724203,1.4082882370237342,276.89536188914593,Micro (<10 ha)
21.503873873872216,5500.468468468171,3.3460805796749455,255.78965449343465,Small (10-50 ha)
3.500630630633095,1100.090090090409,1.6586325201314847,314.2548318191045,Micro (<10 ha)
5.751036036039004,1800.1621621628292,2.1175498963421227,313.01528122621215,Micro (<10 ha)
2.500450450453209,900.0900900904089,1.6057277827945575,359.9711763643494,Micro (<10 ha)
2.750495495494688,1000.0720720719546,1.7010649586143307,363.59705867908997,Micro (<10 ha)
2.5004504504508804,900.0900900904089,1.6057277827953051,359.9711763646846,Micro (<10 ha)
3.250585585584631,1100.0720720719546,1.721216119294151,338.42273741397344,Micro (<10 ha)
2.5004504504508804,900.1081081083976,1.605759926280045,359.9783822735181,Micro (<10 ha)
2.5004504504520444,1100.1261261263862,1.9625847509578336,439.97117636444256,Micro (<10 ha)
5.751036036039004,2200.216216216795,2.5881377347596466,382.5773656136195,Micro (<10 ha)
3.0005405405396597,1100.0900900899433,1.79152787948662,366.6306371224991,Micro (<10 ha)
3.5006306306319313,1500.1621621623635,2.2618308900766317,428.54054610484724,Micro (<10 ha)
3.0005405405396597,900.0900900899433,1.4658222130824903,299.97598030388826,Micro (<10 ha)
4.250765765764518,1300.108108107932,1.778856633455507,305.852681551862,Micro (<10 ha)
4.250765765765681,1100.1261261263862,1.5052337916308889,258.8065743321951,Micro (<10 ha)
2.5004504504497165,1000.0720720719546,1.7840919799069028,399.9567645469989,Micro (<10 ha)
9.251666666667443,2800.252252252307,2.5970615036747176,302.6754371016471,Micro (<10 ha)
2.750495495494688,900.0720720719546,1.5309707217969726,327.23997314166587,Micro (<10 ha)
3.250585585584631,1200.108108107932,1.8777364438317168,369.1975111899992,Micro (<10 ha)
15.502792792795226,4400.396396396216,3.152694558352291,283.84539838791227,Small (10-50 ha)
9.001621621618979,1600.1261261259206,1.5044886211277504,177.759763005694,Micro (<10 ha)
3.0005405405396597,1100.0900900899433,1.79152787948662,366.6306371224991,Micro (<10 ha)
6.501171171169262,2200.1801801798865,2.43420704876696,338.42828042076843,Micro (<10 ha)
5.500990990989376,1500.1621621618979,1.8043168646114827,272.70762024863586,Micro (<10 ha)
8.001441441439091,2400.198198197875,2.3936357233663332,299.9707259953639,Micro (<10 ha)
3.250585585584631,1300.1441441439092,2.0342567683692825,399.972284966025,Micro (<10 ha)
4.500810810809489,1900.1621621618979,2.5266224736244403,422.1821893953694,Micro (<10 ha)
3.250585585584631,1200.108108107932,1.8777364438317168,369.1975111899992,Micro (<10 ha)
5.250945945944404,1900.1621621618979,2.33919787061855,361.87044805317373,Micro (<10 ha)
19.003423423425993,5700.504504504148,3.6888622546574115,299.9725037688206,Small (10-50 ha)
2.750495495494688,1200.1261261259206,2.0413453750796093,436.33088223257494,Micro (<10 ha)
4.500810810809489,1400.108108107932,1.8617066910881326,311.0790848496288,Micro (<10 ha)
9.751756756756222,3400.378378378693,3.0717147563332587,348.69392902184927,Micro (<10 ha)
3.0005405405396597,900.0720720719546,1.465792870229709,299.9699753798604,Micro (<10 ha)
2.750495495494688,1100.0900900899433,1.8711898430418763,399.96069504272634,Micro (<10 ha)
2.5004504504497165,900.1081081079319,1.6057599262795883,359.97838227349945,Micro (<10 ha)
3.0005405405396597,1200.108108107932,1.9544100555414663,399.96397045583245,Micro (<10 ha)
3.7506756756745743,1100.1261261259206,1.6024437389380317,293.314117576444,Micro (<10 ha)
3.0005405405396597,1000.0900900899433,1.6286750462845552,333.3033087131937,Micro (<10 ha)
9.501711711710087,2500.2162162163295,2.288082665411319,263.13324294348104,Micro (<10 ha)
5.751036036034347,1900.1621621618979,2.235180959856675,330.4034525702891,Micro (<10 ha)
6.501171171169262,1800.1621621618979,1.9916402590717794,276.8981333924994,Micro (<10 ha)
5.250945945944404,1300.108108107932,1.6005003039318855,247.5950279229359,Micro (<10 ha)
5.751036036034347,2100.198198197875,2.4704854764586246,365.1860612659413,Micro (<10 ha)
7.5013513513491485,2100.162162161898,2.163107703032176,279.97117636466595,Micro (<10 ha)
3.0005405405396597,900.0900900899433,1.4658222130824903,299.97598030388826,Micro (<10 ha)
9.001621621618979,2900.252252251841,2.726907860992985,322.1921976020826,Micro (<10 ha)
30.00540540540591,6600.648648648057,3.399240828670034,219.98198522786345,Small (10-50 ha)
5.751036036034347,1800.1441441439092,2.1175287015557003,313.012148222463,Micro (<10 ha)
4.750855855854461,1200.0900900899433,1.5531842951880022,252.60503086219234,Micro (<10 ha)
5.000900900899433,1700.1261261259206,2.1446285591048038,339.9639704558324,Micro (<10 ha)
7.251306306304177,2000.1441441439092,2.095309768150707,275.8322514117234,Micro (<10 ha)
6.751216216214234,2300.198198197875,2.4972919566853906,340.70871447925845,Micro (<10 ha)
4.000720720719546,1100.108108107932,1.5515340668794073,274.97748153489533,Micro (<10 ha)
5.751036036034347,1700.1621621618979,1.9999188328270945,295.6271098823182,Micro (<10 ha)
3.0005405405396597,1000.0900900899433,1.6286750462845552,333.3033087131937,Micro (<10 ha)
6.251126126124291,2200.216216215864,2.482454507007052,351.97117636466595,Micro (<10 ha)
2.750495495494688,900.0900900899433,1.53100136940716,327.24652396787815,Micro (<10 ha)
9.001621621621307,2800.288288288284,2.632918616113481,311.08709141497064,Micro (<10 ha)
3.500630630629603,1300.1261261259206,1.9602317051041462,371.39768896214207,Micro (<10 ha)
2.5004504504497165,900.0720720719546,1.6056956393101085,359.9639704558324,Micro (<10 ha)
3.7506756756745743,1200.0900900899433,1.748051250994554,319.96637242544364,Micro (<10 ha)
17.253108108104207,5300.540540540125,3.599826392287749,307.22235711548876,Small (10-50 ha)
3.7506756756745743,1400.1261261259206,2.0394237453799335,373.29970575877695,Micro (<10 ha)
2.5004504504497165,800.0720720719546,1.4272992987133142,319.97117636466595,Micro (<10 ha)
3.7506756756745743,1500.1441441439092,2.1851099925726234,399.96637242544364,Micro (<10 ha)
6.251126126124291,2300.216216215864,2.595282259512058,367.96829400113256,Micro (<10 ha)
4.750855855854461,1700.1621621618979,2.200389113574654,357.8643961733326,Micro (<10 ha)
3.500630630629603,1100.1441441439092,1.6587140187402791,314.2702730524996,Micro (<10 ha)
5.250945945944404,1800.1801801798865,2.2161148811717704,342.82969177587233,Micro (<10 ha)
4.250765765764518,1300.108108107932,1.778856633455507,305.852681551862,Micro (<10 ha)
3.500630630629603,1300.1261261259206,1.9602317051041462,371.39768896214207,Micro (<10 ha)
8.751576576574006,2500.2342342338525,2.38414473542548,285.68957974114227,Micro (<10 ha)
2.750495495494688,1000.0900900899433,1.7010956062245182,363.60360950530224,Micro (<10 ha)
4.000720720719546,1500.1441441439092,2.1157236527162957,374.96847414885343,Micro (<10 ha)
4.750855855854461,1800.1441441439092,2.3297881024493905,378.9094425850868,Micro (<10 ha)
2.750495495494688,1000.1081081079319,1.7011262538347056,363.6101603315145,Micro (<10 ha)
6.5011711711727544,2200.216216216795,2.4342469178533213,338.4338234275249,Micro (<10 ha)
3.0005405405408236,1300.1261261263862,2.11729223159666,433.29730378915286,Micro (<10 ha)
3.7506756756769026,1100.1261261263862,1.6024437389382125,293.3141175763861,Micro (<10 ha)
4.500810810810654,1200.090090090409,1.5957451697418163,266.63864368790416,Micro (<10 ha)
2.5004504504520444,900.0900900904089,1.6057277827949314,359.971176364517,Micro (<10 ha)
4.500810810811817,1700.1801801803522,2.260708868955687,377.7497547988889,Micro (<10 ha)
2.5004504504508804,1100.090090090409,1.962520463988811,439.9567645469803,Micro (<10 ha)
4.250765765765681,1700.1621621623635,2.3262255817429986,399.9660898407835,Micro (<10 ha)
5.000900900901761,1800.1621621623635,2.270819279031782,359.96757341017474,Micro (<10 ha)
5.75103603603784,1300.1081081083976,1.5293309944094635,226.0650254947982,Micro (<10 ha)
2.7504954955005085,1100.090090090409,1.8711898430406884,399.9606950420492,Micro (<10 ha)
3.0005405405454804,1000.0900900904089,1.6286750462837338,333.3033087127023,Micro (<10 ha)
4.250765765772667,1800.1441441443749,2.4630246761897734,423.4870240649829,Micro (<10 ha)
4.000720720723039,1600.1261261263862,2.2567329316912974,399.9594667625787,Micro (<10 ha)
2.500450450453209,900.0900900904089,1.6057277827945575,359.9711763643494,Micro (<10 ha)
5.250945945949061,1600.1081081083976,1.9698158156072536,304.72759091013506,Micro (<10 ha)
21.503873873874547,5200.486486486625,3.1635935988085087,241.83951770684408,Small (10-50 ha)
3.2505855855857955,900.0900900904089,1.4083164287247936,276.900904895941,Micro (<10 ha)
12.25220720721176,3000.234234234784,2.417926325979836,244.87295909171524,Small (10-50 ha)
3.2505855855857955,1200.090090090409,1.8777082521310495,369.1919681832152,Micro (<10 ha)
3.500630630629603,1000.0720720719546,1.5078329276453422,285.6834032478564,Micro (<10 ha)
2.75049549549818,1100.1081081083976,1.8712204906516678,399.96724586860006,Micro (<10 ha)
2.750495495494688,900.054054053966,1.5309400741867853,327.2334223154536,Micro (<10 ha)
5.751036036040168,2000.1801801808178,2.352833218157554,347.7947569179251,Micro (<10 ha)
4.000720720719546,1200.0900900899433,1.6925433458547372,299.96847414885343,Micro (<10 ha)
2.5004504504497165,900.0720720719546,1.6056956393101085,359.9639704558324,Micro (<10 ha)
2.5004504504497165,800.054054053966,1.4272671552285743,319.9639704558324,Micro (<10 ha)
16.25292792792432,5700.468468468171,3.9887774963448104,350.73486412710525,Small (10-50 ha)
42.50765765765216,9900.864864864387,4.283853534240805,232.91955874407134,Small (10-50 ha)
3.0005405405396597,1100.0900900899433,1.79152787948662,366.6306371224991,Micro (<10 ha)
7.501351351351477,1800.1441441443749,1.8540976191847907,239.97598030387587,Micro (<10 ha)
2.5004504504497165,800.054054053966,1.4272671552285743,319.9639704558324,Micro (<10 ha)
7.001261261259206,1900.1801801798865,2.0258239898404113,271.4054095787494,Micro (<10 ha)
13.75247747748159,3600.3963963966817,2.738765920567529,261.7998395047,Small (10-50 ha)
2.5004504504497165,900.0900900899433,1.6057277827948484,359.97117636466595,Micro (<10 ha)
6.001081081079319,1500.108108107932,1.727439631570413,249.97297784187433,Micro (<10 ha)
5.250945945944404,1600.1441441439092,1.9698601778311058,304.73445368063426,Micro (<10 ha)
4.750855855854461,1800.1981981978752,2.3298580604537142,378.92082033587656,Micro (<10 ha)
3.0005405405396597,1000.0720720719546,1.6286457034317738,333.29730378916577,Micro (<10 ha)
2.5004504504497165,1000.0900900899433,1.7841241233916427,399.9639704558324,Micro (<10 ha)
3.0005405405396597,1300.108108107932,2.117262888743531,433.29129886513783,Micro (<10 ha)
4.500810810809489,1600.1261261259206,2.1276682124348616,355.519526011388,Micro (<10 ha)
7.251306306304177,1900.1801801798865,1.9905895804731673,262.046602351896,Micro (<10 ha)
7.501351351353805,2200.234234234318,2.266179110496225,293.3117156067128,Micro (<10 ha)
3.500630630629603,1300.1441441439092,1.960258871307036,371.4028360398803,Micro (<10 ha)
2.750495495494688,1000.0900900899433,1.7010956062245182,363.60360950530224,Micro (<10 ha)
5.500990990989376,1700.1621621618979,2.0448664412000914,309.06470578605996,Micro (<10 ha)
12.752297297297046,4000.3963963966817,3.1601222294024867,313.70005757665314,Small (10-50 ha)
3.0005405405396597,800.054054053966,1.3029106941748627,266.636642046527,Micro (<10 ha)
22.504054054052105,6500.5945945950225,3.8656076245964464,288.86326787970535,Small (10-50 ha)
3.0005405405396597,1100.1261261259206,1.7915865651921827,366.64264697055495,Micro (<10 ha)
3.7506756756745743,1600.1441441439092,2.3307699947199243,426.62823515288795,Micro (<10 ha)
4.500810810809489,1800.1261261259206,2.39360577544262,399.9559638904619,Micro (<10 ha)
4.500810810809489,1200.1261261259206,1.5957930864193448,266.64665025324024,Micro (<10 ha)
6.001081081079319,2000.1621621618979,2.303273590624065,333.30030625117973,Micro (<10 ha)
2.750495495494688,900.0720720719546,1.5309707217969726,327.23997314166587,Micro (<10 ha)
5.500990990989376,1700.1441441439092,2.044844770067101,309.06143037295385,Micro (<10 ha)
90.5163063063065,16901.60360360332,5.011405764206415,186.72440683127766,Medium (50-200 ha)
3.500630630629603,1500.1261261259206,2.261776557670903,428.5302519495228,Micro (<10 ha)
17.75319819819415,3900.3603603602387,2.611328455256961,219.6990264411616,Small (10-50 ha)
3.0005405405396597,1100.108108107932,1.7915572223394014,366.636642046527,Micro (<10 ha)
11.001981981978751,3000.252252251841,2.5516280855316835,272.7010694224236,Small (10-50 ha)
3.7506756756745743,1400.1441441439092,2.039449990425323,373.3045096979993,Micro (<10 ha)
20.003603603597732,4100.342342341784,2.586193798906884,204.98018375070782,Small (10-50 ha)
8.001441441439091,1900.1801801798865,1.8949848239725582,237.47973338140577,Micro (<10 ha)
10.251846846843836,2400.252252251841,2.1147103899957327,234.12876607601584,Small (10-50 ha)
2.750495495494688,1100.1261261259206,1.8712511382622512,399.9737966951509,Micro (<10 ha)
10.501891891888809,3600.3423423417844,3.1340440363154065,342.8279760832929,Small (10-50 ha)
2.5004504504497165,800.0900900899433,1.427331442198054,319.97838227349945,Micro (<10 ha)
78.2640990990866,12501.099099098705,3.9862264885812415,159.72967481899505,Medium (50-200 ha)
3.250585585584631,1200.108108107932,1.8777364438317168,369.1975111899992,Micro (<10 ha)
6.751216216214234,2400.2342342338525,2.6058996359571425,355.5261981491968,Micro (<10 ha)
6.251126126126619,1900.1441441443749,2.143889932193188,303.96829400109385,Micro (<10 ha)
4.0007207207218745,1600.1621621623635,2.256783755003482,399.968474148737,Micro (<10 ha)
4.750855855860282,1400.1081081083976,1.812052230941291,294.7065014362274,Micro (<10 ha)
4.0007207207218745,1500.1441441448405,2.1157236527169934,374.9684741488679,Micro (<10 ha)
6.001081081083976,2400.2342342352495,2.7639739555158127,399.9669729177688,Micro (<10 ha)
2.75049549549818,1100.0900900908746,1.8711898430422724,399.96069504255706,Micro (<10 ha)
2.7504954955005085,900.0720720724203,1.5309707217961448,327.2399731411426,Micro (<10 ha)
6.251126126131275,2100.1621621623635,2.3695657665270193,335.96541163729825,Micro (<10 ha)
4.500810810811817,1500.1621621628292,1.994747347609646,333.30931363725614,Micro (<10 ha)
5.000900900901761,1600.1621621623635,2.0185287546821242,319.9747793190269,Micro (<10 ha)
11.502072072079173,2600.234234234784,2.1628156206281033,226.0665919966499,Small (10-50 ha)
2.5004504504508804,900.0900900904089,1.6057277827953051,359.9711763646846,Micro (<10 ha)
2.750495495497016,1100.1081081088632,1.8712204906528558,399.9672458689386,Micro (<10 ha)
2.750495495497016,1000.0900900904089,1.70109560622459,363.6036095051637,Micro (<10 ha)
2.5004504504520444,1000.0720720724203,1.7840919799069028,399.9567645468128,Micro (<10 ha)
3.2505855855904517,1400.090090090409,2.1906361344003176,430.7193437074477,Micro (<10 ha)
17.003063063070876,4100.360360360239,2.8051333504861695,241.15421704609523,Small (10-50 ha)
3.250585585588124,1200.090090090409,1.8777082521303767,369.19196818295075,Micro (<10 ha)
5.000900900906418,1800.1621621623635,2.2708192790307247,359.96757340983953,Micro (<10 ha)
6.501171171175083,2000.1801801808178,2.212933621190906,307.66459265820043,Micro (<10 ha)
3.500630630629603,1000.0720720719546,1.5078329276453422,285.6834032478564,Micro (<10 ha)
2.5004504504520444,1000.1081081083976,1.7841562668763824,399.9711763644798,Micro (<10 ha)
3.000540540543152,1200.1081081083976,1.9544100555410868,399.9639704555221,Micro (<10 ha)
2.5004504504497165,1000.0720720719546,1.7840919799069028,399.9567645469989,Micro (<10 ha)
7.501351351358462,2500.2162162163295,2.5751520782437725,333.3021077280364,Micro (<10 ha)
7.751396396397613,2200.2162162163295,2.22930995749362,283.8477228746628,Micro (<10 ha)
4.0007207207218745,1400.1261261263862,1.9746635504291916,349.9684741487661,Micro (<10 ha)
6.751216216220055,2500.180180180352,2.714409505718958,370.3303375432672,Micro (<10 ha)
13.002342342347838,3800.3783783782274,2.97311089443391,292.28413452864,Small (10-50 ha)
3.0005405405396597,1200.0900900899433,1.9543807126886847,399.9579655318045,Micro (<10 ha)
4.000720720719546,1500.1261261259206,2.1156982410603677,374.9639704558325,Micro (<10 ha)
11.001981981982244,3600.324324324727,3.0619720912044386,327.24324855475277,Small (10-50 ha)
5.500990990989376,1400.108108107932,1.6839770629182063,254.51925124060543,Micro (<10 ha)
3.0005405405396597,1200.108108107932,1.9544100555414663,399.96397045583245,Micro (<10 ha)
3.7506756756745743,1300.108108107932,1.893737498187244,346.6330390921103,Micro (<10 ha)
5.751036036039004,1800.1441441443749,2.1175287015553907,313.01214822229053,Micro (<10 ha)
5.250945945947897,1900.1981981983408,2.339242232841898,361.87731082333937,Micro (<10 ha)
4.000720720719546,1400.1261261259206,1.9746635504291095,349.96847414885343,Micro (<10 ha)
51.00918918919051,13601.24324324308,5.37216651319818,266.64300020133146,Medium (50-200 ha)
15.252747747744433,4000.252252252307,2.8894048833484103,262.26436825744145,Small (10-50 ha)
3.250585585584631,1100.108108107932,1.72127250269627,338.4338234275634,Micro (<10 ha)
2.750495495494688,900.0900900899433,1.53100136940716,327.24652396787815,Micro (<10 ha)
3.0005405405396597,1100.108108107932,1.7915572223394014,366.636642046527,Micro (<10 ha)
6.001081081079319,1800.1441441439092,2.0729441567086404,299.9699753798604,Micro (<10 ha)
15.252747747750254,3700.3243243242614,2.6727652404054023,242.60050618551998,Small (10-50 ha)
2.5004504504497165,900.1081081079319,1.6057599262795883,359.97838227349945,Micro (<10 ha)
3.500630630629603,1200.108108107932,1.809432112617878,342.8262603907135,Micro (<10 ha)
3.500630630629603,1500.1261261259206,2.261776557670903,428.5302519495228,Micro (<10 ha)
5.000900900899433,1700.1621621618979,2.144674016856865,339.97117636466595,Micro (<10 ha)
12.502252252252074,3200.288288288284,2.5532306049286135,255.9769410916985,Small (10-50 ha)
4.500810810809489,1700.1441441439092,2.2606609522777115,377.7417482336102,Micro (<10 ha)
6.751216216214234,2300.1801801798865,2.4972723947835362,340.7060456241349,Micro (<10 ha)
31.005585585596272,5700.504504504614,2.887941503422381,183.85411521312463,Small (10-50 ha)
3.7506756756745743,1500.1261261259206,2.1850837475272344,399.96156848622127,Micro (<10 ha)
3.500630630629603,1400.108108107932,2.110976965184635,399.9588233780942,Micro (<10 ha)
38.50693693693844,9100.774774774909,4.137175534119178,236.34117638800907,Small (10-50 ha)
11.502072072068694,3600.2882882878184,2.9946378084543617,313.012148222463,Small (10-50 ha)
4.000720720719546,1500.1621621618979,2.115749064372224,374.97297784187435,Micro (<10 ha)
4.500810810809489,1700.1441441439092,2.2606609522777115,377.7417482336102,Micro (<10 ha)
3.250585585584631,1300.0900900899433,2.034172193266104,399.95565594563993,Micro (<10 ha)
11.252027027023724,2800.198198197875,2.354878239021578,248.86166656662894,Small (10-50 ha)
3.250585585584631,1200.108108107932,1.8777364438317168,369.1975111899992,Micro (<10 ha)
3.500630630629603,1400.1261261259206,2.1110041313875243,399.96397045583245,Micro (<10 ha)
7.5013513513491485,2700.2342342338525,2.781164986826465,359.96637242544364,Micro (<10 ha)
4.750855855854461,1300.108108107932,1.6826299227322874,273.65766244113973,Micro (<10 ha)
4.500810810809489,1100.1261261259206,1.4628243049154657,244.4284313137033,Micro (<10 ha)
4.250765765764518,1600.1261261259206,2.189352528511618,376.4324393061755,Micro (<10 ha)
3.250585585584631,1200.0900900899433,1.8777082521306572,369.1919681832042,Micro (<10 ha)
2.750495495494688,1000.0900900899433,1.7010956062245182,363.60360950530224,Micro (<10 ha)
4.750855855854461,1500.1261261259206,1.9414978584860836,315.75913301543784,Micro (<10 ha)
10.251846846843836,3300.27027026983,2.907659319467796,321.9195838148773,Small (10-50 ha)
4.250765765764518,1500.1261261259206,2.052528781135386,352.9072663113717,Micro (<10 ha)
10.001801801798866,3700.360360359773,3.300653735888094,369.96937488745755,Small (10-50 ha)
2.750495495494688,1100.1261261259206,1.8712511382622512,399.9737966951509,Micro (<10 ha)
5.751036036034347,1900.1981981978752,2.235223349429044,330.4097185779704,Micro (<10 ha)
4.750855855854461,1200.0900900899433,1.5531842951880022,252.60503086219234,Micro (<10 ha)
3.0005405405396597,1300.1261261259206,2.1172922315963123,433.29730378916577,Micro (<10 ha)
5.751036036034347,1700.1261261259206,1.9998764432547258,295.62084387463693,Micro (<10 ha)
9.001621621618979,2900.252252251841,2.726907860992985,322.1921976020826,Micro (<10 ha)
8.751576576574006,2200.198198197875,2.09803980735169,251.40592428652326,Micro (<10 ha)
5.250945945944404,2000.1801801798865,2.4623252222888823,380.9180671007928,Micro (<10 ha)
3.500630630629603,1400.1441441439092,2.111031297590414,399.9691175335707,Micro (<10 ha)
6.001081081079319,2400.216216215864,2.763953206985095,399.96397045583245,Micro (<10 ha)
6.001081081079319,1600.1261261259206,1.842614722793216,266.639644508541,Micro (<10 ha)
2.5004504504497165,1100.108108107932,1.962552607473177,439.9639704558324,Micro (<10 ha)
2.750495495494688,1100.108108107932,1.8712204906520638,399.9672458689386,Micro (<10 ha)
3.0005405405396597,1200.1261261259206,1.9544393983942476,399.96997537986033,Micro (<10 ha)
3.250585585584631,900.0900900899433,1.4083164287243173,276.9009048958969,Micro (<10 ha)
3.500630630629603,1300.0900900899433,1.960177372698367,371.38739480666567,Micro (<10 ha)
4.750855855855625,1700.1981981983408,2.2004357522445366,357.8719813405361,Micro (<10 ha)
2.750495495497016,1000.0720720724203,1.7010649586144029,363.59705867895144,Micro (<10 ha)
13.502432432433125,4300.396396396682,3.3013954689646257,318.4904955396807,Small (10-50 ha)
6.251126126127783,2000.1981981983408,2.2567786726721915,319.9740587280951,Micro (<10 ha)
2.7504954954958523,1200.1081081083976,2.0413147274697816,436.32433140634726,Micro (<10 ha)
3.500630630633095,900.0900900904089,1.3570876675648784,257.1222688317808,Micro (<10 ha)
6.001081081081647,2200.216216216795,2.533644521600433,366.63664204654,Micro (<10 ha)
4.250765765765681,1500.1081081083976,2.052504128208327,352.9030275414826,Micro (<10 ha)
3.0005405405466443,1100.090090090409,1.7915278794852931,366.6306371218009,Micro (<10 ha)
2.5004504504520444,1100.090090090409,1.962520463988354,439.95676454677556,Micro (<10 ha)
2.5004504504543728,1100.1081081083976,1.96255260747218,439.96397045519933,Micro (<10 ha)
6.5011711711727544,1600.1621621623635,1.7703668314957248,246.13444563000303,Micro (<10 ha)
3.250585585589288,900.0900900904089,1.408316428724037,276.90090489564346,Micro (<10 ha)
4.500810810812982,1200.1261261263862,1.595793086419345,266.6466502531368,Micro (<10 ha)
13.502432432434288,3900.3783783791587,2.994303389431128,288.86486919275615,Small (10-50 ha)
3.750675675679231,1100.090090090409,1.6023912488469367,293.3045096977593,Micro (<10 ha)
4.500810810814146,1700.1441441448405,2.2606609522777803,377.74174823342634,Micro (<10 ha)
3.000540540543152,1100.090090090409,1.7915278794863354,366.6306371222276,Micro (<10 ha)
9.751756756760878,3200.288288288284,2.890964376835151,328.1755655020342,Micro (<10 ha)
2.750495495497016,900.1261261263862,1.5310626646276788,327.259625620195,Micro (<10 ha)
3.000540540544316,1100.1081081083976,1.7915572223387692,366.63664204611325,Micro (<10 ha)
3.500630630630767,1300.090090090409,1.9601773726987426,371.38739480667516,Micro (<10 ha)
3.0005405405408236,1300.1081081083976,2.1172628887438787,433.29129886512493,Micro (<10 ha)
2.750495495494688,900.054054053966,1.5309400741867853,327.2334223154536,Micro (<10 ha)
4.000720720723039,1300.090090090409,1.8335780364858516,324.96397045566516,Micro (<10 ha)
8.751576576584485,2800.234234234318,2.6702153006675124,319.96911753324076,Micro (<10 ha)
15.502792792794061,4600.432432432193,3.296011765593442,296.7486241943804,Small (10-50 ha)
4.750855855857953,1400.1261261263862,1.8120755502765094,294.71029401996844,Micro (<10 ha)
3.0005405405408236,1000.0900900904089,1.6286750462849975,333.30330871321956,Micro (<10 ha)
4.00072072072071,1200.1441441443749,1.692619580822932,299.98198522794536,Micro (<10 ha)
20.253648648646195,6100.486486486625,3.8239121080966094,301.20432087649533,Small (10-50 ha)
3.000540540543152,1000.1081081083976,1.6287043891371469,333.30931363698886,Micro (<10 ha)
6.501171171169262,1900.1621621618979,2.1022769728598263,292.2799772737173,Micro (<10 ha)
3.500630630629603,1100.0720720719546,1.6586053539287204,314.24968474154673,Micro (<10 ha)
2.5004504504497165,1000.0900900899433,1.7841241233916427,399.9639704558324,Micro (<10 ha)
4.250765765765681,1700.1441441443749,2.3262009288155836,399.96185107088144,Micro (<10 ha)
6.2511261261289475,1800.1801801803522,2.03110283833731,287.9769410915927,Micro (<10 ha)
4.750855855855625,1500.1441441443749,1.9415211778212231,315.76292559905505,Micro (<10 ha)
3.250585585584631,1000.0720720719546,1.5647521781587044,307.65904965153766,Micro (<10 ha)
4.000720720719546,1700.1621621618979,2.39781844563474,424.9639704558325,Micro (<10 ha)
2.5004504504497165,800.0720720719546,1.4272992987133142,319.97117636466595,Micro (<10 ha)
2.750495495494688,1200.0900900899433,2.0412840798592344,436.3177805801504,Micro (<10 ha)
5.500990990989376,2000.1981981978752,2.4057341483489862,363.60688491840835,Micro (<10 ha)
13.002342342345509,3800.3783783782274,2.9731108944341766,292.28413452869233,Small (10-50 ha)
3.7506756756745743,1300.108108107932,1.893737498187244,346.6330390921103,Micro (<10 ha)
3.250585585584631,1100.108108107932,1.72127250269627,338.4338234275634,Micro (<10 ha)
2.750495495494688,1100.054054053966,1.8711285478215014,399.94759339030173,Micro (<10 ha)
9.001621621621307,3300.288288288284,3.103034251550947,366.63263876379864,Micro (<10 ha)
14.752657657660311,4100.432432433125,3.011546654861563,277.94533890671397,Small (10-50 ha)
9.751756756753894,2300.216216215864,2.0778887840938047,235.87711153918752,Micro (<10 ha)
4.500810810809489,1200.1261261259206,1.5957930864193448,266.64665025324024,Micro (<10 ha)
24.504414414414203,5700.522522523534,3.2485351446654254,232.63247291354662,Small (10-50 ha)
4.500810810809489,1700.1621621618979,2.260684910616682,377.7457515162955,Micro (<10 ha)
10.501891891898122,2800.3063063067384,2.437624660277382,266.6477940481454,Small (10-50 ha)
2.750495495494688,1000.1261261259206,1.701156901444893,363.6167111577268,Micro (<10 ha)
7.001261261259206,2000.1801801798865,2.132436194881337,285.6885503255946,Micro (<10 ha)
4.250765765764518,1600.1441441439092,2.189377181439033,376.43667807607756,Micro (<10 ha)
3.0005405405396597,1100.108108107932,1.7915572223394014,366.636642046527,Micro (<10 ha)
141.52549549547257,27502.360360359307,6.5215029375439375,194.32795669836827,Medium (50-200 ha)
3.0005405405396597,1000.0900900899433,1.6286750462845552,333.3033087131937,Micro (<10 ha)
11.252027027023724,3200.2882882878184,2.6913413677413014,284.4188234352586,Small (10-50 ha)
4.000720720719546,1600.1621621618979,2.256783755003482,399.96847414885343,Micro (<10 ha)
2.750495495494688,1100.108108107932,1.8712204906520638,399.9672458689386,Micro (<10 ha)
4.500810810809489,1600.1801801798865,2.1277400874517736,355.53153585944386,Micro (<10 ha)
4.000720720719546,1500.1261261259206,2.1156982410603677,374.9639704558325,Micro (<10 ha)
4.750855855854461,1500.1801801798865,1.941567816490407,315.77051076622763,Micro (<10 ha)
11.752117117120651,3000.288288288284,2.4688801009225045,255.2976845267668,Small (10-50 ha)
7.251306306304177,2400.198198197875,2.514398147206679,331.00218040867736,Micro (<10 ha)
4.000720720719546,1400.1441441439092,1.9746889620850376,349.97297784187435,Micro (<10 ha)
10.251846846843836,3000.2882882878184,2.643364175691253,292.65832128691,Small (10-50 ha)
2.5004504504497165,1100.0720720719546,1.9624883205036974,439.9495586381654,Micro (<10 ha)
3.7506756756745743,1200.108108107932,1.7480774960399432,319.97117636466595,Micro (<10 ha)
2.750495495497016,700.0720720724203,1.1907822481625445,254.52580206677155,Micro (<10 ha)
2.5004504504508804,1000.0900900904089,1.7841241233920582,399.96397045583245,Micro (<10 ha)
2.7504954954958523,900.0900900904089,1.5310013694076279,327.2465239679089,Micro (<10 ha)
3.000540540541988,900.0540540544316,1.4657635273771172,299.96397045575486,Micro (<10 ha)
13.752477477474605,4100.378378378227,3.119094490644469,298.15561487697767,Small (10-50 ha)
39.757162162158636,11401.135135134682,5.100766847516898,286.7693395376802,Small (10-50 ha)
3.5006306306319313,1300.1081081083976,1.9602045389013063,371.39254188428987,Micro (<10 ha)
3.000540540541988,1100.1081081083976,1.7915572223394645,366.6366420463977,Micro (<10 ha)
5.75103603603784,1500.1621621623635,1.7646567057975255,260.8507671942699,Micro (<10 ha)
3.2505855855904517,1300.1081081083976,2.0342003849660704,399.961198951862,Micro (<10 ha)
4.500810810814146,1700.1441441448405,2.2606609522777803,377.74174823342634,Micro (<10 ha)
3.500630630633095,1000.0900900904089,1.5078600938481814,285.68855032544263,Micro (<10 ha)
3.000540540541988,1100.090090090409,1.7915278794866831,366.6306371223698,Micro (<10 ha)
10.751936936944258,3300.270270270761,2.839234221362329,306.9465799162984,Small (10-50 ha)
2.5004504504508804,800.0720720724203,1.4272992987138127,319.97117636470324,Micro (<10 ha)
3.000540540541988,1000.0720720724203,1.6286457034319002,333.2973037890623,Micro (<10 ha)
5.250945945947897,1600.1261261263862,1.9698379967192479,304.7310222953614,Micro (<10 ha)
4.750855855857953,1800.1801801803522,2.329834741118686,378.91702775209944,Micro (<10 ha)
4.750855855861446,1500.1441441443749,1.9415211778200336,315.7629255986682,Micro (<10 ha)
4.500810810814146,1500.1441441443749,1.9947233892695404,333.30531035429493,Micro (<10 ha)
4.250765765766846,1600.1621621623635,2.189401834366486,376.440916845883,Micro (<10 ha)
3.000540540543152,1200.090090090409,1.9543807126883055,399.9579655314942,Micro (<10 ha)
3.2505855855857955,1400.1621621623635,2.190748901206125,430.7415157352447,Micro (<10 ha)
4.750855855855625,1700.1441441443749,2.200365794240213,357.86060358974635,Micro (<10 ha)
10.50189189190045,3200.2882882887498,2.785802979466694,304.7344536803852,Small (10-50 ha)
2.5004504504508804,900.1081081083976,1.605759926280045,359.9783822735181,Micro (<10 ha)
3.0005405405396597,900.0900900899433,1.4658222130824903,299.97598030388826,Micro (<10 ha)
2.750495495494688,900.0720720719546,1.5309707217969726,327.23997314166587,Micro (<10 ha)
2.750495495494688,1000.0720720719546,1.7010649586143307,363.59705867908997,Micro (<10 ha)
3.0005405405396597,900.054054053966,1.4657635273769276,299.96397045583245,Micro (<10 ha)
14.752657657660311,3900.3243243251927,2.8645780330117145,264.38113151090107,Small (10-50 ha)
17.503153153153836,5500.522522523068,3.7088636610874754,314.2589494814508,Small (10-50 ha)
2.750495495494688,1000.1081081079319,1.7011262538347056,363.6101603315145,Micro (<10 ha)
2.5004504504497165,1100.0720720719546,1.9624883205036974,439.9495586381654,Micro (<10 ha)
2.5004504504497165,700.054054053966,1.24887081463178,279.97117636466595,Micro (<10 ha)
19.503513513513607,6100.522522523068,3.896778092954292,312.79095011758443,Small (10-50 ha)
3.500630630629603,1200.0900900899433,1.8094049464149884,342.8211133129753,Micro (<10 ha)
22.504054054052105,6400.558558559045,3.806120748741028,284.4180227787248,Small (10-50 ha)
9.251666666666278,2200.2162162163295,2.0405650349180715,237.81836240854858,Micro (<10 ha)
3.250585585584631,1100.1441441439092,1.7213288860983893,338.44490944115347,Micro (<10 ha)
32.50585585585563,6900.594594594091,3.414292932109278,212.28773748318375,Small (10-50 ha)
5.000900900899433,1500.1441441439092,1.892360763631118,299.9747793190827,Micro (<10 ha)
3.250585585584631,1200.108108107932,1.8777364438317168,369.1975111899992,Micro (<10 ha)
5.751036036034347,2200.1801801798865,2.5880953451872304,382.5710996060861,Micro (<10 ha)
17.00306306306622,4600.360360360704,3.1471927189273705,270.5606832896793,Small (10-50 ha)
3.7506756756745743,1400.1261261259206,2.0394237453799335,373.29970575877695,Micro (<10 ha)
3.7506756756745743,1500.1441441439092,2.1851099925726234,399.96637242544364,Micro (<10 ha)
16.2529279279348,4400.450450450648,3.079118466775583,270.7481673432731,Small (10-50 ha)
2.750495495494688,1000.0900900899433,1.7010956062245182,363.60360950530224,Micro (<10 ha)
4.500810810809489,1500.1261261259206,1.9946994309309822,333.30130707185106,Micro (<10 ha)
24.00432432432077,6000.522522522602,3.4549311344665634,249.9767309193942,Small (10-50 ha)
2.5004504504497165,800.0720720719546,1.4272992987133142,319.97117636466595,Micro (<10 ha)
5.500990990989376,2100.1801801798865,2.5259872655103,381.78215227401427,Micro (<10 ha)
2.5004504504497165,800.0900900899433,1.427331442198054,319.97838227349945,Micro (<10 ha)
3.0005405405396597,1000.0900900899433,1.6286750462845552,333.3033087131937,Micro (<10 ha)
8.501531531529036,2200.216216215864,2.1286871781617682,258.80233556225437,Micro (<10 ha)
2.750495495494688,1100.108108107932,1.8712204906520638,399.9672458689386,Micro (<10 ha)
5.250945945944404,1800.1441441439092,2.216070518948218,342.8228290055547,Micro (<10 ha)
5.751036036034347,1800.1621621618979,2.1175498963418846,313.01528122630367,Micro (<10 ha)
2.5004504504497165,1100.0720720719546,1.9624883205036974,439.9495586381654,Micro (<10 ha)
23.754279279279288,5900.558558559045,3.415208822174795,248.39981416342386,Small (10-50 ha)
3.7506756756745743,1400.108108107932,2.0393975003345446,373.29490181955464,Micro (<10 ha)
8.751576576574006,2300.2342342338525,2.1934310252633558,262.83655454619,Micro (<10 ha)
3.250585585584631,1000.1081081079319,1.5648085615608236,307.67013566512765,Micro (<10 ha)
4.500810810809489,1900.1441441439092,2.5265985152854697,422.1781861126841,Micro (<10 ha)
2.5004504504497165,900.0720720719546,1.6056956393101085,359.9639704558324,Micro (<10 ha)
12.752297297293554,3700.3243243237957,2.923079613767463,290.16923288865945,Small (10-50 ha)
9.25166666666395,2400.252252251841,2.2260861386395248,259.4399840301797,Micro (<10 ha)
5.250945945944404,1800.1441441439092,2.216070518948218,342.8228290055547,Micro (<10 ha)
5.250945945944404,1700.1261261259206,2.0929431672778858,323.77520995793566,Micro (<10 ha)
3.250585585584631,1300.1261261259206,2.034228576668223,399.96674195923,Micro (<10 ha)
2.750495495494688,1000.0900900899433,1.7010956062245182,363.60360950530224,Micro (<10 ha)
6.001081081079319,1800.1441441439092,2.0729441567086404,299.9699753798604,Micro (<10 ha)
3.0005405405396597,1000.054054053966,1.6286163605789925,333.29129886513783,Micro (<10 ha)
2.5004504504497165,1100.108108107932,1.962552607473177,439.9639704558324,Micro (<10 ha)
6.251126126124291,1800.1261261259206,2.0310418503633136,287.96829400113256,Micro (<10 ha)
4.500810810809489,1800.1981981978752,2.3937016087985024,399.97197702120303,Micro (<10 ha)
15.752837837835541,3100.288288288284,2.2035238045129772,196.80823989960322,Small (10-50 ha)
6.251126126124291,1900.1801801798865,2.1439305908425474,303.97405872819934,Micro (<10 ha)
3.0005405405396597,1200.108108107932,1.9544100555414663,399.96397045583245,Micro (<10 ha)
5.250945945944404,2000.1801801798865,2.4623252222888823,380.9180671007928,Micro (<10 ha)
9.751756756753894,3200.2882882878184,2.890964376835766,328.1755655022215,Micro (<10 ha)
3.2505855855869594,900.0900900904089,1.4083164287245413,276.9009048958418,Micro (<10 ha)
6.001081081081647,1600.1621621623635,1.8426562198537566,266.64564943254305,Micro (<10 ha)
3.250585585589288,1100.0900900908746,1.7212443109954347,338.4282804205701,Micro (<10 ha)
5.751036036036676,2000.1981981988065,2.352854412944453,347.79788992197695,Micro (<10 ha)
8.001441441447241,2800.252252253238,2.792595974140626,349.96847414867153,Micro (<10 ha)
5.751036036036676,1600.1441441443749,1.8822665745262865,278.23580553446044,Micro (<10 ha)
3.000540540541988,1100.090090090409,1.7915278794866831,366.6306371223698,Micro (<10 ha)
12.502252252257895,3500.270270270761,2.792560036631902,279.9711763645319,Small (10-50 ha)
5.751036036041333,1900.1441441448405,2.235159765070229,330.4003195662091,Micro (<10 ha)
10.251846846847329,2800.2702702702954,2.4671409556142003,273.147883703651,Small (10-50 ha)
3.000540540541988,1000.0900900904089,1.6286750462846815,333.30330871309025,Micro (<10 ha)
4.250765765769175,1200.1081081083976,1.6420328860790125,282.32750855685845,Micro (<10 ha)
3.7506756756769026,1500.1441441443749,2.1851099925726234,399.9663724253195,Micro (<10 ha)
2.75049549549818,1000.0900900904089,1.7010956062242304,363.60360950500984,Micro (<10 ha)
3.2505855855869594,1000.0900900904089,1.564780369859932,307.6645926582555,Micro (<10 ha)
3.500630630630767,1300.1261261263862,1.960231705104522,371.3976889621516,Micro (<10 ha)
17.003063063065056,3700.36036036117,2.531485855734879,217.6290440514384,Small (10-50 ha)
8.001441441444912,1800.1621621628292,1.7952402690906968,224.9797333813585,Micro (<10 ha)
2.5004504504543728,900.0900900904089,1.6057277827941836,359.9711763641818,Micro (<10 ha)
9.751756756760878,3000.288288288284,2.710295379769176,307.6664403270917,Micro (<10 ha)
14.75265765766264,4400.396396396216,3.2318540217396903,298.2782152550403,Small (10-50 ha)
3.500630630633095,1200.1621621623635,1.8095136112263464,342.8417016237192,Micro (<10 ha)
8.001441441443749,1600.1081081083976,1.5957331905719183,199.9774815348371,Micro (<10 ha)
12.75229729729821,2700.270270270761,2.1330846398529624,211.7477508027404,Small (10-50 ha)
9.5017117117194,3100.2702702712268,2.837224483820566,326.2854488046987,Micro (<10 ha)
3.7506756756745743,1200.108108107932,1.7480774960399432,319.97117636466595,Micro (<10 ha)
5.250945945946732,1500.1441441443749,1.8467550072727137,285.690266018136,Micro (<10 ha)
2.750495495494688,900.0900900899433,1.53100136940716,327.24652396787815,Micro (<10 ha)
3.250585585584631,1200.108108107932,1.8777364438317168,369.1975111899992,Micro (<10 ha)
19.75355855855509,4100.378378378693,2.602533513169308,207.57669390170997,Small (10-50 ha)
7.0012612612638625,2000.1621621623635,2.132416985474842,285.685976786602,Micro (<10 ha)
10.001801801801193,3300.3063063067384,2.9438128394678835,329.97117636468226,Small (10-50 ha)
10.001801801798866,2400.1801801798865,2.1409168045852316,239.9747793190827,Small (10-50 ha)
5.5009909909917045,1500.1441441443749,1.8042951934786702,272.70434483549894,Micro (<10 ha)
3.0005405405396597,1000.0720720719546,1.6286457034317738,333.29730378916577,Micro (<10 ha)
16.502972972975112,5100.450450451579,3.541787547182727,309.06252217730463,Small (10-50 ha)
3.0005405405396597,1000.0720720719546,1.6286457034317738,333.29730378916577,Micro (<10 ha)
3.7506756756745743,1400.0900900899433,2.039371255289155,373.29009788033227,Micro (<10 ha)
2.5004504504497165,1000.0900900899433,1.7841241233916427,399.9639704558324,Micro (<10 ha)
5.000900900899433,2000.1801801798865,2.52313253225747,399.9639704558324,Micro (<10 ha)
5.500990990989376,1600.1261261259206,1.9245483106398058,290.87961219113566,Micro (<10 ha)
3.0005405405396597,1100.0900900899433,1.79152787948662,366.6306371224991,Micro (<10 ha)
2.750495495494688,1100.108108107932,1.8712204906520638,399.9672458689386,Micro (<10 ha)
3.500630630629603,1400.108108107932,2.110976965184635,399.9588233780942,Micro (<10 ha)
2.5004504504497165,800.0720720719546,1.4272992987133142,319.97117636466595,Micro (<10 ha)
17.003063063067383,5000.468468468636,3.420914172461897,294.0922144393048,Small (10-50 ha)
2.5004504504497165,1100.1261261259206,1.9625847509579168,439.97117636466595,Micro (<10 ha)
6.751216216214234,2100.198198197875,2.2801548457493044,311.08442255987586,Micro (<10 ha)
2.5004504504497165,900.0720720719546,1.6056956393101085,359.9639704558324,Micro (<10 ha)
4.250765765764518,1700.1801801798865,2.3262502346700953,399.9703286106855,Micro (<10 ha)
2.750495495494688,900.0720720719546,1.5309707217969726,327.23997314166587,Micro (<10 ha)
3.0005405405396597,1100.108108107932,1.7915572223394014,366.636642046527,Micro (<10 ha)
3.0005405405396597,900.0720720719546,1.465792870229709,299.9699753798604,Micro (<10 ha)
3.250585585584631,1300.1441441439092,2.0342567683692825,399.972284966025,Micro (<10 ha)
2.750495495494688,800.0720720719546,1.3608764849796144,290.8828876042418,Micro (<10 ha)
3.250585585584631,1200.108108107932,1.8777364438317168,369.1975111899992,Micro (<10 ha)
5.250945945944404,1500.1621621618979,1.846777188384326,285.6936974033328,Micro (<10 ha)
13.502432432428469,2800.2342342338525,2.149727550857176,207.38739099398097,Small (10-50 ha)
6.251126126124291,2000.1621621618979,2.2567380140228113,319.96829400113256,Micro (<10 ha)
17.753198198192987,2800.27027026983,1.8748076494374404,157.73328495565696,Small (10-50 ha)
2.5004504504497165,900.0900900899433,1.6057277827948484,359.97117636466595,Micro (<10 ha)
2.5004504504497165,1000.1081081079319,1.7841562668763826,399.97117636466595,Micro (<10 ha)
3.0005405405396597,1300.1441441439092,2.1173215744490936,433.3033087131937,Micro (<10 ha)
5.751036036034347,1600.1261261259206,1.8822453797399354,278.2326725306515,Micro (<10 ha)
10.751936936933781,3300.2882882878184,2.839249722327707,306.94825570926287,Small (10-50 ha)
11.502072072068694,4000.3243243237957,3.32737867316641,347.7916239142745,Small (10-50 ha)
6.501171171169262,1600.1801801798865,1.7703867660386776,246.13721713346115,Micro (<10 ha)
5.500990990989376,1800.1621621618979,2.165141229494396,327.24324855477204,Micro (<10 ha)
4.500810810809489,1500.1621621618979,1.9947473476089237,333.30931363722163,Micro (<10 ha)
8.501531531529036,2600.27027026983,2.5157354733065773,305.8590397067151,Micro (<10 ha)
9.001621621618979,2700.252252251841,2.5388616068179743,299.9739786625457,Micro (<10 ha)
15.502792792790569,3000.3243243242614,2.1496031990066258,193.53444017645225,Small (10-50 ha)
10.501891891888809,3400.306306305807,2.959915665684141,323.7803570356739,Small (10-50 ha)
6.751216216214234,2600.252252251841,2.823056308795083,385.1531589237029,Micro (<10 ha)
5.000900900899433,1900.1621621618979,2.3969645412065814,379.9639704558324,Micro (<10 ha)
7.251306306304177,2700.216216215864,2.8286908373684523,372.37652116120597,Micro (<10 ha)
3.0005405405396597,1300.108108107932,2.117262888743531,433.29129886513783,Micro (<10 ha)
13.002342342338524,3500.3423423417844,2.7383867910303814,269.2085972035892,Small (10-50 ha)
2.750495495494688,1000.0900900899433,1.7010956062245182,363.60360950530224,Micro (<10 ha)
11.502072072068694,3700.2882882878184,3.0778155311438553,321.70623389445575,Small (10-50 ha)
8.251486486484064,2600.252252251841,2.553550510450631,315.125311846666,Micro (<10 ha)
6.251126126124291,2400.198198197875,2.7080896826923224,383.96252927406573,Micro (<10 ha)
10.001801801798866,3100.27027026983,2.7653843553858612,309.97117636466595,Small (10-50 ha)
8.251486486485227,2400.234234234318,2.357124909216719,290.8850712129946,Micro (<10 ha)
6.501171171171591,1800.1621621623635,1.991640259071938,276.89813339247183,Micro (<10 ha)
23.254189189189347,5600.540540540591,3.276230224751579,240.8400695021536,Small (10-50 ha)
3.5006306306319313,1200.1081081083976,1.8094321126179782,342.82626039061853,Micro (<10 ha)
4.250765765766846,1500.1441441448405,2.052553434063513,352.9115050812996,Micro (<10 ha)
9.001621621620142,2900.234234234318,2.726890919889294,322.19019596075003,Micro (<10 ha)
6.251126126127783,1700.1621621623635,1.9182547565077817,271.9769410916553,Micro (<10 ha)
2.750495495497016,1000.1081081083976,1.7011262538347776,363.610160331376,Micro (<10 ha)
5.5009909909917045,1800.2162162167951,2.1652062428940297,327.2530747941212,Micro (<10 ha)
6.25112612613244,1300.090090090409,1.4668624291883654,207.97694109153613,Micro (<10 ha)
3.000540540541988,1100.1261261263862,1.7915865651922458,366.64264697042563,Micro (<10 ha)
6.001081081081647,2100.234234234318,2.4185109274374783,349.9759803038301,Micro (<10 ha)
2.5004504504520444,900.1081081083976,1.6057599262796711,359.9783822733505,Micro (<10 ha)
3.000540540544316,1100.1081081083976,1.7915572223387692,366.63664204611325,Micro (<10 ha)
4.0007207207218745,1100.1261261263862,1.5515594785355407,274.9819852278726,Micro (<10 ha)
2.500450450453209,1100.1261261263862,1.9625847509573766,439.97117636423764,Micro (<10 ha)
4.250765765765681,1300.1441441443749,1.7789059393107305,305.86115909169195,Micro (<10 ha)
3.7506756756769026,1100.1261261263862,1.6024437389382125,293.3141175763861,Micro (<10 ha)
7.251306306311162,1600.126126126852,1.6762591397032325,220.6672920069843,Micro (<10 ha)
6.5011711711727544,1900.1621621628292,2.102276972860292,292.27997727370354,Micro (<10 ha)
3.000540540541988,1100.1261261263862,1.7915865651922458,366.64264697042563,Micro (<10 ha)
5.5009909909917045,2000.1981981983408,2.4057341483490373,363.6068849183391,Micro (<10 ha)
3.2505855855857955,1000.1081081083976,1.564808561561272,307.67013566516073,Micro (<10 ha)
15.252747747750254,4000.4144144146703,2.8895220139971984,262.27499992614264,Small (10-50 ha)
3.500630630629603,1500.1261261259206,2.261776557670903,428.5302519495228,Micro (<10 ha)
5.000900900904089,1700.1621621623635,2.1446740168564538,339.97117636444256,Micro (<10 ha)
4.750855855854461,1400.1441441439092,1.8120988696113474,294.71408660368365,Micro (<10 ha)
59.5107207207277,15301.297297298443,5.595330142557069,257.11833283123,Medium (50-200 ha)
3.250585585584631,1300.0900900899433,2.034172193266104,399.95565594563993,Micro (<10 ha)
4.250765765764518,1300.0900900899433,1.7788319805280919,305.84844278195993,Micro (<10 ha)
2.750495495494688,900.0720720719546,1.5309707217969726,327.23997314166587,Micro (<10 ha)
5.751036036034347,1200.108108107932,1.41169993089459,208.6768541508691,Micro (<10 ha)
4.250765765764518,1600.1621621618979,2.189401834366448,376.44091684597964,Micro (<10 ha)
2.750495495494688,1100.108108107932,1.8712204906520638,399.9672458689386,Micro (<10 ha)
4.250765765764518,1300.108108107932,1.778856633455507,305.852681551862,Micro (<10 ha)
2.750495495494688,1000.1081081079319,1.7011262538347056,363.6101603315145,Micro (<10 ha)
3.500630630629603,1100.0900900899433,1.65863252013161,314.25483181928496,Micro (<10 ha)
4.750855855854461,1400.108108107932,1.8120522309417983,294.7065014364905,Micro (<10 ha)
4.000720720719546,1400.108108107932,1.9746381387731813,349.9639704558325,Micro (<10 ha)
3.500630630629603,1400.1261261259206,2.1110041313875243,399.96397045583245,Micro (<10 ha)
2.750495495494688,700.054054053966,1.190751600552069,254.51925124060543,Micro (<10 ha)
7.001261261259206,2200.1801801798865,2.3456606049631885,314.25483181928496,Micro (<10 ha)
3.0005405405396597,1100.0720720719546,1.7914985366338385,366.62463219847115,Micro (<10 ha)
3.0005405405396597,1100.108108107932,1.7915572223394014,366.636642046527,Micro (<10 ha)
11.502072072068694,3000.198198197875,2.4954965374322158,260.83980168090505,Small (10-50 ha)
16.252927927928976,3700.324324324727,2.5892206010233254,227.67124426646242,Small (10-50 ha)
2.750495495494688,1000.0900900899433,1.7010956062245182,363.60360950530224,Micro (<10 ha)
2.5004504504497165,900.0720720719546,1.6056956393101085,359.9639704558324,Micro (<10 ha)
18.503333333336048,3600.3243243251927,2.3610854576664946,194.57706670823262,Small (10-50 ha)
2.5004504504497165,900.0720720719546,1.6056956393101085,359.9639704558324,Micro (<10 ha)
3.500630630629603,1500.1441441439092,2.2618037238737925,428.535399027261,Micro (<10 ha)
3.250585585584631,1000.0900900899433,1.564780369859764,307.66459265833265,Micro (<10 ha)
2.750495495494688,1000.0720720719546,1.7010649586143307,363.59705867908997,Micro (<10 ha)
77.26391891891254,13301.117117117159,4.268691991399947,172.15172752338003,Medium (50-200 ha)
3.250585585584631,1100.0900900899433,1.7212443109952107,338.42828042076843,Micro (<10 ha)
21.00378378378111,5800.486486486625,3.57034939120738,276.1638829554938,Small (10-50 ha)
5.250945945944404,1700.1441441439092,2.092965348389662,323.7786413430945,Micro (<10 ha)
2.5004504504497165,900.0900900899433,1.6057277827948484,359.97117636466595,Micro (<10 ha)
3.250585585584631,1300.1441441439092,2.0342567683692825,399.972284966025,Micro (<10 ha)
2.750495495494688,900.0900900899433,1.53100136940716,327.24652396787815,Micro (<10 ha)
3.250585585584631,1300.1261261259206,2.034228576668223,399.96674195923,Micro (<10 ha)
5.250945945944404,1500.1261261259206,1.8467328261607736,285.68683463301517,Micro (<10 ha)
2.5004504504497165,900.0720720719546,1.6056956393101085,359.9639704558324,Micro (<10 ha)
3.500630630629603,1100.108108107932,1.6586596863344998,314.2599788970232,Micro (<10 ha)
3.250585585584631,1200.108108107932,1.8777364438317168,369.1975111899992,Micro (<10 ha)
2.5004504504497165,900.054054053966,1.6056634958253688,359.9567645469989,Micro (<10 ha)
2.5004504504497165,1100.1261261259206,1.9625847509579168,439.97117636466595,Micro (<10 ha)
4.250765765764518,1200.0900900899433,1.6420082331518597,282.3232697871561,Micro (<10 ha)
13.002342342342017,4000.3783783782274,3.1295748355700015,307.6659784099846,Small (10-50 ha)
3.250585585584631,1100.0720720719546,1.721216119294151,338.42273741397344,Micro (<10 ha)
7.251306306304177,2200.216216215864,2.3049011459391053,303.4234279005741,Micro (<10 ha)
15.002702702702955,3600.432432432659,2.6221949791963532,239.98558818232056,Small (10-50 ha)
10.501891891892301,3600.3423423431814,3.1340440363161015,342.82797608331197,Small (10-50 ha)
18.50333333333023,4400.450450450648,2.8858065634656396,237.81933618004248,Small (10-50 ha)
2.7504954954958523,1200.1261261263862,2.041345375079969,436.33088223255953,Micro (<10 ha)
20.003603603604716,5000.450450450648,3.1539156653218745,249.97748153485455,Small (10-50 ha)
10.251846846845002,3000.3243243242614,2.6433959247627303,292.6618363644019,Small (10-50 ha)
4.750855855860282,1500.1261261263862,1.941497858485497,315.759133015149,Micro (<10 ha)
21.753918918919517,6000.5585585585795,3.629259259665954,275.8380492693598,Small (10-50 ha)
4.250765765769175,1400.1261261263862,1.9157050337587418,329.38209331631657,Micro (<10 ha)
4.000720720728859,1600.1441441443749,2.256758343345584,399.9639704550178,Micro (<10 ha)
8.501531531531363,2400.162162162829,2.322132880600075,282.3211504022374,Micro (<10 ha)
10.7519369369396,3000.3063063062727,2.5811741590293877,279.047982135977,Small (10-50 ha)
2.500450450453209,1000.1081081083976,1.7841562668759672,399.9711763642935,Micro (<10 ha)
5.751036036041333,1700.1621621623635,1.9999188328264275,295.62710988204014,Micro (<10 ha)
5.75103603603784,1700.1441441443749,1.9998976380408504,295.623976878379,Micro (<10 ha)
2.5004504504520444,1000.0900900904089,1.7841241233916427,399.9639704556463,Micro (<10 ha)
34.00612612613011,8800.756756757386,4.25732205956711,258.7991564847763,Small (10-50 ha)
9.751756756756222,2200.180180180352,1.987521732588577,225.6188536138395,Micro (<10 ha)
2.500450450453209,1000.0720720724203,1.7840919799064874,399.9567645466265,Micro (<10 ha)
3.7506756756757387,1500.1621621623635,2.1851362376183516,399.97117636466595,Micro (<10 ha)
3.000540540541988,1100.1441441448405,1.7916159080457856,366.64865189460875,Micro (<10 ha)
11.752117117124143,4300.378378378227,3.5386994797326845,365.92371702219486,Small (10-50 ha)
5.751036036040168,1900.1621621623635,2.2351809598560917,330.40345257003565,Micro (<10 ha)
3.500630630629603,900.054054053966,1.3570333351590742,257.1119746764278,Micro (<10 ha)
22.003963963969145,4900.450450450648,2.9470032023726227,222.70762024856037,Small (10-50 ha)
4.00072072072071,1300.1261261263862,1.8336288597982413,324.9729778418962,Micro (<10 ha)
7.751396396396449,2700.2522522527725,2.735958034180884,348.35687844684276,Micro (<10 ha)
7.501351351350313,2300.2162162163295,2.36915772771318,306.64024500095826,Micro (<10 ha)
2.5004504504497165,1100.0900900899433,1.962520463988437,439.9567645469989,Micro (<10 ha)
4.750855855854461,1700.1261261259206,2.200342474905105,357.8568110061394,Micro (<10 ha)
8.001441441444912,3000.2522522527725,2.992049146396314,374.9639704556761,Micro (<10 ha)
4.500810810814146,1700.1441441443749,2.2606609522771612,377.7417482333229,Micro (<10 ha)
5.50099099099054,1600.1441441443749,1.9245699817731527,290.88288760426485,Micro (<10 ha)
2.750495495494688,1100.108108107932,1.8712204906520638,399.9672458689386,Micro (<10 ha)
49.50891891892184,11701.063063062262,4.691142942426236,236.3425281457767,Small (10-50 ha)
5.000900900899433,1000.0900900899433,1.261566266128735,199.9819852279162,Micro (<10 ha)
3.250585585584631,1100.108108107932,1.72127250269627,338.4338234275634,Micro (<10 ha)
2.5004504504497165,900.0720720719546,1.6056956393101085,359.9639704558324,Micro (<10 ha)
5.7510360360355115,2300.198198198341,2.7057476034884784,399.96240395391214,Micro (<10 ha)
5.250945945944404,1800.1261261259206,2.2160483378364417,342.8193976203959,Micro (<10 ha)
2.5004504504497165,1000.0720720719546,1.7840919799069028,399.9567645469989,Micro (<10 ha)
3.250585585584631,800.0900900899433,1.2518524875888708,246.13721713346115,Micro (<10 ha)
5.250945945944404,1500.108108107932,1.8467106450489974,285.6834032478564,Micro (<10 ha)
46.00828828829574,12201.117117118556,5.0743056803474555,265.19389377549294,Small (10-50 ha)
4.250765765764518,1500.1261261259206,2.052528781135386,352.9072663113717,Micro (<10 ha)
2.750495495494688,1100.0900900899433,1.8711898430418763,399.96069504272634,Micro (<10 ha)
2.5004504504497165,900.0720720719546,1.6056956393101085,359.9639704558324,Micro (<10 ha)
7.2513063063076695,2300.2162162163295,2.409659084224882,317.21404655261193,Micro (<10 ha)
8.001441441442585,2600.252252252307,2.593142801884735,324.9729778417907,Micro (<10 ha)
9.251666666667443,3100.3783783782274,2.8754100016651125,335.1156597057792,Micro (<10 ha)
5.000900900899433,1500.1441441439092,1.892360763631118,299.9747793190827,Micro (<10 ha)
3.500630630629603,1200.1261261259206,1.8094592788207677,342.83140746845174,Micro (<10 ha)
13.502432432428469,3400.27027026983,2.610372586334571,251.82649772817837,Small (10-50 ha)
5.250945945944404,1500.108108107932,1.8467106450489974,285.6834032478564,Micro (<10 ha)
3.0005405405396597,1000.1081081079319,1.6287043891373365,333.30931363722163,Micro (<10 ha)
3.0005405405396597,1300.1261261259206,2.1172922315963123,433.29730378916577,Micro (<10 ha)
2.5004504504497165,1000.1081081079319,1.7841562668763826,399.97117636466595,Micro (<10 ha)
8.251486486484064,2000.1801801798865,1.9642560123420303,242.40240633686815,Micro (<10 ha)
10.751936936933781,2600.198198197875,2.236959734223825,241.83532822499936,Small (10-50 ha)
4.500810810809489,1300.1261261259206,1.728761867923224,288.8648691927772,Micro (<10 ha)
5.250945945944404,1500.1441441439092,1.8467550072725498,285.690266018174,Micro (<10 ha)
3.250585585584631,1100.0900900899433,1.7212443109952107,338.42828042076843,Micro (<10 ha)
11.252027027023724,3000.252252251841,2.5231173796734496,266.64104565748084,Small (10-50 ha)
5.000900900899433,1800.1441441439092,2.270796550155693,359.9639704558324,Micro (<10 ha)
3.7506756756745743,1300.108108107932,1.893737498187244,346.6330390921103,Micro (<10 ha)
8.501531531529036,2900.2342342338525,2.805947607593541,341.1425604290188,Micro (<10 ha)
2.5004504504497165,1000.0720720719546,1.7840919799069028,399.9567645469989,Micro (<10 ha)
3.0005405405396597,1100.0900900899433,1.79152787948662,366.6306371224991,Micro (<10 ha)
4.250765765764518,1600.1441441439092,2.189377181439033,376.43667807607756,Micro (<10 ha)
2.750495495494688,900.0900900899433,1.53100136940716,327.24652396787815,Micro (<10 ha)
7.751396396394121,2500.216216215864,2.533276895978609,322.55042683392395,Micro (<10 ha)
8.001441441439091,2000.1621621618979,1.9946934413462396,249.97522968838484,Micro (<10 ha)
6.001081081079319,1700.1801801798865,1.9578313110763808,283.3123160992356,Micro (<10 ha)
6.501171171169262,1200.108108107932,1.3277601727145196,184.5987555949996,Micro (<10 ha)
6.751216216214234,2200.198198197875,2.3887234012173475,325.89656851956715,Micro (<10 ha)
4.250765765764518,1500.1621621618979,2.052578086990216,352.9157438511758,Micro (<10 ha)
14.752657657653327,4100.342342341784,3.0114804885450193,277.9392322043496,Small (10-50 ha)
6.251126126124291,1700.1621621618979,1.918254756507792,271.9769410917328,Micro (<10 ha)
3.0005405405396597,1000.1081081079319,1.6287043891373365,333.30931363722163,Micro (<10 ha)
2.5004504504497165,900.0720720719546,1.6056956393101085,359.9639704558324,Micro (<10 ha)
3.500630630629603,1400.1261261259206,2.1110041313875243,399.96397045583245,Micro (<10 ha)
2.750495495494688,1100.0720720719546,1.8711591954316888,399.954144216514,Micro (<10 ha)
3.500630630629603,1300.108108107932,1.9602045389012566,371.39254188440384,Micro (<10 ha)
2.750495495494688,1200.1261261259206,2.0413453750796093,436.33088223257494,Micro (<10 ha)
2.5004504504497165,1000.0900900899433,1.7841241233916427,399.9639704558324,Micro (<10 ha)
7.751396396394121,2700.2882882878184,2.7359945467254554,348.36152742026815,Micro (<10 ha)
2.750495495494688,900.0720720719546,1.5309707217969726,327.23997314166587,Micro (<10 ha)
3.0005405405396597,1100.0720720719546,1.7914985366338385,366.62463219847115,Micro (<10 ha)
2.5004504504508804,800.0900900904089,1.4273314421985523,319.97838227353674,Micro (<10 ha)
3.000540540544316,1300.1081081083976,2.1172628887426463,433.2912988646206,Micro (<10 ha)
4.750855855855625,1900.1621621623635,2.4592337299939775,399.96207416403416,Micro (<10 ha)
2.500450450453209,900.0720720724203,1.6056956393098176,359.9639704555159,Micro (<10 ha)
3.250585585588124,1300.126126126852,2.034228576668587,399.96674195908673,Micro (<10 ha)
13.752477477474605,4400.414414414205,3.3473272683630864,319.97248652991516,Small (10-50 ha)
3.7506756756769026,1400.090090090409,2.0393712552892005,373.2900978802247,Micro (<10 ha)
5.5009909909917045,2000.2162162163295,2.4057558194820277,363.61016033144523,Micro (<10 ha)
23.754279279278126,6600.594594594091,3.820385590167342,277.8697057903193,Small (10-50 ha)
10.751936936936108,2500.234234234318,2.1509603813993112,232.53803002185293,Small (10-50 ha)
2.5004504504520444,900.0540540544316,1.6056634958254516,359.95676454685,Micro (<10 ha)
2.5004504504543728,1000.0900900904089,1.7841241233908118,399.96397045527385,Micro (<10 ha)
3.7506756756803954,1300.1081081083976,1.8937374981864528,346.63303909169645,Micro (<10 ha)
2.500450450453209,800.0720720724203,1.4272992987131479,319.97117636440527,Micro (<10 ha)
3.000540540543152,1100.1081081083976,1.791557222339117,366.6366420462555,Micro (<10 ha)
8.751576576579827,2900.252252252307,2.7655893371645552,331.3976889619749,Micro (<10 ha)
2.5004504504543728,800.0540540544316,1.4272671552280758,319.96397045542284,Micro (<10 ha)
8.001441441446078,2100.1981981988065,2.09445596498262,262.4774815347825,Micro (<10 ha)
4.0007207207218745,1500.1261261263862,2.1156982410604086,374.9639704557306,Micro (<10 ha)
3.500630630630767,1200.0720720724203,1.8093777802124997,342.8159662352561,Micro (<10 ha)
5.250945945945569,2200.2162162163295,2.70857992562982,419.01330519602664,Micro (<10 ha)
4.500810810812982,1200.1081081083976,1.5957691280803743,266.64264697045155,Micro (<10 ha)
4.00072072072071,1200.1261261263862,1.692594169167004,299.9774815349244,Micro (<10 ha)
3.250585585584631,1000.0360360359773,1.5646957947565854,307.6479636379476,Micro (<10 ha)
2.750495495494688,1000.0900900899433,1.7010956062245182,363.60360950530224,Micro (<10 ha)
3.500630630629603,1200.108108107932,1.809432112617878,342.8262603907135,Micro (<10 ha)
2.750495495494688,1100.108108107932,1.8712204906520638,399.9672458689386,Micro (<10 ha)
6.2511261261289475,2200.180180180818,2.4824138483576927,351.96541163748594,Micro (<10 ha)
10.50189189189463,2800.234234234784,2.4375619226195826,266.6409312779164,Small (10-50 ha)
9.251666666667443,3100.270270270761,2.875309738053536,335.1039744482617,Micro (<10 ha)
2.750495495494688,1000.0900900899433,1.7010956062245182,363.60360950530224,Micro (<10 ha)
4.00072072072071,1300.1441441443749,1.8336542714541695,324.9774815349171,Micro (<10 ha)
9.501711711712414,2500.270270270761,2.2881321331907207,263.1389318188605,Micro (<10 ha)
13.002342342347838,2200.2162162163295,1.7212725026960178,169.21691171369633,Small (10-50 ha)
3.500630630629603,1200.0900900899433,1.8094049464149884,342.8211133129753,Micro (<10 ha)
7.2513063063076695,2300.198198198341,2.409640208920717,317.21156175646246,Micro (<10 ha)
3.0005405405396597,1300.108108107932,2.117262888743531,433.29129886513783,Micro (<10 ha)
3.250585585584631,1300.1261261259206,2.034228576668223,399.96674195923,Micro (<10 ha)
11.252027027030708,3700.3063063062727,3.111840727574275,328.85686262724386,Small (10-50 ha)
2.750495495494688,1100.0900900899433,1.8711898430418763,399.96069504272634,Micro (<10 ha)
11.752117117113666,3200.2882882878184,2.6334562925215486,272.3158947784391,Small (10-50 ha)
6.751216216214234,1800.1801801798865,1.9544296174433204,266.6453158256785,Micro (<10 ha)
3.0005405405396597,1200.1261261259206,1.9544393983942476,399.96997537986033,Micro (<10 ha)
12.002162162162131,3100.2882882887498,2.524453657454647,258.31081486823103,Small (10-50 ha)
2.5004504504497165,800.0720720719546,1.4272992987133142,319.97117636466595,Micro (<10 ha)
4.000720720719546,1600.1621621618979,2.256783755003482,399.96847414885343,Micro (<10 ha)
3.250585585584631,1300.1261261259206,2.034228576668223,399.96674195923,Micro (<10 ha)
3.0005405405396597,1200.108108107932,1.9544100555414663,399.96397045583245,Micro (<10 ha)
4.000720720719546,1200.108108107932,1.6925687575106654,299.97297784187435,Micro (<10 ha)
5.751036036034347,1700.1441441439092,1.9998976380409101,295.6239768784776,Micro (<10 ha)
5.500990990989376,1600.1621621618979,1.9245916529057872,290.88616301734794,Micro (<10 ha)
2.5004504504497165,900.0900900899433,1.6057277827948484,359.97117636466595,Micro (<10 ha)
3.500630630629603,1300.108108107932,1.9602045389012566,371.39254188440384,Micro (<10 ha)
9.751756756753894,3100.27027026983,2.8006136018165506,317.9191552458112,Micro (<10 ha)
2.5004504504497165,1100.108108107932,1.962552607473177,439.9639704558324,Micro (<10 ha)
2.5004504504497165,700.054054053966,1.24887081463178,279.97117636466595,Micro (<10 ha)
4.500810810809489,1300.1441441439092,1.7287858262621947,288.86887247546247,Micro (<10 ha)
13.002342342340853,3400.3063063067384,2.660126628762089,261.51490375960753,Small (10-50 ha)
3.0005405405396597,1200.0900900899433,1.9543807126886847,399.9579655318045,Micro (<10 ha)
7.5013513513491485,1700.1261261259206,1.751081885869028,226.64264697055498,Micro (<10 ha)
5.250945945944404,1500.1261261259206,1.8467328261607736,285.68683463301517,Micro (<10 ha)
2.750495495494688,1000.0900900899433,1.7010956062245182,363.60360950530224,Micro (<10 ha)
2.750495495494688,900.0720720719546,1.5309707217969726,327.23997314166587,Micro (<10 ha)
3.250585585584631,1000.0900900899433,1.564780369859764,307.66459265833265,Micro (<10 ha)
2.750495495494688,1000.0720720719546,1.7010649586143307,363.59705867908997,Micro (<10 ha)
27.504954954948044,8100.774774773978,4.357286902096664,294.52056140585233,Small (10-50 ha)
3.250585585584631,1200.0720720719546,1.8776800604295978,369.18642517640916,Micro (<10 ha)
6.501171171169262,2000.1981981978752,2.212953555733858,307.6673641617302,Micro (<10 ha)
14.502612612608354,4800.378378377762,3.5558826141298954,331.0009380106026,Small (10-50 ha)
2.5004504504497165,800.054054053966,1.4272671552285743,319.9639704558324,Micro (<10 ha)
8.751576576576335,2800.2522522527725,2.670232482084502,319.97117636468727,Micro (<10 ha)
3.000540540543152,900.0720720728859,1.4657928702303724,299.9699753798216,Micro (<10 ha)
2.7504954954993446,1100.090090090409,1.8711898430410845,399.96069504221845,Micro (<10 ha)
2.500450450456701,1100.090090090409,1.9625204639865266,439.95676454595616,Micro (<10 ha)
20.503693693693496,4300.396396396682,2.679091241754727,209.73764340419274,Small (10-50 ha)
3.000540540541988,1200.090090090409,1.9543807126886847,399.95796553164934,Micro (<10 ha)
3.2505855855857955,1300.1441441443749,2.0342567683696466,399.972284966025,Micro (<10 ha)
36.25653153153369,8300.720720721409,3.8888191134587227,228.94414799446426,Small (10-50 ha)
2.500450450453209,700.0720720724203,1.2489029581164781,279.97838227329464,Micro (<10 ha)
5.000900900906418,1400.1081081088632,1.7661700437041399,279.97117636446114,Micro (<10 ha)
2.5004504504508804,1100.090090090409,1.962520463988811,439.9567645469803,Micro (<10 ha)
8.50153153153835,2700.216216216795,2.6124321761466827,317.61526804902553,Micro (<10 ha)
6.751216216220055,2400.1621621623635,2.6058213883491073,355.51552272846516,Micro (<10 ha)
2.750495495494688,800.054054053966,1.3608458373694272,290.8763367780295,Micro (<10 ha)
17.253108108110027,5000.486486486625,3.396046703284994,289.83105276759306,Small (10-50 ha)
7.001261261261534,2300.2162162163295,2.4523112288167677,328.5431196438256,Micro (<10 ha)
2.5004504504497165,1000.0900900899433,1.7841241233916427,399.9639704558324,Micro (<10 ha)
3.7506756756745743,1000.0720720719546,1.4567050016545635,266.63784303133264,Micro (<10 ha)
4.00072072072071,1500.1441441443749,2.1157236527166443,374.9684741488607,Micro (<10 ha)
2.5004504504508804,1000.1261261263862,1.7841884103615377,399.9783822734995,Micro (<10 ha)
10.501891891893465,3100.2702702702954,2.6987387941516015,295.21064415673817,Small (10-50 ha)
20.253648648643868,6400.5765765761025,4.01201483261805,316.02091492806994,Small (10-50 ha)
6.251126126124291,1700.108108107932,1.9181937685335646,271.96829400113256,Micro (<10 ha)
3.250585585584631,1100.0720720719546,1.721216119294151,338.42273741397344,Micro (<10 ha)
5.000900900899433,1200.1261261259206,1.5139022482305127,239.9819852279162,Micro (<10 ha)
4.000720720719546,1200.108108107932,1.6925687575106654,299.97297784187435,Micro (<10 ha)
4.0007207207218745,1600.1621621623635,2.256783755003482,399.968474148737,Micro (<10 ha)
3.250585585584631,1300.108108107932,2.0342003849671633,399.961198952435,Micro (<10 ha)
14.75265765766264,3900.324324324727,2.864578033011146,264.3811315108278,Small (10-50 ha)
17.003063063061564,4000.396396396216,2.736746129726244,235.27504318247858,Small (10-50 ha)
4.750855855854461,1300.108108107932,1.6826299227322874,273.65766244113973,Micro (<10 ha)
4.000720720719546,1200.0900900899433,1.6925433458547372,299.96847414885343,Micro (<10 ha)
4.000720720719546,1100.0900900899433,1.5515086552234791,274.97297784187435,Micro (<10 ha)
3.0005405405396597,1200.1261261259206,1.9544393983942476,399.96997537986033,Micro (<10 ha)
4.000720720719546,1700.1621621618979,2.39781844563474,424.9639704558325,Micro (<10 ha)
2.750495495494688,900.0900900899433,1.53100136940716,327.24652396787815,Micro (<10 ha)
5.250945945944404,1600.1621621618979,1.969882358942882,304.7378850657931,Micro (<10 ha)
5.000900900899433,1800.1801801798865,2.2708420079077536,359.97117636466595,Micro (<10 ha)
3.0005405405396597,1300.0900900899433,2.1172335458907496,433.2852939411099,Micro (<10 ha)
3.0005405405396597,1000.1081081079319,1.6287043891373365,333.30931363722163,Micro (<10 ha)
4.250765765764518,1600.1981981978752,2.189451140221278,376.44939438578376,Micro (<10 ha)
30.505495495493523,6700.594594594091,3.4223101779052607,219.65204910649453,Small (10-50 ha)
5.500990990989376,1700.1261261259206,2.0448230989341103,309.0581549598477,Micro (<10 ha)
12.25220720720361,4100.360360359773,3.304531742285796,334.6629950845911,Small (10-50 ha)
2.5004504504497165,1100.0900900899433,1.962520463988437,439.9567645469989,Micro (<10 ha)
2.750495495494688,1000.1081081079319,1.7011262538347056,363.6101603315145,Micro (<10 ha)
13.002342342340853,3900.3603603602387,3.0513287691518953,299.97367071770583,Small (10-50 ha)
2.5004504504497165,1000.0900900899433,1.7841241233916427,399.9639704558324,Micro (<10 ha)
2.750495495494688,900.0720720719546,1.5309707217969726,327.23997314166587,Micro (<10 ha)
4.500810810809489,1500.1621621618979,1.9947473476089237,333.30931363722163,Micro (<10 ha)
67.2621171171125,16901.549549549818,5.813481898041337,251.27888139652103,Medium (50-200 ha)
8.501531531529036,2200.198198197875,2.128669745909617,258.80021617730335,Micro (<10 ha)
2.5004504504497165,1000.1261261259206,1.7841884103611223,399.97838227349945,Micro (<10 ha)
9.751756756753894,2200.198198197875,1.987538009074589,225.62070128277728,Micro (<10 ha)
3.500630630629603,900.0720720719546,1.3570605013619637,257.117121754166,Micro (<10 ha)
27.254909909901908,5700.414414413739,3.0802014585324606,209.1518347797854,Small (10-50 ha)
3.0005405405396597,900.0900900899433,1.4658222130824903,299.97598030388826,Micro (<10 ha)
4.500810810809489,1600.1261261259206,2.1276682124348616,355.519526011388,Micro (<10 ha)
3.250585585584631,1300.1441441439092,2.0342567683692825,399.972284966025,Micro (<10 ha)
2.750495495494688,900.0720720719546,1.5309707217969726,327.23997314166587,Micro (<10 ha)
5.250945945944404,1700.1621621618979,2.092987529501438,323.7820727282533,Micro (<10 ha)
12.752297297293554,3500.306306305807,2.765074925634782,274.4843713021562,Small (10-50 ha)
16.502972972968127,3400.3423423417844,2.361220892401876,206.04422899507537,Small (10-50 ha)
4.00072072072071,1300.1081081083976,1.8336034481423131,324.96847414887526,Micro (<10 ha)
2.5004504504520444,800.0900900904089,1.4273314421982202,319.97838227338775,Micro (<10 ha)
4.500810810810654,1300.1081081083976,1.7287379095846491,288.86086591012065,Micro (<10 ha)
4.50081081081531,1600.1441441443749,2.1276921707730754,355.52352929371693,Micro (<10 ha)
73.0131531531585,12601.17117117159,4.160115867672383,172.58768628630955,Medium (50-200 ha)
5.000900900906418,1800.1261261263862,2.2707738212786635,359.96036750100603,Micro (<10 ha)
2.750495495497016,1200.090090090409,2.0412840798591625,436.31778057995035,Micro (<10 ha)
3.5006306306365875,1300.090090090409,1.960177372697113,371.38739480605767,Micro (<10 ha)
4.750855855859117,1100.1081081088632,1.4237853063137733,231.5599844504072,Micro (<10 ha)
2.500450450455537,1100.090090090409,1.9625204639869835,439.95676454616097,Micro (<10 ha)
2.5004504504508804,800.0720720724203,1.4272992987138127,319.97117636470324,Micro (<10 ha)
4.750855855859117,1400.1441441443749,1.8120988696110618,294.71408660349283,Micro (<10 ha)
7.251306306313491,2600.216216216795,2.7239328990818095,358.5859025087475,Micro (<10 ha)
5.250945945949061,1200.1081081083976,1.4773951333732478,228.55084026036167,Micro (<10 ha)
44.00792792793247,9300.882882883772,3.9550664392285775,211.34562159152162,Small (10-50 ha)
19.753558558559742,5200.432432432659,3.300744087361153,263.2655993104176,Small (10-50 ha)
6.00108108108514,2100.162162163295,2.4184279333171226,349.9639704557258,Micro (<10 ha)
12.25220720721758,3100.252252252307,2.4985320987143758,253.03622439767403,Small (10-50 ha)
5.751036036036676,2300.2162162163295,2.705768798274389,399.9655369576718,Micro (<10 ha)
43.00774774775025,5300.432432432193,2.2799904125655552,123.24366445600398,Small (10-50 ha)
3.5006306306319313,1300.1261261263862,1.960231705104196,371.3976889620281,Micro (<10 ha)
3.2505855855857955,1200.1261261263862,1.8777646355331685,369.2030541968052,Micro (<10 ha)
7.001261261267355,1900.1801801803522,2.025823989839729,271.40540957850004,Micro (<10 ha)
3.250585585584631,1000.0720720719546,1.5647521781587044,307.65904965153766,Micro (<10 ha)
3.250585585584631,1000.0720720719546,1.5647521781587044,307.65904965153766,Micro (<10 ha)
2.750495495494688,800.0900900899433,1.360907132589802,290.88943843045405,Micro (<10 ha)
5.500990990989376,2000.1261261259206,2.4056474638170235,363.5937832659838,Micro (<10 ha)
3.0005405405396597,1000.0720720719546,1.6286457034317738,333.29730378916577,Micro (<10 ha)
4.750855855855625,1700.1621621623635,2.2003891135749876,357.8643961733429,Micro (<10 ha)
2.5004504504497165,900.1081081079319,1.6057599262795883,359.97838227349945,Micro (<10 ha)
5.250945945944404,1700.1261261259206,2.0929431672778858,323.77520995793566,Micro (<10 ha)
2.750495495494688,800.0900900899433,1.360907132589802,290.88943843045405,Micro (<10 ha)
7.501351351352642,2800.288288288284,2.8842178362409783,373.30450969788757,Micro (<10 ha)
3.250585585584631,1000.0720720719546,1.5647521781587044,307.65904965153766,Micro (<10 ha)
4.250765765764518,1700.1441441439092,2.326200928815265,399.9618510708814,Micro (<10 ha)
2.750495495494688,1100.0900900899433,1.8711898430418763,399.96069504272634,Micro (<10 ha)
3.0005405405396597,1000.1081081079319,1.6287043891373365,333.30931363722163,Micro (<10 ha)
3.250585585584631,1100.108108107932,1.72127250269627,338.4338234275634,Micro (<10 ha)
18.503333333334886,4300.432432432659,2.8202149482179006,232.41393077457926,Small (10-50 ha)
2.5004504504497165,1100.0900900899433,1.962520463988437,439.9567645469989,Micro (<10 ha)
2.750495495494688,900.0720720719546,1.5309707217969726,327.23997314166587,Micro (<10 ha)
7.501351351350313,2200.234234234318,2.266179110496752,293.31171560684936,Micro (<10 ha)
9.25166666666395,2500.198198197875,2.3187798480923334,270.2430046692786,Micro (<10 ha)
163.77950450451928,28902.324324325193,6.370860001833531,176.47094739822998,Medium (50-200 ha)
10.751936936934944,2500.2702702702954,2.150991383329018,232.54138160738205,Small (10-50 ha)
27.50495495495503,7300.666666666511,3.9269205881758684,265.43096248013643,Small (10-50 ha)
5.250945945944404,1800.1621621618979,2.216092700059994,342.8262603907135,Micro (<10 ha)
4.750855855854461,1600.1621621618979,2.0709668053651433,336.8155571779818,Micro (<10 ha)
5.751036036034347,1900.1801801798865,2.2352021546428595,330.40658557412974,Micro (<10 ha)
5.500990990989376,1500.108108107932,1.8042518512125107,272.6977940093175,Micro (<10 ha)
2.5004504504497165,1000.0900900899433,1.7841241233916427,399.9639704558324,Micro (<10 ha)
4.500810810809489,1600.1441441439092,2.127692170773832,355.5235292940733,Micro (<10 ha)
2.750495495494688,1100.0900900899433,1.8711898430418763,399.96069504272634,Micro (<10 ha)
2.5004504504497165,1000.1081081079319,1.7841562668763826,399.97117636466595,Micro (<10 ha)
7.001261261259206,2300.216216215864,2.452311228816679,328.54311964386835,Micro (<10 ha)
3.250585585584631,1400.1261261259206,2.1906925178036696,430.7304297216657,Micro (<10 ha)
13.502432432428469,4000.414414413739,3.07110061593269,296.2736110277463,Small (10-50 ha)
4.750855855854461,1700.1801801798865,2.200412432909429,357.8681887569292,Micro (<10 ha)
5.500990990989376,1800.1261261259206,2.1650978872284146,327.2366977285597,Micro (<10 ha)
12.752297297293554,4400.360360359773,3.4760746721704288,345.0641290564697,Small (10-50 ha)
3.500630630629603,1200.0900900899433,1.8094049464149884,342.8211133129753,Micro (<10 ha)
2.5004504504497165,1100.108108107932,1.962552607473177,439.9639704558324,Micro (<10 ha)
4.750855855854461,1700.1801801798865,2.200412432909429,357.8681887569292,Micro (<10 ha)
8.501531531529036,2400.2882882878184,2.322254906364551,282.3359860968623,Micro (<10 ha)
2.5004504504497165,1000.1081081079319,1.7841562668763826,399.97117636466595,Micro (<10 ha)
3.7506756756745743,1400.1261261259206,2.0394237453799335,373.29970575877695,Micro (<10 ha)
3.0005405405396597,1200.1261261259206,1.9544393983942476,399.96997537986033,Micro (<10 ha)
4.750855855854461,1600.1441441439092,2.070943486030369,336.81176459438524,Micro (<10 ha)
3.2505855855869594,1200.090090090409,1.8777082521307131,369.191968183083,Micro (<10 ha)
5.250945945949061,1900.1621621623635,2.3391978706180865,361.8704480529415,Micro (<10 ha)
7.00126126126037,2200.180180180352,2.3456606049634896,314.25483181929917,Micro (<10 ha)
2.5004504504508804,1100.1081081083976,1.9625526074735506,439.96397045581386,Micro (<10 ha)
4.000720720726531,1400.1081081083976,1.9746381387721146,349.9639704553378,Micro (<10 ha)
77.76400900901528,23802.198198196944,7.614174299594564,306.0824474139126,Medium (50-200 ha)
3.000540540541988,900.0900900904089,1.46582221308268,299.97598030381073,Micro (<10 ha)
2.750495495497016,1100.090090090409,1.8711898430418763,399.96069504255706,Micro (<10 ha)
5.000900900905253,1500.1261261263862,1.8923380347545735,299.9711763644099,Micro (<10 ha)
3.000540540543152,1000.0900900904089,1.6286750462843655,333.3033087129609,Micro (<10 ha)
4.000720720725367,1000.0720720724203,1.4104485529359236,249.97297784162703,Micro (<10 ha)
3.750675675679231,1200.1261261263862,1.7481037410849254,319.9759803036152,Micro (<10 ha)
2.7504954955005085,1000.0720720724203,1.7010649586133229,363.5970586784898,Micro (<10 ha)
38.25689189189812,8700.77477477584,3.9682420325371677,227.43025751703715,Small (10-50 ha)
2.500450450453209,800.0720720724203,1.4272992987131479,319.97117636440527,Micro (<10 ha)
8.251486486487556,2400.234234234784,2.357124909216844,290.88507121296897,Micro (<10 ha)
4.75085585586261,1200.090090090409,1.5531842951872727,252.60503086185707,Micro (<10 ha)
3.500630630633095,1200.1081081083976,1.8094321126176773,342.8262603905045,Micro (<10 ha)
9.751756756756222,3100.2702702702954,2.8006136018166368,317.9191552457831,Micro (<10 ha)
7.0012612612638625,2600.216216216795,2.7721478439395266,371.39254188428987,Micro (<10 ha)
16.502972972980935,3800.3423423427157,2.6389836179952666,230.28228601990247,Small (10-50 ha)
64.2615765765775,11701.045045044739,4.117598823168195,182.08462456723504,Medium (50-200 ha)
9.501711711715906,2500.198198199272,2.2880661761517196,263.13134665161965,Micro (<10 ha)
5.250945945953718,1800.1081081083976,2.2160261567232737,342.81596623471773,Micro (<10 ha)
14.002522522525396,3800.3603603607044,2.864947761413073,271.4054095786806,Small (10-50 ha)
3.250585585588124,900.0720720724203,1.4082882370232297,276.8953618889476,Micro (<10 ha)
2.750495495494688,1100.054054053966,1.8711285478215014,399.94759339030173,Micro (<10 ha)
65.01171171171823,11400.954954954796,3.9887838002003275,175.367709213843,Medium (50-200 ha)
6.75121621621889,1300.1081081083976,1.411508592495706,192.5739106066641,Micro (<10 ha)
8.50153153153602,2300.198198198341,2.225418745506242,270.56280267453775,Micro (<10 ha)
49.508918918916024,7600.70270270342,3.0472430281849796,153.52188794814091,Small (10-50 ha)
5.250945945944404,1200.0720720719546,1.4773507711497769,228.54397749015806,Micro (<10 ha)
312607.5655406894,15282376.16217067,77.10565150102813,48.88677641482575,Core (>500 ha)
